player_id,name,grade,boundary,kind,seasons,baseline_games,baseline_innings,baseline_runs,baseline_wickets,baseline_catches,central_games,central_innings,central_runs,central_wickets,central_catches,peeled_games,peeled_innings,peeled_runs,peeled_wickets,peeled_catches,double_counted_games,double_counted_innings,double_counted_runs,double_counted_wickets,double_counted_catches
1,Chris Phelps,A Grade,2003,PEELED_CENTRAL_SEASONS,2003 2004 2005 2006 2007 2008 2009 2010 2011 2012 2013 2014 2015 2017 2018 2019 2020 2021 2022 2023 2024 2025,103,94,2168,131,127,286,221,5021,440,70,268,221,5021,440,0,0,0,0,0,0
1,Chris Phelps,A Grade,2003,UNCOVERED_CENTRAL_SEASONS,2016,103,94,2168,131,127,1,0,0,0,0,19,0,0,0,70,0,0,0,0,0
1,Chris Phelps,B Grade,2004,PEELED_CENTRAL_SEASONS,2004 2007 2010 2012 2013 2015 2020 2021 2023 2024 2025,0,0,0,0,5,30,20,526,39,7,28,19,461,35,0,0,0,0,0,0
1,Chris Phelps,C Grade,2004,PEELED_CENTRAL_SEASONS,2015,0,0,0,0,0,1,1,6,2,0,1,1,6,2,0,0,0,0,0,0
1,Chris Phelps,E Grade,2009,PEELED_CENTRAL_SEASONS,2025,0,0,0,0,0,2,1,83,0,0,2,1,0,0,0,0,0,0,0,0
1,Chris Phelps,PPL,2013,PEELED_CENTRAL_SEASONS,2019 2021,0,0,0,0,0,2,1,10,3,0,1,0,0,1,0,0,0,0,0,0
2,Dale Burns,A Grade,2003,PEELED_CENTRAL_SEASONS,2003 2004 2005 2006 2007 2008 2009 2010 2011 2018 2019,116,112,4578,125,90,129,107,2562,169,10,123,107,2562,169,0,0,0,0,0,0
2,Dale Burns,B Grade,2004,PEELED_CENTRAL_SEASONS,2004 2007 2010 2011 2012 2014 2019 2020,2,2,77,1,10,28,26,541,25,0,24,23,452,19,0,0,0,0,0,0
2,Dale Burns,B Grade,2004,UNCOVERED_CENTRAL_SEASONS,2017,2,2,77,1,10,2,2,77,1,0,2,2,77,1,0,0,0,0,0,0
2,Dale Burns,C Grade,2004,PEELED_CENTRAL_SEASONS,2007 2013 2014 2015 2016 2017,2,0,0,0,26,66,56,1899,34,1,62,55,1899,34,0,0,0,0,0,0
2,Dale Burns,D Grade,2005,PEELED_CENTRAL_SEASONS,2007 2012 2014 2018 2019 2021,0,0,0,0,3,29,26,1128,25,0,17,16,874,17,0,0,0,0,0,0
2,Dale Burns,E Grade,2009,PEELED_CENTRAL_SEASONS,2022 2024,0,0,4,0,0,6,5,108,7,0,6,5,108,7,0,0,0,0,0,0
3,Darren Jeffrey,A Grade,2003,PEELED_CENTRAL_SEASONS,2006 2011,0,0,0,0,0,2,1,10,1,0,2,1,10,1,0,0,0,0,0,0
3,Darren Jeffrey,B Grade,2004,PEELED_CENTRAL_SEASONS,2004 2005 2006 2007 2008 2009 2010 2011 2012 2013 2018,32,31,474,70,15,89,81,1564,62,12,84,81,1564,62,0,0,0,0,0,0
3,Darren Jeffrey,C Grade,2004,PEELED_CENTRAL_SEASONS,2006 2007 2008 2009 2010 2012 2013 2014 2015 2016 2017,2,1,14,1,31,117,104,2780,133,22,113,104,2780,133,0,0,0,0,0,0
3,Darren Jeffrey,D Grade,2005,PEELED_CENTRAL_SEASONS,2012 2014 2015 2016 2017 2018 2019 2020 2022 2024 2025,16,0,0,0,0,65,61,1219,63,7,64,46,1012,3,0,0,0,0,0,0
3,Darren Jeffrey,E Grade,2009,PEELED_CENTRAL_SEASONS,2021 2022 2023 2024 2025,0,0,0,0,7,53,36,544,59,8,46,33,462,54,0,0,0,0,0,0
3,Darren Jeffrey,F Grade,2013,PEELED_CENTRAL_SEASONS,2020 2023,0,0,0,0,0,8,8,159,13,0,8,2,22,2,0,0,0,0,0,0
4,Matthew Guyton,A Grade,2003,PEELED_CENTRAL_SEASONS,2003 2004 2005 2006 2007 2008 2009 2010 2018 2023,5,2,0,0,26,89,49,396,112,13,85,49,393,112,0,0,0,0,0,0
4,Matthew Guyton,B Grade,2004,PEELED_CENTRAL_SEASONS,2004 2005 2006 2007 2010 2011 2014 2018 2019 2020 2022 2023,0,0,0,0,11,79,47,336,82,11,75,46,323,75,0,0,0,0,0,0
4,Matthew Guyton,C Grade,2004,PEELED_CENTRAL_SEASONS,2005 2006 2011 2013 2014 2015 2017 2022,0,0,0,0,21,73,55,707,55,13,68,54,707,54,0,0,0,0,0,0
4,Matthew Guyton,D Grade,2005,PEELED_CENTRAL_SEASONS,2012 2014 2015 2017 2019 2020 2021,0,0,0,0,6,60,50,784,62,11,46,30,609,20,0,0,0,0,0,0
4,Matthew Guyton,E Grade,2009,PEELED_CENTRAL_SEASONS,2022 2024 2025,0,0,0,0,14,38,24,512,28,16,35,23,281,27,0,0,0,0,0,0
4,Matthew Guyton,F Grade,2013,PEELED_CENTRAL_SEASONS,2016,0,0,0,0,0,13,11,367,13,0,13,0,0,0,0,0,0,0,0,0
5,Colin Birdsall,B Grade,2004,PEELED_CENTRAL_SEASONS,2015,49,41,101,3,2,1,1,0,0,0,1,1,0,0,0,0,0,0,0,0
5,Colin Birdsall,B Grade,2004,UNCOVERED_CENTRAL_SEASONS,2013,49,41,101,3,2,1,0,0,0,0,1,0,0,0,0,0,0,0,0,0
5,Colin Birdsall,C Grade,2004,PEELED_CENTRAL_SEASONS,2004 2006,58,47,130,18,6,6,1,0,0,0,2,1,0,0,0,0,0,0,0,0
5,Colin Birdsall,D Grade,2005,PEELED_CENTRAL_SEASONS,2005 2006 2007 2008 2011 2017 2018 2019,0,0,0,0,3,79,56,174,23,0,75,47,148,9,0,0,0,0,0,0
5,Colin Birdsall,E Grade,2009,PEELED_CENTRAL_SEASONS,2009 2010 2011 2012 2017 2022,0,0,0,0,3,77,41,94,42,1,77,35,83,29,0,0,0,0,0,0
5,Colin Birdsall,F Grade,2013,PEELED_CENTRAL_SEASONS,2013 2014 2015 2016 2020 2021,0,0,0,0,0,89,31,59,53,0,71,18,26,14,0,0,0,0,0,0
6,Peter Wyllie,A Grade,2003,PEELED_CENTRAL_SEASONS,2003 2004 2005 2006 2009,188,186,5589,182,65,75,68,2111,78,11,72,68,2111,78,0,0,0,0,0,0
6,Peter Wyllie,B Grade,2004,PEELED_CENTRAL_SEASONS,2005 2006 2010 2011,9,9,322,16,5,13,13,338,9,0,13,13,338,9,0,0,0,0,0,0
6,Peter Wyllie,C Grade,2004,PEELED_CENTRAL_SEASONS,2006 2007 2008 2011 2012 2013 2015,0,0,0,2,20,61,55,2414,54,17,57,55,2389,54,0,0,0,0,0,0
6,Peter Wyllie,D Grade,2005,PEELED_CENTRAL_SEASONS,2014 2019,0,0,0,0,0,3,3,11,2,1,3,2,10,0,0,0,0,0,0,0
7,Matthew Lloyd,B Grade,2004,PEELED_CENTRAL_SEASONS,2004 2005 2006 2007 2008 2011 2013 2014 2018 2019 2020,8,7,87,0,10,42,41,388,0,8,41,41,388,0,0,0,0,0,0,0
7,Matthew Lloyd,C Grade,2004,PEELED_CENTRAL_SEASONS,2006 2007 2008 2009 2010 2011 2012 2013 2014 2015 2016 2017,37,35,326,4,34,96,88,1894,0,23,92,88,1894,0,0,0,0,0,0,0
7,Matthew Lloyd,C Grade,2004,UNCOVERED_CENTRAL_SEASONS,2004,37,35,326,4,34,1,0,0,0,0,5,0,0,0,23,0,0,0,0,0
7,Matthew Lloyd,D Grade,2005,PEELED_CENTRAL_SEASONS,2005 2008 2010 2011 2012 2013 2016 2017 2018 2019 2020 2021 2022,0,0,0,0,19,103,98,2297,2,43,95,64,1586,2,0,0,0,0,0,0
7,Matthew Lloyd,E Grade,2009,PEELED_CENTRAL_SEASONS,2010 2012 2021,0,0,0,0,0,9,9,183,0,1,9,9,183,0,0,0,0,0,0,0
7,Matthew Lloyd,F Grade,2013,PEELED_CENTRAL_SEASONS,2021,0,0,0,0,0,1,1,69,0,0,1,1,69,0,0,0,0,0,0,0
8,Roger Wren,A Grade,2003,PEELED_CENTRAL_SEASONS,2003 2004 2007 2008,168,87,416,239,59,49,29,157,72,1,49,29,157,72,0,0,0,0,0,0
8,Roger Wren,B Grade,2004,PEELED_CENTRAL_SEASONS,2005 2007 2008 2009 2010,0,0,0,0,25,44,42,777,58,18,43,41,767,57,0,0,0,0,0,0
8,Roger Wren,C Grade,2004,PEELED_CENTRAL_SEASONS,2005 2006,0,0,0,0,12,32,31,674,31,12,31,31,674,31,0,0,0,0,0,0
9,Grant Matthews,A Grade,2003,PEELED_CENTRAL_SEASONS,2006 2007 2008 2011 2013 2015 2016 2018,0,0,0,0,1,13,13,157,6,1,13,13,157,6,0,0,0,0,0,0
9,Grant Matthews,B Grade,2004,PEELED_CENTRAL_SEASONS,2006 2007 2008 2009 2010 2011 2012 2013 2014 2015 2016 2018 2023,8,15,272,4,29,170,155,3206,168,12,162,155,3206,168,0,0,0,0,0,0
9,Grant Matthews,B Grade,2004,UNCOVERED_CENTRAL_SEASONS,2017,8,15,272,4,29,8,8,217,4,2,8,8,217,4,14,0,0,0,0,0
9,Grant Matthews,C Grade,2004,PEELED_CENTRAL_SEASONS,2014 2022,0,1,0,0,0,6,5,27,1,1,6,5,27,1,0,0,0,0,0,0
9,Grant Matthews,D Grade,2005,PEELED_CENTRAL_SEASONS,2006 2017 2020 2021 2022 2023 2024 2025,0,3,0,0,6,52,47,822,23,8,50,47,822,23,0,0,0,0,0,0
9,Grant Matthews,E Grade,2009,PEELED_CENTRAL_SEASONS,2021 2022 2024 2025,0,1,0,0,2,29,28,741,4,4,29,28,741,4,0,0,0,0,0,0
9,Grant Matthews,F Grade,2013,PEELED_CENTRAL_SEASONS,2021,0,0,0,0,0,1,1,55,0,0,1,1,55,0,0,0,0,0,0,0
10,Chris Baker,A Grade,2003,PEELED_CENTRAL_SEASONS,2003 2004 2005 2006 2011,68,57,876,0,93,37,29,366,1,0,37,29,366,1,0,0,0,0,0,0
10,Chris Baker,B Grade,2004,PEELED_CENTRAL_SEASONS,2004 2005 2006 2007 2011,26,26,969,0,41,44,42,838,0,0,44,42,838,0,0,0,0,0,0,0
10,Chris Baker,B Grade,2004,UNCOVERED_CENTRAL_SEASONS,2008,26,26,969,0,41,1,0,0,0,0,1,0,0,0,0,0,0,0,0,0
10,Chris Baker,C Grade,2004,PEELED_CENTRAL_SEASONS,2007 2008 2009 2010 2011 2013,0,0,0,0,57,73,58,1143,0,0,70,56,1085,0,0,0,0,0,0,0
10,Chris Baker,D Grade,2005,PEELED_CENTRAL_SEASONS,2014 2015,0,0,0,0,0,9,8,135,0,0,9,8,135,0,0,0,0,0,0,0
10,Chris Baker,E Grade,2009,PEELED_CENTRAL_SEASONS,2015,0,0,0,0,0,9,5,67,0,0,7,0,0,0,0,0,0,0,0,0
11,Kyle Jeffrey,A Grade,2003,PEELED_CENTRAL_SEASONS,2011 2013 2014 2015 2018,0,0,0,0,11,48,20,64,64,10,46,20,64,64,0,0,0,0,0,0
11,Kyle Jeffrey,B Grade,2004,PEELED_CENTRAL_SEASONS,2006 2007 2009 2010 2011 2012 2013 2014 2015 2018 2023 2024 2025,20,13,69,37,16,99,63,799,120,6,91,61,786,110,0,0,0,0,0,0
11,Kyle Jeffrey,B Grade,2004,UNCOVERED_CENTRAL_SEASONS,2017,20,13,69,37,16,20,13,69,37,8,20,13,69,37,14,0,0,0,0,0
11,Kyle Jeffrey,C Grade,2004,PEELED_CENTRAL_SEASONS,2006 2007 2008 2009 2010 2013,0,0,0,0,18,32,16,117,31,12,31,16,117,31,0,0,0,0,0,0
11,Kyle Jeffrey,C Grade,2004,UNCOVERED_CENTRAL_SEASONS,2011,0,0,0,0,18,1,0,0,0,1,0,0,0,0,13,0,0,0,0,0
11,Kyle Jeffrey,D Grade,2005,PEELED_CENTRAL_SEASONS,2006 2007 2008 2013 2018 2024 2025,0,0,9,0,19,49,29,394,63,19,48,28,394,63,0,0,0,0,0,0
11,Kyle Jeffrey,E Grade,2009,PEELED_CENTRAL_SEASONS,2013,1,0,0,0,2,7,6,97,8,2,6,6,97,8,0,0,0,0,0,0
11,Kyle Jeffrey,F Grade,2013,PEELED_CENTRAL_SEASONS,2013,0,0,0,0,0,1,1,23,0,0,1,1,23,0,0,0,0,0,0,0
12,Peter Boyce,A Grade,2003,PEELED_CENTRAL_SEASONS,2013 2014 2016 2018 2019,0,0,0,0,5,13,5,12,16,1,11,5,12,16,0,0,0,0,0,0
12,Peter Boyce,B Grade,2004,PEELED_CENTRAL_SEASONS,2011 2012 2013 2014 2015 2016 2018 2019 2020 2021 2022 2025,12,12,82,23,21,100,67,532,164,1,90,67,530,157,0,0,0,0,0,0
12,Peter Boyce,B Grade,2004,UNCOVERED_CENTRAL_SEASONS,2017,12,12,82,23,21,12,12,82,23,0,12,12,82,23,1,0,0,0,0,0
12,Peter Boyce,C Grade,2004,PEELED_CENTRAL_SEASONS,2007 2008 2009 2010 2011 2012 2014 2015 2017,0,0,0,0,27,78,66,876,125,0,75,66,876,125,0,0,0,0,0,0
12,Peter Boyce,D Grade,2005,PEELED_CENTRAL_SEASONS,2007 2008 2009 2014 2018 2019 2021 2024,0,0,0,0,11,33,24,304,46,0,29,16,220,30,0,0,0,0,0,0
12,Peter Boyce,E Grade,2009,PEELED_CENTRAL_SEASONS,2010 2024 2025,0,0,0,0,6,22,13,270,49,1,22,13,266,49,0,0,0,0,0,0
12,Peter Boyce,E Grade,2009,UNCOVERED_CENTRAL_SEASONS,2021,0,0,0,0,6,1,0,0,0,0,0,0,0,0,1,0,0,0,0,0
12,Peter Boyce,F Grade,2013,PEELED_CENTRAL_SEASONS,2025,0,0,0,0,0,1,1,21,0,0,1,1,21,0,0,0,0,0,0,0
13,Dean Finlay,B Grade,2004,PEELED_CENTRAL_SEASONS,2004 2005 2006 2007 2008 2013,10,11,100,2,7,45,44,432,4,6,45,44,432,4,0,0,0,0,0,0
13,Dean Finlay,C Grade,2004,PEELED_CENTRAL_SEASONS,2005 2006 2007 2008 2009 2014 2017,5,6,49,0,18,65,60,972,4,11,62,60,972,4,0,0,0,0,0,0
13,Dean Finlay,C Grade,2004,UNCOVERED_CENTRAL_SEASONS,2004,5,6,49,0,18,6,0,0,0,0,5,0,0,0,11,0,0,0,0,0
13,Dean Finlay,D Grade,2005,PEELED_CENTRAL_SEASONS,2012 2013 2015 2016 2017 2018,0,0,0,0,8,103,101,1731,0,14,88,87,1465,0,0,0,0,0,0,0
13,Dean Finlay,E Grade,2009,PEELED_CENTRAL_SEASONS,2009 2010 2013,0,0,0,0,4,21,20,326,4,2,21,20,326,4,0,0,0,0,0,0
14,Martin Crump,C Grade,2004,PEELED_CENTRAL_SEASONS,2004 2007 2008 2009,0,0,32,1,4,18,17,224,2,3,12,12,224,2,0,0,0,0,0,0
14,Martin Crump,D Grade,2005,PEELED_CENTRAL_SEASONS,2007 2008 2009 2010 2011 2012,1,0,0,0,14,63,61,1370,67,13,61,61,1370,67,0,0,0,0,0,0
14,Martin Crump,E Grade,2009,PEELED_CENTRAL_SEASONS,2012 2015,0,0,0,0,0,3,3,38,4,0,3,2,23,4,0,0,0,0,0,0
14,Martin Crump,F Grade,2013,PEELED_CENTRAL_SEASONS,2013 2014 2015 2016,0,0,0,0,4,54,50,1619,8,6,51,9,227,5,0,0,0,0,0,0
15,Ashley Wyborn,B Grade,2004,PEELED_CENTRAL_SEASONS,2018 2019 2020 2021 2023,0,0,0,0,1,19,18,167,0,0,18,18,167,0,0,0,0,0,0,0
15,Ashley Wyborn,C Grade,2004,PEELED_CENTRAL_SEASONS,2012 2017,0,0,0,0,7,10,10,93,0,0,10,10,93,0,0,0,0,0,0,0
15,Ashley Wyborn,D Grade,2005,PEELED_CENTRAL_SEASONS,2009 2011 2012 2017 2018 2019 2020 2021,0,0,0,0,6,63,60,1082,5,0,53,15,134,0,0,0,0,0,0,0
15,Ashley Wyborn,E Grade,2009,PEELED_CENTRAL_SEASONS,2009 2010 2011 2012 2014 2017 2022 2023 2024,0,0,0,0,33,80,79,1098,15,0,77,70,987,12,0,0,0,0,0,0
15,Ashley Wyborn,F Grade,2013,PEELED_CENTRAL_SEASONS,2013 2014 2015 2016 2022,0,0,0,0,4,62,50,722,7,1,57,11,101,3,0,0,0,0,0,0
16,Leigh Burns,A Grade,2003,PEELED_CENTRAL_SEASONS,2006 2007 2014 2015 2017 2018 2019,114,111,3529,10,68,51,47,1037,0,0,48,47,1037,0,0,0,0,0,0,0
16,Leigh Burns,B Grade,2004,PEELED_CENTRAL_SEASONS,2007 2015 2020 2021,1,1,6,0,6,24,21,414,0,0,22,21,414,0,0,0,0,0,0,0
16,Leigh Burns,B Grade,2004,UNCOVERED_CENTRAL_SEASONS,2017,1,1,6,0,6,1,1,6,0,0,1,1,6,0,0,0,0,0,0,0
16,Leigh Burns,C Grade,2004,PEELED_CENTRAL_SEASONS,2013 2015 2016 2017,1,0,0,0,21,38,36,1608,0,0,36,36,1608,0,0,0,0,0,0,0
16,Leigh Burns,D Grade,2005,PEELED_CENTRAL_SEASONS,2012,0,0,0,0,4,8,6,142,0,0,8,6,142,0,0,0,0,0,0,0
16,Leigh Burns,D Grade,2005,UNCOVERED_CENTRAL_SEASONS,2021,0,0,0,0,4,1,0,0,0,0,0,0,0,0,0,0,0,0,0,0
17,Cameron Lucas,A Grade,2003,PEELED_CENTRAL_SEASONS,2008 2009 2010 2011 2013 2014 2016,0,0,0,0,10,42,33,219,39,6,46,38,230,41,0,0,0,0,0,0
17,Cameron Lucas,B Grade,2004,PEELED_CENTRAL_SEASONS,2008 2009 2010 2011 2012 2013 2014 2015 2016 2018 2019,9,9,145,19,39,108,98,1814,93,13,106,97,1797,88,0,0,0,0,0,0
17,Cameron Lucas,B Grade,2004,UNCOVERED_CENTRAL_SEASONS,2017,9,9,145,19,39,9,9,145,19,1,9,9,145,19,14,0,0,0,0,0
17,Cameron Lucas,C Grade,2004,PEELED_CENTRAL_SEASONS,2008 2010 2012 2015,0,0,0,0,6,9,8,283,7,5,9,8,283,7,0,0,0,0,0,0
17,Cameron Lucas,D Grade,2005,PEELED_CENTRAL_SEASONS,2006 2007 2008 2024 2025,0,0,0,0,10,30,17,204,36,5,26,17,149,36,0,0,0,0,0,0
17,Cameron Lucas,E Grade,2009,PEELED_CENTRAL_SEASONS,2024,0,0,0,0,0,1,0,0,4,1,1,0,0,4,0,0,0,0,0,0
17,Cameron Lucas,F Grade,2013,PEELED_CENTRAL_SEASONS,2025,0,0,0,0,0,1,1,19,0,0,1,1,19,0,0,0,0,0,0,0
18,Jason Young,A Grade,2003,PEELED_CENTRAL_SEASONS,2006 2012 2018,0,0,0,0,7,11,11,81,12,7,11,11,81,12,0,0,0,0,0,0
18,Jason Young,A Grade,2003,UNCOVERED_CENTRAL_SEASONS,2015,0,0,0,0,7,1,0,0,0,0,0,0,0,0,7,0,0,0,0,0
18,Jason Young,B Grade,2004,PEELED_CENTRAL_SEASONS,2006 2007 2008 2012 2013 2014 2015 2016 2018 2020 2023 2025,7,7,173,10,34,83,66,1204,51,20,76,63,1195,50,0,0,0,0,0,0
18,Jason Young,B Grade,2004,UNCOVERED_CENTRAL_SEASONS,2017,7,7,173,10,34,7,7,173,10,0,7,7,173,10,21,0,0,0,0,0
18,Jason Young,C Grade,2004,PEELED_CENTRAL_SEASONS,2008 2011 2012 2016,0,0,0,0,8,13,13,309,12,8,13,13,309,12,0,0,0,0,0,0
18,Jason Young,C Grade,2004,UNCOVERED_CENTRAL_SEASONS,2015,0,0,0,0,8,1,0,0,0,0,0,0,0,0,8,0,0,0,0,0
18,Jason Young,D Grade,2005,PEELED_CENTRAL_SEASONS,2019 2020 2021 2022 2023 2024,0,0,0,0,1,57,50,1298,34,5,51,23,267,12,0,0,0,0,0,0
18,Jason Young,E Grade,2009,PEELED_CENTRAL_SEASONS,2015 2023 2024 2025,0,0,0,0,4,25,19,792,24,8,22,17,569,20,0,0,0,0,0,0
19,Dennis Bland,B Grade,2004,PEELED_CENTRAL_SEASONS,2004 2005 2006 2007 2008,54,42,337,99,17,49,25,118,65,1,48,25,118,65,0,0,0,0,0,0
19,Dennis Bland,C Grade,2004,PEELED_CENTRAL_SEASONS,2004 2006 2007 2008 2009 2010 2011 2012 2014,0,0,0,0,15,102,51,291,213,1,95,47,263,195,0,0,0,0,0,0
19,Dennis Bland,D Grade,2005,PEELED_CENTRAL_SEASONS,2010 2015,0,0,0,0,0,11,4,10,30,0,10,3,10,0,0,0,0,0,0,0
20,James Woods,B Grade,2004,PEELED_CENTRAL_SEASONS,2013 2021,0,0,0,0,0,2,0,0,0,1,2,0,0,0,0,0,0,0,0,0
20,James Woods,C Grade,2004,PEELED_CENTRAL_SEASONS,2006 2008 2014 2015,0,0,0,0,10,12,9,49,1,3,11,9,38,1,0,0,0,0,0,0
20,James Woods,D Grade,2005,PEELED_CENTRAL_SEASONS,2005 2006 2007 2008 2009 2010 2011 2012 2013 2014 2015 2017 2018,2,0,0,0,79,190,155,2245,58,101,185,152,2195,53,0,0,0,0,0,0
20,James Woods,E Grade,2009,PEELED_CENTRAL_SEASONS,2014 2021,0,0,0,0,0,2,1,9,0,3,2,0,0,0,0,0,0,0,0,0
20,James Woods,F Grade,2013,PEELED_CENTRAL_SEASONS,2015 2016,0,0,0,0,0,4,3,44,2,0,4,0,0,0,0,0,0,0,0,0
21,Paul Gillam,A Grade,2003,PEELED_CENTRAL_SEASONS,2004 2005,164,158,4465,66,117,24,22,530,0,5,24,22,530,0,0,0,0,0,0,0
21,Paul Gillam,A Grade,2003,UNCOVERED_CENTRAL_SEASONS,2009,164,158,4465,66,117,1,0,0,0,0,1,0,0,0,5,0,0,0,0,0
21,Paul Gillam,B Grade,2004,PEELED_CENTRAL_SEASONS,2004 2006 2009,4,3,56,1,4,11,10,218,4,3,11,10,218,4,0,0,0,0,0,0
21,Paul Gillam,D Grade,2005,PEELED_CENTRAL_SEASONS,2011,0,0,0,0,0,2,1,13,0,0,2,1,13,0,0,0,0,0,0,0
22,Justin Lockyer,B Grade,2004,PEELED_CENTRAL_SEASONS,2004 2005 2007,161,152,2050,258,49,27,25,201,13,3,27,25,201,13,0,0,0,0,0,0
22,Justin Lockyer,C Grade,2004,PEELED_CENTRAL_SEASONS,2005 2007 2008,0,0,0,0,4,23,18,186,12,5,15,14,177,2,0,0,0,0,0,0
22,Justin Lockyer,E Grade,2009,PEELED_CENTRAL_SEASONS,2024,0,0,0,0,0,1,0,0,2,0,1,0,0,2,0,0,0,0,0,0
23,Jarod Little,A Grade,2003,PEELED_CENTRAL_SEASONS,2017 2018 2019 2020 2021 2022 2023 2024 2025,0,0,1,0,126,154,107,1014,0,115,147,107,1014,0,0,0,0,0,0,0
23,Jarod Little,B Grade,2004,PEELED_CENTRAL_SEASONS,2019 2020 2021 2022,5,4,46,0,10,10,10,268,0,13,6,7,237,0,0,0,0,0,0,0
23,Jarod Little,B Grade,2004,UNCOVERED_CENTRAL_SEASONS,2017,5,4,46,0,10,5,4,46,0,5,5,4,46,0,10,0,0,0,0,0
23,Jarod Little,C Grade,2004,PEELED_CENTRAL_SEASONS,2016 2017,0,0,0,0,22,22,22,393,0,22,22,22,393,0,0,0,0,0,0,0
23,Jarod Little,D Grade,2005,PEELED_CENTRAL_SEASONS,2016,0,0,0,0,0,4,4,43,2,3,4,4,43,0,0,0,0,0,0,0
23,Jarod Little,PPL,2013,PEELED_CENTRAL_SEASONS,2019 2020 2023 2024,0,0,0,0,3,12,5,7,0,1,9,5,4,0,0,0,0,0,0,0
24,Simon King,B Grade,2004,PEELED_CENTRAL_SEASONS,2018 2019,0,0,0,0,0,9,8,36,2,0,8,8,36,2,0,0,0,0,0,0
24,Simon King,D Grade,2005,PEELED_CENTRAL_SEASONS,2009 2014 2017 2018 2019 2020 2022,0,0,0,0,0,55,39,426,67,12,55,19,177,3,0,0,0,0,0,0
24,Simon King,E Grade,2009,PEELED_CENTRAL_SEASONS,2009 2010 2011 2012 2013 2015 2017 2021 2022,0,0,0,0,15,108,98,1685,138,22,103,83,1450,109,0,0,0,0,0,0
24,Simon King,F Grade,2013,PEELED_CENTRAL_SEASONS,2013 2020 2021,0,0,0,0,1,18,14,273,21,2,17,2,20,2,0,0,0,0,0,0
24,Simon King,F Grade,2013,UNCOVERED_CENTRAL_SEASONS,2015,0,0,0,0,1,1,0,0,0,0,0,0,0,0,1,0,0,0,0,0
25,Cameron Hill,C Grade,2004,PEELED_CENTRAL_SEASONS,2004 2005,88,76,807,3,72,26,12,54,0,9,14,12,54,0,0,0,0,0,0,0
25,Cameron Hill,D Grade,2005,PEELED_CENTRAL_SEASONS,2022 2024 2025,0,0,0,0,12,25,22,382,0,18,23,22,291,0,0,0,0,0,0,0
25,Cameron Hill,E Grade,2009,PEELED_CENTRAL_SEASONS,2022 2023 2024 2025,0,0,0,0,22,37,32,725,0,25,34,30,535,0,0,0,0,0,0,0
25,Cameron Hill,F Grade,2013,PEELED_CENTRAL_SEASONS,2021 2022 2024,0,0,0,0,0,26,24,322,1,22,24,23,306,1,0,0,0,0,0,0
26,Andrew Kelman,B Grade,2004,PEELED_CENTRAL_SEASONS,2004 2005,0,0,0,0,5,12,11,141,10,5,12,11,141,10,0,0,0,0,0,0
26,Andrew Kelman,C Grade,2004,PEELED_CENTRAL_SEASONS,2004 2005 2006 2007 2008 2009 2011 2012,53,50,1426,89,78,103,88,1678,36,37,92,88,1678,36,0,0,0,0,0,0
26,Andrew Kelman,D Grade,2005,PEELED_CENTRAL_SEASONS,2005 2007 2008 2009 2010 2014,1,0,0,0,11,29,26,563,25,13,28,26,562,25,0,0,0,0,0,0
27,Anthony Brokate,A Grade,2003,PEELED_CENTRAL_SEASONS,2003 2005 2006 2007 2013 2015 2016 2020 2021,0,0,0,0,9,64,15,74,81,3,55,15,74,80,0,0,0,0,0,0
27,Anthony Brokate,A Grade,2003,UNCOVERED_CENTRAL_SEASONS,2014,0,0,0,0,9,1,0,0,0,0,0,0,0,0,3,0,0,0,0,0
27,Anthony Brokate,B Grade,2004,PEELED_CENTRAL_SEASONS,2004 2005 2006 2007 2008 2011 2012 2013 2014 2015 2016 2018 2020 2025,2,8,107,30,25,92,47,442,125,0,87,47,442,125,0,0,0,0,0,0
27,Anthony Brokate,B Grade,2004,UNCOVERED_CENTRAL_SEASONS,2017,2,8,107,30,25,2,0,0,4,0,2,0,0,4,0,0,0,0,0,0
27,Anthony Brokate,C Grade,2004,PEELED_CENTRAL_SEASONS,2008 2009 2010 2011 2013 2016 2017,0,0,0,0,11,36,19,140,65,0,33,19,140,65,0,0,0,0,0,0
27,Anthony Brokate,D Grade,2005,PEELED_CENTRAL_SEASONS,2009 2010,0,0,0,0,1,3,3,74,2,0,3,3,74,2,0,0,0,0,0,0
27,Anthony Brokate,E Grade,2009,PEELED_CENTRAL_SEASONS,2010 2025,0,0,0,0,1,3,2,41,3,0,3,2,41,3,0,0,0,0,0,0
28,Wesley Naidoo,A Grade,2003,PEELED_CENTRAL_SEASONS,2017 2018 2019 2021 2022 2025,0,0,3,0,3,12,7,32,8,3,11,7,32,8,0,0,0,0,0,0
28,Wesley Naidoo,B Grade,2004,PEELED_CENTRAL_SEASONS,2012 2015 2018 2019 2020 2021 2022 2023 2024 2025,11,8,27,19,4,89,64,478,149,17,77,61,419,133,0,0,0,0,0,0
28,Wesley Naidoo,B Grade,2004,UNCOVERED_CENTRAL_SEASONS,2017,11,8,27,19,4,11,8,27,19,0,11,8,27,19,4,0,0,0,0,0
28,Wesley Naidoo,C Grade,2004,PEELED_CENTRAL_SEASONS,2014 2015 2016 2017,1,0,0,0,24,50,43,486,56,20,47,43,486,56,0,0,0,0,0,0
28,Wesley Naidoo,D Grade,2005,PEELED_CENTRAL_SEASONS,2012 2013 2014 2016 2019 2020 2024,0,0,0,0,11,43,38,646,28,17,42,34,472,21,0,0,0,0,0,0
28,Wesley Naidoo,E Grade,2009,PEELED_CENTRAL_SEASONS,2011 2014 2024 2025,0,0,0,0,3,12,12,196,12,2,12,11,174,12,0,0,0,0,0,0
29,Chris Hickman,B Grade,2004,PEELED_CENTRAL_SEASONS,2004 2005 2006 2008 2009 2010 2011 2013 2014,75,66,657,131,41,106,74,640,127,13,104,74,640,127,0,0,0,0,0,0
29,Chris Hickman,C Grade,2004,PEELED_CENTRAL_SEASONS,2013,0,0,0,0,1,2,0,0,2,1,2,0,0,2,0,0,0,0,0,0
29,Chris Hickman,E Grade,2009,PEELED_CENTRAL_SEASONS,2014,0,0,0,0,0,1,1,19,1,0,1,0,0,0,0,0,0,0,0,0
29,Chris Hickman,F Grade,2013,PEELED_CENTRAL_SEASONS,2014,0,0,0,0,0,1,1,0,1,0,1,0,0,0,0,0,0,0,0,0
30,Scott Martin,A Grade,2003,PEELED_CENTRAL_SEASONS,2015 2016 2017 2018 2019 2020 2021 2022 2023 2024,0,0,0,0,38,168,113,1212,224,33,141,101,1019,224,0,0,0,0,0,0
30,Scott Martin,B Grade,2004,PEELED_CENTRAL_SEASONS,2015 2016 2019,2,2,35,0,3,3,3,64,7,1,3,3,64,7,0,0,0,0,0,0
30,Scott Martin,B Grade,2004,UNCOVERED_CENTRAL_SEASONS,2017,2,2,35,0,3,2,2,35,0,1,2,2,35,0,2,0,0,0,0,0
30,Scott Martin,E Grade,2009,PEELED_CENTRAL_SEASONS,2025,0,0,0,0,1,7,6,155,10,1,7,6,86,10,0,0,0,0,0,0
30,Scott Martin,PPL,2013,PEELED_CENTRAL_SEASONS,2019 2020,0,0,0,0,0,7,7,55,7,2,5,3,5,5,0,0,0,0,0,0
31,Michael Griffiths,A Grade,2003,PEELED_CENTRAL_SEASONS,2004 2005 2006 2009 2010 2011 2012 2013 2014 2017 2018 2019,0,0,0,0,26,81,58,838,95,22,65,53,810,91,0,0,0,0,0,0
31,Michael Griffiths,B Grade,2004,PEELED_CENTRAL_SEASONS,2004 2005 2006 2009 2013 2014 2015,0,0,0,0,36,68,66,1453,124,18,66,65,1397,117,0,0,0,0,0,0
31,Michael Griffiths,C Grade,2004,PEELED_CENTRAL_SEASONS,2004 2022,17,15,363,34,6,6,5,136,9,0,6,5,136,9,0,0,0,0,0,0
31,Michael Griffiths,D Grade,2005,PEELED_CENTRAL_SEASONS,2022,0,0,0,0,0,1,1,30,1,0,1,1,30,1,0,0,0,0,0,0
31,Michael Griffiths,E Grade,2009,PEELED_CENTRAL_SEASONS,2024 2025,0,0,0,0,6,11,9,209,4,6,11,9,170,4,0,0,0,0,0,0
32,Ryan Burns,A Grade,2003,PEELED_CENTRAL_SEASONS,2011 2012 2013 2014 2015 2018,0,0,0,0,13,59,52,793,0,0,53,52,793,0,0,0,0,0,0,0
32,Ryan Burns,B Grade,2004,PEELED_CENTRAL_SEASONS,2010 2011 2012 2015,14,14,339,0,24,36,34,1055,1,0,34,34,1055,1,0,0,0,0,0,0
32,Ryan Burns,B Grade,2004,UNCOVERED_CENTRAL_SEASONS,2017,14,14,339,0,24,14,14,358,0,0,14,14,339,0,0,0,0,0,0,0
32,Ryan Burns,C Grade,2004,PEELED_CENTRAL_SEASONS,2009 2010 2016 2017,1,0,0,0,31,42,39,1051,0,0,40,39,1051,0,0,0,0,0,0,0
32,Ryan Burns,D Grade,2005,PEELED_CENTRAL_SEASONS,2009,0,0,0,0,8,15,15,495,0,0,15,15,495,0,0,0,0,0,0,0
33,Rodney Dixon,D Grade,2005,PEELED_CENTRAL_SEASONS,2005 2006 2007 2008 2009 2010 2011 2012 2013 2014 2017 2018,0,0,0,0,37,142,70,481,169,38,139,69,472,154,0,0,0,0,0,0
33,Rodney Dixon,E Grade,2009,PEELED_CENTRAL_SEASONS,2014 2016 2017,0,0,0,0,0,4,3,0,8,0,4,0,0,0,0,0,0,0,0,0
33,Rodney Dixon,F Grade,2013,PEELED_CENTRAL_SEASONS,2014 2015,0,0,0,0,0,24,13,41,40,1,22,0,0,0,0,0,0,0,0,0
34,Richard Woods,A Grade,2003,PEELED_CENTRAL_SEASONS,2008 2011 2012 2013 2014 2015 2021 2022 2023,0,0,0,0,27,60,46,508,0,22,53,46,508,0,0,0,0,0,0,0
34,Richard Woods,B Grade,2004,PEELED_CENTRAL_SEASONS,2008 2009 2010 2011 2012 2013 2014 2015 2021 2022,0,0,0,0,50,94,88,1662,4,43,90,86,1549,4,0,0,0,0,0,0
34,Richard Woods,C Grade,2004,PEELED_CENTRAL_SEASONS,2007 2008,0,0,0,0,0,2,2,9,0,0,2,2,7,0,0,0,0,0,0,0
34,Richard Woods,D Grade,2005,PEELED_CENTRAL_SEASONS,2006 2007 2008 2010 2017 2018,0,0,0,0,7,14,11,356,1,6,14,10,319,0,0,0,0,0,0,0
35,Ben Finlay,A Grade,2003,PEELED_CENTRAL_SEASONS,2009 2014 2015,0,0,0,0,0,10,7,32,0,0,7,7,32,0,0,0,0,0,0,0
35,Ben Finlay,B Grade,2004,PEELED_CENTRAL_SEASONS,2006 2007 2011 2012 2013 2014 2015 2016 2018,7,7,68,1,14,51,44,717,5,0,49,44,717,4,0,0,0,0,0,0
35,Ben Finlay,B Grade,2004,UNCOVERED_CENTRAL_SEASONS,2017,7,7,68,1,14,6,6,67,3,0,7,6,67,1,0,0,0,0,0,0
35,Ben Finlay,C Grade,2004,PEELED_CENTRAL_SEASONS,2006 2007 2008 2012 2013 2014 2015 2016 2017,0,0,0,0,5,33,24,664,32,0,30,24,664,32,0,0,0,0,0,0
35,Ben Finlay,D Grade,2005,PEELED_CENTRAL_SEASONS,2006 2007 2008 2010 2012 2013 2016 2017 2022,0,0,0,0,0,28,22,294,35,0,27,22,294,5,0,0,0,0,0,0
35,Ben Finlay,E Grade,2009,PEELED_CENTRAL_SEASONS,2009 2010 2022,0,0,0,0,16,29,28,424,28,0,28,27,422,26,0,0,0,0,0,0
35,Ben Finlay,F Grade,2013,PEELED_CENTRAL_SEASONS,2013,0,0,0,0,0,1,0,0,3,0,1,0,0,3,0,0,0,0,0,0
36,Jake Wyllie,A Grade,2003,PEELED_CENTRAL_SEASONS,2015 2018 2020 2021 2022 2023 2024 2025,0,0,0,0,30,96,80,1513,95,32,89,80,1491,87,0,0,0,0,0,0
36,Jake Wyllie,B Grade,2004,PEELED_CENTRAL_SEASONS,2015 2021 2022,0,0,0,0,1,5,5,62,1,0,5,5,62,1,0,0,0,0,0,0
36,Jake Wyllie,C Grade,2004,PEELED_CENTRAL_SEASONS,2012 2013 2015,2,0,0,0,5,28,17,152,31,3,25,17,152,31,0,0,0,0,0,0
36,Jake Wyllie,C Grade,2004,UNCOVERED_CENTRAL_SEASONS,2016,2,0,0,0,5,1,0,0,0,0,2,0,0,0,3,0,0,0,0,0
36,Jake Wyllie,D Grade,2005,PEELED_CENTRAL_SEASONS,2014,0,0,0,0,0,11,11,153,19,4,11,11,153,0,0,0,0,0,0,0
36,Jake Wyllie,E Grade,2009,PEELED_CENTRAL_SEASONS,2012 2014 2015,0,0,0,0,0,3,3,27,7,1,3,1,1,0,0,0,0,0,0,0
36,Jake Wyllie,F Grade,2013,PEELED_CENTRAL_SEASONS,2013,0,0,0,0,1,4,2,16,4,0,3,2,16,4,0,0,0,0,0,0
36,Jake Wyllie,PPL,2013,PEELED_CENTRAL_SEASONS,2019 2020 2021,0,0,0,0,3,10,10,100,3,2,7,6,69,3,0,0,0,0,0,0
37,Glen Cruickshank,B Grade,2004,PEELED_CENTRAL_SEASONS,2004 2005 2007,9,7,133,1,15,6,6,77,0,3,6,6,77,0,0,0,0,0,0,0
37,Glen Cruickshank,C Grade,2004,PEELED_CENTRAL_SEASONS,2004 2005 2006 2008,51,49,832,49,48,28,18,215,8,6,20,18,215,8,0,0,0,0,0,0
37,Glen Cruickshank,D Grade,2005,PEELED_CENTRAL_SEASONS,2005 2006 2007 2008 2009 2010 2011 2014,0,0,0,0,26,51,45,829,16,24,50,42,829,16,0,0,0,0,0,0
37,Glen Cruickshank,E Grade,2009,PEELED_CENTRAL_SEASONS,2010 2011 2012 2013 2016 2017,1,0,0,0,8,39,35,920,14,0,38,32,874,14,0,0,0,0,0,0
37,Glen Cruickshank,F Grade,2013,PEELED_CENTRAL_SEASONS,2014,0,0,0,0,0,1,1,13,0,0,1,0,0,0,0,0,0,0,0,0
38,Corbin Little,A Grade,2003,PEELED_CENTRAL_SEASONS,2018,0,0,0,0,0,3,2,2,1,0,3,2,2,1,0,0,0,0,0,0
38,Corbin Little,B Grade,2004,PEELED_CENTRAL_SEASONS,2018 2019,1,1,0,0,2,16,13,163,7,0,15,13,163,7,0,0,0,0,0,0
38,Corbin Little,B Grade,2004,UNCOVERED_CENTRAL_SEASONS,2017,1,1,0,0,2,1,1,0,0,0,1,1,0,0,0,0,0,0,0,0
38,Corbin Little,C Grade,2004,PEELED_CENTRAL_SEASONS,2017,0,0,0,0,6,19,19,136,18,5,19,19,136,18,0,0,0,0,0,0
38,Corbin Little,D Grade,2005,PEELED_CENTRAL_SEASONS,2014 2015 2016 2017 2018 2019 2020 2021,0,0,0,0,1,61,50,555,79,4,51,30,397,5,0,0,0,0,0,0
38,Corbin Little,E Grade,2009,PEELED_CENTRAL_SEASONS,2014 2015 2021 2022 2024 2025,0,0,0,0,2,27,14,228,32,2,22,11,40,25,0,0,0,0,0,0
38,Corbin Little,F Grade,2013,PEELED_CENTRAL_SEASONS,2014 2015,0,0,0,0,0,18,16,306,17,0,18,0,0,0,0,0,0,0,0,0
39,Raymond Smedley,B Grade,2004,PEELED_CENTRAL_SEASONS,2004 2005 2007,79,78,1486,9,88,4,4,14,0,2,4,4,14,0,0,0,0,0,0,0
39,Raymond Smedley,C Grade,2004,PEELED_CENTRAL_SEASONS,2005 2006 2008 2009 2010,0,0,72,0,33,48,45,1113,29,29,46,44,1113,29,0,0,0,0,0,0
39,Raymond Smedley,C Grade,2004,UNCOVERED_CENTRAL_SEASONS,2004,0,0,72,0,33,1,0,0,0,0,0,0,0,0,29,0,0,0,0,0
39,Raymond Smedley,D Grade,2005,PEELED_CENTRAL_SEASONS,2007 2009 2010 2011,1,0,0,0,2,17,16,486,1,2,16,16,486,1,0,0,0,0,0,0
39,Raymond Smedley,E Grade,2009,PEELED_CENTRAL_SEASONS,2014,0,0,0,0,0,12,12,172,0,1,12,0,0,0,0,0,0,0,0,0
40,Angus Kent,A Grade,2003,PEELED_CENTRAL_SEASONS,2016 2017 2018 2019,0,0,0,0,4,9,7,90,4,3,8,7,90,4,0,0,0,0,0,0
40,Angus Kent,B Grade,2004,PEELED_CENTRAL_SEASONS,2016 2018 2019 2020 2021 2022 2023 2024 2025,21,21,237,6,30,100,90,1991,39,19,92,86,1881,38,0,0,0,0,0,0
40,Angus Kent,B Grade,2004,UNCOVERED_CENTRAL_SEASONS,2017,21,21,237,6,30,21,21,237,6,5,21,21,237,6,24,0,0,0,0,0
40,Angus Kent,D Grade,2005,PEELED_CENTRAL_SEASONS,2019 2020 2021,0,0,0,0,1,8,8,256,0,4,7,1,23,0,0,0,0,0,0,0
40,Angus Kent,D Grade,2005,UNCOVERED_CENTRAL_SEASONS,2017,0,0,0,0,1,1,0,0,0,1,0,0,0,0,1,0,0,0,0,0
41,Elliot Foote,A Grade,2003,PEELED_CENTRAL_SEASONS,2017 2018 2019,0,0,0,0,3,14,13,118,0,1,14,13,118,0,0,0,0,0,0,0
41,Elliot Foote,B Grade,2004,PEELED_CENTRAL_SEASONS,2012 2013 2015 2016 2018 2019 2020,19,19,329,3,23,47,40,596,23,2,43,38,555,23,0,0,0,0,0,0
41,Elliot Foote,B Grade,2004,UNCOVERED_CENTRAL_SEASONS,2017,19,19,329,3,23,19,19,329,3,7,19,19,329,3,11,0,0,0,0,0
41,Elliot Foote,C Grade,2004,PEELED_CENTRAL_SEASONS,2012 2013 2014 2015 2016 2017,0,0,0,0,10,36,28,458,33,4,34,28,458,33,0,0,0,0,0,0
41,Elliot Foote,D Grade,2005,PEELED_CENTRAL_SEASONS,2012 2015 2019 2025,0,0,0,0,1,16,15,314,3,1,15,12,242,2,0,0,0,0,0,0
41,Elliot Foote,E Grade,2009,PEELED_CENTRAL_SEASONS,2021,0,0,0,0,0,1,1,6,0,0,1,1,6,0,0,0,0,0,0,0
41,Elliot Foote,F Grade,2013,PEELED_CENTRAL_SEASONS,2014,0,0,0,0,0,1,1,67,0,0,1,0,0,0,0,0,0,0,0,0
42,Ian Bray,B Grade,2004,PEELED_CENTRAL_SEASONS,2004 2005 2006 2007 2008 2009,62,58,1210,5,26,85,83,2033,2,0,83,83,2033,2,0,0,0,0,0,0
42,Ian Bray,D Grade,2005,PEELED_CENTRAL_SEASONS,2012 2013,0,0,0,0,3,9,9,304,3,1,9,9,304,3,0,0,0,0,0,0
43,Jack Manuel,A Grade,2003,PEELED_CENTRAL_SEASONS,2015 2016 2017 2020 2021 2022 2023 2024 2025,0,0,0,0,65,135,121,4733,2,63,124,121,4508,2,0,0,0,0,0,0
43,Jack Manuel,A Grade,2003,UNCOVERED_CENTRAL_SEASONS,2019,0,0,0,0,65,1,0,0,0,0,0,0,0,0,63,0,0,0,0,0
43,Jack Manuel,PPL,2013,PEELED_CENTRAL_SEASONS,2020 2021 2022,0,0,0,0,1,12,12,367,0,2,8,8,158,0,0,0,0,0,0,0
44,Josh Rudge,A Grade,2003,PEELED_CENTRAL_SEASONS,2019 2020 2021 2022 2023 2024 2025,0,0,0,0,64,132,121,3374,0,62,123,119,2639,0,0,0,0,0,0,0
44,Josh Rudge,B Grade,2004,PEELED_CENTRAL_SEASONS,2019,0,0,0,0,1,1,1,32,0,1,1,1,32,0,0,0,0,0,0,0
44,Josh Rudge,PPL,2013,PEELED_CENTRAL_SEASONS,2019 2020,0,0,0,0,2,7,7,186,0,1,7,7,117,0,0,0,0,0,0,0
46,Josh Petersen,A Grade,2003,PEELED_CENTRAL_SEASONS,2006 2007 2008 2009 2010 2011 2012 2013 2014 2015 2016,0,0,0,0,94,139,116,2020,16,80,128,116,2020,16,0,0,0,0,0,0
46,Josh Petersen,A Grade,2003,UNCOVERED_CENTRAL_SEASONS,2005,0,0,0,0,94,1,0,0,0,0,0,0,0,0,80,0,0,0,0,0
46,Josh Petersen,B Grade,2004,PEELED_CENTRAL_SEASONS,2006 2007 2008 2010 2012 2013 2014 2015 2016 2021 2022,0,0,0,0,14,26,25,686,4,22,22,22,619,4,0,0,0,0,0,0
47,Dan Howell,B Grade,2004,PEELED_CENTRAL_SEASONS,2019,0,0,20,0,16,1,1,79,2,0,1,1,79,2,0,0,0,0,0,0
47,Dan Howell,C Grade,2004,PEELED_CENTRAL_SEASONS,2004 2005 2006 2007 2008 2014 2015 2016 2017,55,53,727,99,35,77,43,297,101,16,65,43,297,101,0,0,0,0,0,0
47,Dan Howell,D Grade,2005,PEELED_CENTRAL_SEASONS,2010 2014 2015 2017 2018 2019,0,0,0,0,1,29,22,259,31,3,28,20,233,7,0,0,0,0,0,0
48,David Allen,B Grade,2004,PEELED_CENTRAL_SEASONS,2018,0,0,0,0,0,1,1,0,2,0,1,1,0,2,0,0,0,0,0,0
48,David Allen,C Grade,2004,PEELED_CENTRAL_SEASONS,2013 2014 2017,0,0,0,0,6,11,10,192,5,0,10,10,192,5,0,0,0,0,0,0
48,David Allen,D Grade,2005,PEELED_CENTRAL_SEASONS,2009 2010 2011 2012 2013 2014 2015 2016 2017 2018 2019 2020 2021 2022 2023,0,0,0,0,15,124,102,2150,142,27,116,69,1669,62,0,0,0,0,0,0
48,David Allen,E Grade,2009,PEELED_CENTRAL_SEASONS,2023,0,0,7,0,0,2,1,0,2,0,2,1,0,2,0,0,0,0,0,0
49,Peter Knight,B Grade,2004,PEELED_CENTRAL_SEASONS,2018 2019 2020 2021 2023 2025,0,0,4,0,2,17,16,170,3,1,16,16,170,3,0,0,0,0,0,0
49,Peter Knight,C Grade,2004,PEELED_CENTRAL_SEASONS,2017,0,0,0,0,0,3,3,28,1,0,3,3,28,1,0,0,0,0,0,0
49,Peter Knight,D Grade,2005,PEELED_CENTRAL_SEASONS,2016 2017 2018 2019 2020 2021 2023,0,0,0,0,6,76,69,1549,25,14,70,44,923,0,0,0,0,0,0,0
49,Peter Knight,E Grade,2009,PEELED_CENTRAL_SEASONS,2021 2025,0,0,0,0,1,5,4,111,0,1,4,4,52,0,0,0,0,0,0,0
49,Peter Knight,F Grade,2013,PEELED_CENTRAL_SEASONS,2015 2016 2025,0,0,0,0,1,15,13,462,5,2,13,1,0,0,0,0,0,0,0,0
50,Doug Mccarthy,D Grade,2005,PEELED_CENTRAL_SEASONS,2008 2009 2010 2011 2012 2013 2014,2,0,0,0,15,116,84,920,156,19,113,84,920,134,0,0,0,0,0,0
50,Doug Mccarthy,E Grade,2009,PEELED_CENTRAL_SEASONS,2014 2015 2016,0,0,0,0,0,14,9,73,22,1,13,0,0,0,0,0,0,0,0,0
50,Doug Mccarthy,F Grade,2013,PEELED_CENTRAL_SEASONS,2016,0,0,0,0,0,9,4,100,7,0,9,0,0,0,0,0,0,0,0,0
52,Wayne Reid,A Grade,2003,PEELED_CENTRAL_SEASONS,2003 2004 2005 2006 2007 2008 2009,80,58,911,121,48,43,31,502,27,10,43,31,502,27,0,0,0,0,0,0
52,Wayne Reid,B Grade,2004,PEELED_CENTRAL_SEASONS,2009 2010,10,11,156,14,6,2,1,9,0,0,2,1,9,0,0,0,0,0,0,0
53,Andrew White,C Grade,2004,PEELED_CENTRAL_SEASONS,2008 2009 2010 2011 2012 2013,1,0,0,0,20,75,64,824,21,15,71,64,824,21,0,0,0,0,0,0
53,Andrew White,D Grade,2005,PEELED_CENTRAL_SEASONS,2009 2013 2014 2017,1,0,0,0,11,45,39,528,22,15,44,39,528,17,0,0,0,0,0,0
53,Andrew White,E Grade,2009,PEELED_CENTRAL_SEASONS,2016 2017,0,0,0,0,0,11,10,124,16,1,11,0,0,0,0,0,0,0,0,0
53,Andrew White,F Grade,2013,PEELED_CENTRAL_SEASONS,2015 2016 2020,0,0,0,0,0,5,3,82,0,0,5,0,0,0,0,0,0,0,0,0
54,Lachlan Kinna,A Grade,2003,PEELED_CENTRAL_SEASONS,2013 2014 2015 2016 2017 2018 2019,0,0,0,0,31,86,50,288,96,16,87,54,297,99,0,0,0,0,0,0
54,Lachlan Kinna,B Grade,2004,PEELED_CENTRAL_SEASONS,2012 2013 2014 2015 2020 2021 2022 2023,0,0,0,0,16,30,22,138,10,11,26,20,121,9,0,0,0,0,0,0
54,Lachlan Kinna,C Grade,2004,PEELED_CENTRAL_SEASONS,2012 2013,0,0,0,0,0,3,2,14,3,0,2,1,14,3,0,0,0,0,0,0
54,Lachlan Kinna,D Grade,2005,PEELED_CENTRAL_SEASONS,2023,0,0,0,0,1,2,1,35,0,1,2,1,35,0,0,0,0,0,0,0
54,Lachlan Kinna,D Grade,2005,UNCOVERED_CENTRAL_SEASONS,2013,0,0,0,0,1,1,0,0,0,0,0,0,0,0,1,0,0,0,0,0
54,Lachlan Kinna,E Grade,2009,PEELED_CENTRAL_SEASONS,2011 2025,0,0,0,0,0,3,1,4,1,0,3,1,4,1,0,0,0,0,0,0
55,Damian Billing,B Grade,2004,PEELED_CENTRAL_SEASONS,2013 2016 2018 2019 2020,15,15,311,0,10,20,18,379,5,0,16,14,340,5,0,0,0,0,0,0
55,Damian Billing,B Grade,2004,UNCOVERED_CENTRAL_SEASONS,2012 2017,15,15,311,0,10,16,15,311,0,0,15,15,311,0,0,0,0,0,0,0
55,Damian Billing,C Grade,2004,PEELED_CENTRAL_SEASONS,2012 2013 2016 2017,0,0,0,0,9,24,20,530,3,0,23,20,530,3,0,0,0,0,0,0
55,Damian Billing,D Grade,2005,PEELED_CENTRAL_SEASONS,2012 2016 2019 2020 2021,0,0,0,0,1,25,24,884,0,0,24,12,568,0,0,0,0,0,0,0
55,Damian Billing,E Grade,2009,PEELED_CENTRAL_SEASONS,2013 2021,0,0,0,0,0,17,15,467,0,0,15,14,430,0,0,0,0,0,0,0
55,Damian Billing,F Grade,2013,PEELED_CENTRAL_SEASONS,2013 2020 2021,0,0,0,0,1,4,4,49,0,0,4,3,40,0,0,0,0,0,0,0
56,Michael Chappell,A Grade,2003,PEELED_CENTRAL_SEASONS,2015 2016 2017 2018 2019 2020 2021,0,0,0,0,25,84,74,1634,49,24,79,74,1634,49,0,0,0,0,0,0
56,Michael Chappell,B Grade,2004,PEELED_CENTRAL_SEASONS,2015 2016 2019 2020,14,14,207,19,19,18,17,404,16,5,14,13,398,7,0,0,0,0,0,0
56,Michael Chappell,B Grade,2004,UNCOVERED_CENTRAL_SEASONS,2017,14,14,207,19,19,14,14,207,19,4,14,14,207,19,9,0,0,0,0,0
56,Michael Chappell,C Grade,2004,PEELED_CENTRAL_SEASONS,2014 2015,0,0,0,0,3,2,2,46,1,0,2,2,46,1,0,0,0,0,0,0
57,Glen Filcock,B Grade,2004,PEELED_CENTRAL_SEASONS,2010,0,0,0,0,0,2,2,0,2,0,2,2,0,2,0,0,0,0,0,0
57,Glen Filcock,C Grade,2004,PEELED_CENTRAL_SEASONS,2004 2005 2006 2010 2011,14,12,143,4,21,50,36,390,9,9,36,36,390,9,0,0,0,0,0,0
57,Glen Filcock,D Grade,2005,PEELED_CENTRAL_SEASONS,2005 2006 2007 2008 2009 2010 2011 2012,0,0,0,0,20,39,36,509,10,21,39,36,509,10,0,0,0,0,0,0
57,Glen Filcock,E Grade,2009,PEELED_CENTRAL_SEASONS,2010 2011 2013 2014 2015 2016,1,0,0,0,6,39,27,202,61,3,37,14,112,31,0,0,0,0,0,0
57,Glen Filcock,F Grade,2013,PEELED_CENTRAL_SEASONS,2015 2017,0,0,0,0,0,3,3,35,1,1,3,0,0,0,0,0,0,0,0,0
58,Alec Smith,A Grade,2003,PEELED_CENTRAL_SEASONS,2019 2020,0,0,0,0,0,3,1,1,1,0,2,1,1,1,0,0,0,0,0,0
58,Alec Smith,B Grade,2004,PEELED_CENTRAL_SEASONS,2014 2019 2020 2021 2025,0,0,0,0,3,30,14,53,22,8,28,14,48,22,0,0,0,0,0,0
58,Alec Smith,C Grade,2004,PEELED_CENTRAL_SEASONS,2014 2015 2016,0,0,0,0,11,37,13,62,30,10,31,13,62,30,0,0,0,0,0,0
58,Alec Smith,D Grade,2005,PEELED_CENTRAL_SEASONS,2014 2016 2019 2021 2023 2024 2025,0,0,0,0,15,52,20,151,58,20,38,15,53,40,0,0,0,0,0,0
59,Brendon King,A Grade,2003,PEELED_CENTRAL_SEASONS,2003 2004 2005 2006 2007 2008 2009 2010 2011 2012,4,0,52,0,93,126,113,3187,69,5,122,108,3187,69,0,0,0,0,0,0
59,Brendon King,B Grade,2004,PEELED_CENTRAL_SEASONS,2004 2010,0,0,0,0,0,2,2,146,3,0,1,1,44,3,0,0,0,0,0,0
59,Brendon King,C Grade,2004,PEELED_CENTRAL_SEASONS,2011 2013,0,0,0,0,0,2,2,61,5,0,1,1,0,5,0,0,0,0,0,0
60,Levi Muller,A Grade,2003,PEELED_CENTRAL_SEASONS,2015 2016 2017 2018 2019 2020 2021,0,0,0,0,15,82,77,1670,9,13,79,78,1675,9,0,0,0,0,0,0
60,Levi Muller,B Grade,2004,PEELED_CENTRAL_SEASONS,2015 2016 2020 2022 2023,3,3,44,0,4,36,33,804,1,6,34,33,678,1,0,0,0,0,0,0
60,Levi Muller,B Grade,2004,UNCOVERED_CENTRAL_SEASONS,2017,3,3,44,0,4,3,3,44,0,0,3,3,44,0,4,0,0,0,0,0
62,Stuart Ball,B Grade,2004,PEELED_CENTRAL_SEASONS,2005 2007,29,28,467,2,23,2,2,26,0,0,2,2,26,0,0,0,0,0,0,0
62,Stuart Ball,C Grade,2004,PEELED_CENTRAL_SEASONS,2005 2009 2015 2017,12,13,376,22,14,13,12,75,7,0,13,12,75,7,0,0,0,0,0,0
62,Stuart Ball,D Grade,2005,PEELED_CENTRAL_SEASONS,2017 2019 2022,0,0,0,0,0,7,7,27,4,0,7,3,27,1,0,0,0,0,0,0
62,Stuart Ball,E Grade,2009,PEELED_CENTRAL_SEASONS,2022,0,0,0,0,0,7,6,37,4,1,7,6,37,4,0,0,0,0,0,0
62,Stuart Ball,F Grade,2013,PEELED_CENTRAL_SEASONS,2020 2021 2022 2023,0,0,0,0,1,44,37,576,22,2,40,28,409,14,0,0,0,0,0,0
63,Adam Whitehorn,C Grade,2004,PEELED_CENTRAL_SEASONS,2008 2009 2011 2012 2014 2015 2016,0,0,0,0,3,41,16,116,36,3,24,10,63,30,0,0,0,0,0,0
63,Adam Whitehorn,D Grade,2005,PEELED_CENTRAL_SEASONS,2006 2009 2010 2011 2012 2013 2015 2016 2017 2022,0,0,0,0,20,90,40,137,97,23,85,39,120,72,0,0,0,0,0,0
63,Adam Whitehorn,E Grade,2009,PEELED_CENTRAL_SEASONS,2013 2021 2022,1,1,27,0,1,13,2,9,16,0,11,2,9,16,0,0,0,0,0,0
63,Adam Whitehorn,F Grade,2013,PEELED_CENTRAL_SEASONS,2021,0,0,0,0,0,1,0,0,0,0,1,0,0,0,0,0,0,0,0,0
64,Matthew Gordon,A Grade,2003,PEELED_CENTRAL_SEASONS,2008 2009 2010 2011 2012 2013 2014 2015 2016,0,0,0,0,28,125,44,218,205,25,111,44,218,205,0,0,0,0,0,0
66,Alex Dillon,A Grade,2003,PEELED_CENTRAL_SEASONS,2012 2014 2015 2016 2017 2018,0,0,0,0,10,40,34,585,1,9,37,34,585,1,0,0,0,0,0,0
66,Alex Dillon,B Grade,2004,PEELED_CENTRAL_SEASONS,2011 2012 2013 2014 2015 2016 2018 2021,0,0,0,0,10,49,43,1077,6,1,35,32,1043,6,0,0,0,0,0,0
66,Alex Dillon,C Grade,2004,PEELED_CENTRAL_SEASONS,2010 2011 2012 2013,1,0,0,0,12,24,20,422,6,7,20,20,422,6,0,0,0,0,0,0
66,Alex Dillon,D Grade,2005,PEELED_CENTRAL_SEASONS,2010 2011 2024,0,0,0,0,0,4,4,52,1,0,1,1,43,0,0,0,0,0,0,0
66,Alex Dillon,E Grade,2009,PEELED_CENTRAL_SEASONS,2010 2011,0,0,0,0,4,15,15,314,15,0,15,15,314,15,0,0,0,0,0,0
67,Craig Lines,B Grade,2004,PEELED_CENTRAL_SEASONS,2013 2018,0,0,0,0,0,9,6,43,5,1,4,4,34,0,0,0,0,0,0,0
67,Craig Lines,C Grade,2004,PEELED_CENTRAL_SEASONS,2014,0,0,0,0,2,4,4,10,2,0,4,4,10,2,0,0,0,0,0,0
67,Craig Lines,D Grade,2005,PEELED_CENTRAL_SEASONS,2014 2015 2016 2017 2018 2019 2020 2022,0,0,0,0,0,42,35,318,20,12,40,21,127,0,0,0,0,0,0,0
67,Craig Lines,E Grade,2009,PEELED_CENTRAL_SEASONS,2013 2014 2015 2016 2017 2021,0,0,0,0,0,40,37,444,26,1,40,12,139,6,0,0,0,0,0,0
67,Craig Lines,F Grade,2013,PEELED_CENTRAL_SEASONS,2013 2020 2021,0,0,0,0,2,16,14,305,17,1,15,7,153,9,0,0,0,0,0,0
68,Eric Cocking,D Grade,2005,PEELED_CENTRAL_SEASONS,2010 2011 2012 2014,0,0,0,0,7,14,13,72,7,8,13,13,72,7,0,0,0,0,0,0
68,Eric Cocking,E Grade,2009,PEELED_CENTRAL_SEASONS,2011 2012 2013 2014 2015 2016 2017,1,0,0,0,8,98,90,2871,113,13,94,36,1241,41,0,0,0,0,0,0
68,Eric Cocking,F Grade,2013,PEELED_CENTRAL_SEASONS,2014,0,0,0,0,0,1,1,18,0,0,1,0,0,0,0,0,0,0,0,0
69,Hugo Young,B Grade,2004,PEELED_CENTRAL_SEASONS,2022 2023 2025,1,0,0,0,6,20,17,169,0,15,18,17,98,0,0,0,0,0,0,0
69,Hugo Young,B Grade,2004,UNCOVERED_CENTRAL_SEASONS,2017,1,0,0,0,6,1,0,0,0,0,1,0,0,0,6,0,0,0,0,0
69,Hugo Young,Colts,2023,PEELED_CENTRAL_SEASONS,2023 2024 2025,0,0,0,0,4,26,19,237,0,10,17,16,108,0,0,0,0,0,0,0
69,Hugo Young,D Grade,2005,PEELED_CENTRAL_SEASONS,2019 2020 2021 2024 2025,0,0,0,0,2,35,24,322,5,12,26,11,188,0,0,0,0,0,0,0
69,Hugo Young,E Grade,2009,PEELED_CENTRAL_SEASONS,2021 2023 2024 2025,0,0,0,0,10,16,12,300,1,7,14,12,227,1,0,0,0,0,0,0
69,Hugo Young,F Grade,2013,PEELED_CENTRAL_SEASONS,2020,0,0,0,0,0,6,5,57,0,0,6,0,0,0,0,0,0,0,0,0
70,James Skeels,A Grade,2003,PEELED_CENTRAL_SEASONS,2019 2020 2021 2024,0,0,0,0,1,18,15,153,0,1,18,15,153,0,0,0,0,0,0,0
70,James Skeels,B Grade,2004,PEELED_CENTRAL_SEASONS,2019 2020 2021 2022 2023 2024 2025,0,0,0,0,13,94,85,1408,0,32,87,82,1364,0,0,0,0,0,0,0
70,James Skeels,D Grade,2005,PEELED_CENTRAL_SEASONS,2019 2020,0,0,0,0,0,2,2,5,0,0,2,0,0,0,0,0,0,0,0,0
71,Liam Blampied,A Grade,2003,PEELED_CENTRAL_SEASONS,2007 2008 2009 2010 2011 2012 2013,0,0,0,0,17,65,54,782,2,0,61,54,782,2,0,0,0,0,0,0
71,Liam Blampied,B Grade,2004,PEELED_CENTRAL_SEASONS,2008 2009 2010 2011 2012 2013,0,0,0,0,18,37,34,843,12,0,35,33,843,12,0,0,0,0,0,0
71,Liam Blampied,D Grade,2005,PEELED_CENTRAL_SEASONS,2007 2008,0,0,0,0,3,5,5,138,3,0,5,5,138,3,0,0,0,0,0,0
72,Simon Noble,A Grade,2003,PEELED_CENTRAL_SEASONS,2004 2005 2006 2007,0,0,0,0,3,37,18,27,54,0,29,12,25,41,0,0,0,0,0,0
72,Simon Noble,B Grade,2004,PEELED_CENTRAL_SEASONS,2004 2006 2015,12,11,127,14,6,23,21,228,26,0,23,21,228,26,0,0,0,0,0,0
72,Simon Noble,B Grade,2004,UNCOVERED_CENTRAL_SEASONS,2011,12,11,127,14,6,1,0,0,0,0,1,0,0,0,0,0,0,0,0,0
72,Simon Noble,C Grade,2004,PEELED_CENTRAL_SEASONS,2010 2011,23,21,151,35,6,13,9,105,10,1,11,9,105,10,0,0,0,0,0,0
72,Simon Noble,D Grade,2005,PEELED_CENTRAL_SEASONS,2011,0,0,0,0,4,5,5,28,7,1,5,5,28,6,0,0,0,0,0,0
73,Lewis Starbuck,A Grade,2003,PEELED_CENTRAL_SEASONS,2016 2017 2019 2020,0,0,0,0,11,48,23,55,66,3,46,23,55,66,0,0,0,0,0,0
73,Lewis Starbuck,A Grade,2003,UNCOVERED_CENTRAL_SEASONS,2022,0,0,0,0,11,1,0,0,0,0,0,0,0,0,3,0,0,0,0,0
73,Lewis Starbuck,B Grade,2004,PEELED_CENTRAL_SEASONS,2016 2018 2019 2020 2021 2022,1,0,0,5,7,32,19,117,58,1,31,19,117,58,0,0,0,0,0,0
73,Lewis Starbuck,B Grade,2004,UNCOVERED_CENTRAL_SEASONS,2017,1,0,0,5,7,1,0,0,5,0,1,0,0,5,1,0,0,0,0,0
73,Lewis Starbuck,C Grade,2004,PEELED_CENTRAL_SEASONS,2013 2014,0,0,0,0,1,4,3,37,3,0,4,3,37,3,0,0,0,0,0,0
73,Lewis Starbuck,C Grade,2004,UNCOVERED_CENTRAL_SEASONS,2016,0,0,0,0,1,1,0,0,0,0,0,0,0,0,0,0,0,0,0,0
73,Lewis Starbuck,D Grade,2005,PEELED_CENTRAL_SEASONS,2014 2022 2024,0,0,0,0,0,5,2,4,5,0,5,2,4,3,0,0,0,0,0,0
73,Lewis Starbuck,E Grade,2009,PEELED_CENTRAL_SEASONS,2014 2024,0,0,0,0,3,3,2,8,3,0,3,0,0,1,0,0,0,0,0,0
75,Jacob Barnes,A Grade,2003,PEELED_CENTRAL_SEASONS,2020 2021 2022 2025,0,0,0,0,5,27,16,182,6,0,26,16,154,6,0,0,0,0,0,0
75,Jacob Barnes,B Grade,2004,PEELED_CENTRAL_SEASONS,2020 2021 2022 2023 2024 2025,0,0,0,0,9,58,52,833,27,0,56,52,700,18,0,0,0,0,0,0
75,Jacob Barnes,Colts,2023,PEELED_CENTRAL_SEASONS,2023,0,0,0,0,1,3,3,78,3,0,3,2,12,0,0,0,0,0,0,0
75,Jacob Barnes,D Grade,2005,PEELED_CENTRAL_SEASONS,2020 2023 2024,1,0,0,0,2,16,13,356,8,1,15,9,286,7,0,0,0,0,0,0
75,Jacob Barnes,PPL,2013,PEELED_CENTRAL_SEASONS,2020 2025,0,0,0,0,1,3,2,8,0,0,2,2,3,0,0,0,0,0,0,0
75,Jacob Barnes,PPL,2013,UNCOVERED_CENTRAL_SEASONS,2021,0,0,0,0,1,1,0,0,0,0,0,0,0,0,0,0,0,0,0,0
76,Peter Harmer,B Grade,2004,PEELED_CENTRAL_SEASONS,2008 2009 2010 2011,1,0,0,0,1,33,5,15,39,0,31,5,15,39,0,0,0,0,0,0
76,Peter Harmer,C Grade,2004,PEELED_CENTRAL_SEASONS,2008 2009 2010 2011,0,0,0,0,0,20,5,9,28,0,20,5,9,28,0,0,0,0,0,0
76,Peter Harmer,D Grade,2005,PEELED_CENTRAL_SEASONS,2008 2009 2012,0,0,0,0,2,18,3,14,17,0,18,3,14,17,0,0,0,0,0,0
76,Peter Harmer,E Grade,2009,PEELED_CENTRAL_SEASONS,2009 2012,0,0,0,0,1,9,2,14,7,1,9,2,14,7,0,0,0,0,0,0
76,Peter Harmer,F Grade,2013,PEELED_CENTRAL_SEASONS,2015 2016,0,0,0,0,0,25,3,6,31,0,23,0,0,0,0,0,0,0,0,0
77,Cary Green,A Grade,2003,PEELED_CENTRAL_SEASONS,2003 2004 2005 2010 2011 2012 2013,2,0,0,0,17,81,71,2067,2,11,77,73,2089,2,0,0,0,0,0,0
77,Cary Green,B Grade,2004,PEELED_CENTRAL_SEASONS,2004 2005,2,2,23,0,4,18,17,546,1,3,18,17,546,1,0,0,0,0,0,0
78,Aaron Fitzpatrick,C Grade,2004,PEELED_CENTRAL_SEASONS,2011 2012 2013,0,0,0,0,20,39,29,358,2,22,37,29,358,2,0,0,0,0,0,0
78,Aaron Fitzpatrick,D Grade,2005,PEELED_CENTRAL_SEASONS,2014 2019,0,0,0,0,0,2,2,16,0,0,2,1,9,0,0,0,0,0,0,0
78,Aaron Fitzpatrick,F Grade,2013,PEELED_CENTRAL_SEASONS,2013,0,0,0,0,0,1,1,0,0,0,1,1,0,0,0,0,0,0,0,0
81,Timothy Miles,A Grade,2003,PEELED_CENTRAL_SEASONS,2021 2022 2023 2024 2025,0,0,0,0,26,88,74,1808,74,29,83,74,1581,74,0,0,0,0,0,0
81,Timothy Miles,PPL,2013,PEELED_CENTRAL_SEASONS,2021 2022 2023 2024 2025,0,0,0,0,3,15,14,386,7,5,8,8,226,0,0,0,0,0,0,0
83,Leigh Elder,C Grade,2004,PEELED_CENTRAL_SEASONS,2006 2007 2008 2009 2010 2011,1,0,0,0,18,102,32,109,169,14,98,32,109,169,0,0,0,0,0,0
84,Dustin Robinson,A Grade,2003,PEELED_CENTRAL_SEASONS,2017 2018 2019 2020 2021,1,0,0,0,7,47,40,465,6,1,44,40,375,6,0,0,0,0,0,0
84,Dustin Robinson,B Grade,2004,PEELED_CENTRAL_SEASONS,2018 2020 2021 2022 2023,9,9,213,10,9,51,42,788,1,0,38,36,756,1,0,0,0,0,0,0
84,Dustin Robinson,B Grade,2004,UNCOVERED_CENTRAL_SEASONS,2017,9,9,213,10,9,9,9,213,10,0,9,9,213,10,0,0,0,0,0,0
84,Dustin Robinson,C Grade,2004,PEELED_CENTRAL_SEASONS,2017,0,0,0,0,0,2,2,21,3,0,2,2,21,3,0,0,0,0,0,0
85,Mitchell Morley,A Grade,2003,PEELED_CENTRAL_SEASONS,2007 2008 2009 2011 2012 2023,7,0,0,0,13,50,43,579,16,12,48,43,579,16,0,0,0,0,0,0
85,Mitchell Morley,A Grade,2003,UNCOVERED_CENTRAL_SEASONS,2022,7,0,0,0,13,1,0,0,0,0,3,0,0,0,12,0,0,0,0,0
85,Mitchell Morley,B Grade,2004,PEELED_CENTRAL_SEASONS,2009 2010 2011 2012 2021 2022 2023,0,0,0,0,5,37,27,858,56,11,31,26,809,52,0,0,0,0,0,0
85,Mitchell Morley,D Grade,2005,PEELED_CENTRAL_SEASONS,2005 2007 2011,0,0,0,0,6,11,11,271,9,5,11,11,271,9,0,0,0,0,0,0
86,Cameron Burrage,A Grade,2003,PEELED_CENTRAL_SEASONS,2011 2012 2013 2014 2015 2016,0,0,0,0,28,83,61,828,73,2,73,63,829,73,0,0,0,0,0,0
86,Cameron Burrage,B Grade,2004,PEELED_CENTRAL_SEASONS,2009 2010 2011 2012 2014 2015,1,1,3,0,2,10,8,91,12,0,9,8,91,9,0,0,0,0,0,0
86,Cameron Burrage,D Grade,2005,PEELED_CENTRAL_SEASONS,2018,0,0,0,0,0,3,3,126,3,0,3,0,0,0,0,0,0,0,0,0
86,Cameron Burrage,E Grade,2009,PEELED_CENTRAL_SEASONS,2009 2010,0,0,0,0,1,4,3,13,4,0,4,3,13,4,0,0,0,0,0,0
87,Daniel Rackham,C Grade,2004,PEELED_CENTRAL_SEASONS,2004,15,15,78,0,4,6,1,2,0,0,2,1,2,0,0,0,0,0,0,0
87,Daniel Rackham,D Grade,2005,PEELED_CENTRAL_SEASONS,2005 2006 2007 2008 2009,0,0,0,0,12,57,56,504,0,12,56,56,504,0,0,0,0,0,0,0
87,Daniel Rackham,E Grade,2009,PEELED_CENTRAL_SEASONS,2009 2010 2011,0,0,0,0,7,21,19,126,0,5,21,19,126,0,0,0,0,0,0,0
87,Daniel Rackham,F Grade,2013,PEELED_CENTRAL_SEASONS,2013 2014,0,0,0,0,0,3,3,49,0,0,3,2,11,0,0,0,0,0,0,0
88,Zachary Dreckow,B Grade,2004,PEELED_CENTRAL_SEASONS,2020 2021 2022 2024 2025,0,0,0,0,3,30,22,261,25,5,29,22,148,25,0,0,0,0,0,0
88,Zachary Dreckow,Colts,2023,PEELED_CENTRAL_SEASONS,2023 2024 2025,0,0,0,0,3,28,19,375,13,4,23,17,224,13,0,0,0,0,0,0
88,Zachary Dreckow,D Grade,2005,PEELED_CENTRAL_SEASONS,2019 2020 2022 2024,0,0,0,0,0,22,19,256,27,1,22,7,97,1,0,0,0,0,0,0
88,Zachary Dreckow,E Grade,2009,PEELED_CENTRAL_SEASONS,2021 2023,0,0,0,0,0,8,7,96,10,1,6,6,40,8,0,0,0,0,0,0
88,Zachary Dreckow,F Grade,2013,PEELED_CENTRAL_SEASONS,2020 2023,0,0,0,0,0,2,2,22,2,0,2,1,6,0,0,0,0,0,0,0
88,Zachary Dreckow,PPL,2013,PEELED_CENTRAL_SEASONS,2025,0,0,0,0,0,1,0,0,0,0,1,0,0,0,0,0,0,0,0,0
90,Jayden Matthews,A Grade,2003,PEELED_CENTRAL_SEASONS,2010 2011,0,0,0,0,2,2,1,6,0,0,2,1,1,0,0,0,0,0,0,0
90,Jayden Matthews,B Grade,2004,PEELED_CENTRAL_SEASONS,2010 2012 2013 2014,0,0,0,0,6,20,15,145,2,4,13,12,115,1,0,0,0,0,0,0
90,Jayden Matthews,C Grade,2004,PEELED_CENTRAL_SEASONS,2011 2012 2013 2014 2015 2016,0,0,0,0,8,14,11,125,3,4,14,10,125,3,0,0,0,0,0,0
90,Jayden Matthews,D Grade,2005,PEELED_CENTRAL_SEASONS,2010 2011 2012 2013 2014 2015 2016,0,0,0,0,9,36,32,287,4,11,33,32,287,4,0,0,0,0,0,0
90,Jayden Matthews,E Grade,2009,PEELED_CENTRAL_SEASONS,2009 2010 2011 2012 2013 2015,1,0,0,0,3,29,20,195,4,2,26,14,102,4,0,0,0,0,0,0
90,Jayden Matthews,F Grade,2013,PEELED_CENTRAL_SEASONS,2013 2015,0,0,0,0,0,2,2,43,0,0,2,1,19,0,0,0,0,0,0,0
91,Jeff Dillon,B Grade,2004,PEELED_CENTRAL_SEASONS,2016,22,24,279,1,5,2,0,0,0,0,2,0,0,0,0,0,0,0,0,0
91,Jeff Dillon,C Grade,2004,PEELED_CENTRAL_SEASONS,2012 2014,0,0,0,0,7,20,16,507,2,2,19,16,507,2,0,0,0,0,0,0
91,Jeff Dillon,D Grade,2005,PEELED_CENTRAL_SEASONS,2011 2012 2013 2014 2015,1,0,0,0,11,54,52,1441,0,14,52,52,1177,0,0,0,0,0,0,0
91,Jeff Dillon,E Grade,2009,PEELED_CENTRAL_SEASONS,2010,0,0,0,0,1,3,3,66,0,0,3,3,66,0,0,0,0,0,0,0
92,Matt Newton,D Grade,2005,PEELED_CENTRAL_SEASONS,2014 2017 2018 2019,0,0,0,0,0,5,5,45,0,0,5,2,25,0,0,0,0,0,0,0
92,Matt Newton,E Grade,2009,PEELED_CENTRAL_SEASONS,2011 2012 2013 2014 2015 2016 2017,1,0,0,0,9,91,69,1025,0,8,87,27,432,0,0,0,0,0,0,0
92,Matt Newton,F Grade,2013,PEELED_CENTRAL_SEASONS,2013 2017,0,0,0,0,0,2,2,29,0,0,2,1,25,0,0,0,0,0,0,0
93,Ashley Jeffrey,A Grade,2003,PEELED_CENTRAL_SEASONS,2009 2010 2011 2012 2013 2014 2016,0,0,0,0,8,38,11,45,40,5,36,11,45,42,0,0,0,0,0,0
93,Ashley Jeffrey,B Grade,2004,PEELED_CENTRAL_SEASONS,2006 2007 2009 2011 2012,0,0,0,0,5,26,10,47,35,3,25,10,47,35,0,0,0,0,0,0
93,Ashley Jeffrey,C Grade,2004,PEELED_CENTRAL_SEASONS,2010 2011 2012 2014,0,0,2,0,5,9,4,13,8,5,9,4,13,8,0,0,0,0,0,0
93,Ashley Jeffrey,E Grade,2009,PEELED_CENTRAL_SEASONS,2009 2010,0,0,0,0,12,17,11,100,22,2,17,11,100,22,0,0,0,0,0,0
94,Craig Ford,A Grade,2003,PEELED_CENTRAL_SEASONS,2016 2017 2018 2020 2023,0,0,0,0,5,33,28,546,6,3,31,28,546,6,0,0,0,0,0,0
94,Craig Ford,A Grade,2003,UNCOVERED_CENTRAL_SEASONS,2019,0,0,0,0,5,1,0,0,0,0,0,0,0,0,3,0,0,0,0,0
94,Craig Ford,B Grade,2004,PEELED_CENTRAL_SEASONS,2016 2020 2021 2023 2024 2025,0,0,0,0,8,54,43,878,20,12,53,43,749,20,0,0,0,0,0,0
95,David Lovell,A Grade,2003,PEELED_CENTRAL_SEASONS,2003 2008 2009 2012,4,5,233,2,9,28,24,1028,17,2,27,24,1028,17,0,0,0,0,0,0
95,David Lovell,B Grade,2004,PEELED_CENTRAL_SEASONS,2009 2010 2011,1,0,0,0,2,17,13,546,8,3,16,13,546,8,0,0,0,0,0,0
95,David Lovell,D Grade,2005,PEELED_CENTRAL_SEASONS,2016 2017 2018 2020,0,0,0,0,0,11,10,182,0,7,11,7,165,0,0,0,0,0,0,0
95,David Lovell,E Grade,2009,PEELED_CENTRAL_SEASONS,2014 2015 2016 2017 2021,0,0,0,0,0,11,8,224,0,0,9,4,70,0,0,0,0,0,0,0
95,David Lovell,F Grade,2013,PEELED_CENTRAL_SEASONS,2014 2015 2017 2020,0,0,0,0,0,23,16,592,8,4,19,0,0,0,0,0,0,0,0,0
96,Rob Lawson,A Grade,2003,PEELED_CENTRAL_SEASONS,2003,13,6,81,23,3,1,1,1,0,0,1,1,1,0,0,0,0,0,0,0
97,Darryl Morgan,B Grade,2004,PEELED_CENTRAL_SEASONS,2005,0,0,0,0,0,15,10,151,16,1,15,10,151,16,0,0,0,0,0,0
98,Mitchell Green,A Grade,2003,PEELED_CENTRAL_SEASONS,2004 2005 2009 2010 2011 2012 2013,0,0,0,0,29,81,69,2461,45,14,74,68,2456,45,0,0,0,0,0,0
98,Mitchell Green,B Grade,2004,PEELED_CENTRAL_SEASONS,2005,0,0,0,0,3,11,11,198,0,3,11,11,198,0,0,0,0,0,0,0
100,Dean Patterson,C Grade,2004,PEELED_CENTRAL_SEASONS,2004 2005,25,21,358,25,12,35,15,279,26,3,20,15,279,26,0,0,0,0,0,0
101,Joshua Quaid,A Grade,2003,PEELED_CENTRAL_SEASONS,2006 2011,0,0,0,0,7,6,5,42,0,5,6,5,42,0,0,0,0,0,0,0
101,Joshua Quaid,B Grade,2004,PEELED_CENTRAL_SEASONS,2006 2007 2009 2010 2011,2,1,0,0,26,36,32,313,0,13,34,32,313,0,0,0,0,0,0,0
101,Joshua Quaid,C Grade,2004,PEELED_CENTRAL_SEASONS,2009 2010 2012 2013 2014 2017,0,0,0,0,14,26,25,386,5,7,26,25,386,5,0,0,0,0,0,0
101,Joshua Quaid,D Grade,2005,PEELED_CENTRAL_SEASONS,2013 2016 2017 2022,0,0,0,0,5,16,14,405,7,5,15,14,405,7,0,0,0,0,0,0
101,Joshua Quaid,F Grade,2013,PEELED_CENTRAL_SEASONS,2014,0,0,0,0,0,1,1,26,0,0,1,0,0,0,0,0,0,0,0,0
102,Tyler Naidoo,A Grade,2003,PEELED_CENTRAL_SEASONS,2012 2013 2016,0,0,0,0,2,8,4,2,5,0,8,4,2,5,0,0,0,0,0,0
102,Tyler Naidoo,B Grade,2004,PEELED_CENTRAL_SEASONS,2012 2013 2015 2022,0,0,0,0,7,25,16,209,30,3,25,16,209,30,0,0,0,0,0,0
102,Tyler Naidoo,C Grade,2004,PEELED_CENTRAL_SEASONS,2013 2014 2015 2017,0,0,0,0,5,22,20,291,18,3,18,18,271,16,0,0,0,0,0,0
102,Tyler Naidoo,D Grade,2005,PEELED_CENTRAL_SEASONS,2022,0,0,0,0,0,1,1,104,1,0,1,1,104,1,0,0,0,0,0,0
102,Tyler Naidoo,E Grade,2009,PEELED_CENTRAL_SEASONS,2009 2010 2011 2014 2022,0,0,0,0,5,28,26,373,24,0,28,25,302,23,0,0,0,0,0,0
102,Tyler Naidoo,F Grade,2013,PEELED_CENTRAL_SEASONS,2014 2016,0,0,0,0,0,6,5,164,5,0,5,0,0,0,0,0,0,0,0,0
103,Daniel Baker,A Grade,2003,PEELED_CENTRAL_SEASONS,2014 2015 2016 2018,0,0,0,0,3,5,4,14,0,0,4,4,14,0,0,0,0,0,0,0
103,Daniel Baker,B Grade,2004,PEELED_CENTRAL_SEASONS,2013 2014 2015 2016 2018,0,0,0,2,14,29,26,303,1,0,25,25,300,1,0,0,0,0,0,0
103,Daniel Baker,B Grade,2004,UNCOVERED_CENTRAL_SEASONS,2011,0,0,0,2,14,1,0,0,0,0,0,0,0,0,0,0,0,0,0,0
103,Daniel Baker,C Grade,2004,PEELED_CENTRAL_SEASONS,2010 2011 2012 2013 2014,1,0,0,0,15,26,19,428,1,0,23,19,428,1,0,0,0,0,0,0
103,Daniel Baker,E Grade,2009,PEELED_CENTRAL_SEASONS,2011 2012 2016,0,0,0,0,7,26,22,291,6,0,26,21,262,5,0,0,0,0,0,0
104,Dave Somers,C Grade,2004,PEELED_CENTRAL_SEASONS,2014,0,0,0,0,1,1,1,11,0,0,1,1,11,0,0,0,0,0,0,0
104,Dave Somers,D Grade,2005,PEELED_CENTRAL_SEASONS,2012 2014 2015,0,0,0,0,1,12,12,213,0,4,12,12,213,0,0,0,0,0,0,0
104,Dave Somers,E Grade,2009,PEELED_CENTRAL_SEASONS,2012 2013 2014 2015 2016 2017,0,0,0,0,3,73,70,2423,7,9,71,16,794,7,0,0,0,0,0,0
105,Andrew Tatterson,A Grade,2003,PEELED_CENTRAL_SEASONS,2012 2013 2014 2015 2016 2017,0,0,0,0,21,91,78,2023,107,17,80,78,2023,107,0,0,0,0,0,0
107,Chris Love,D Grade,2005,PEELED_CENTRAL_SEASONS,2017,0,0,0,0,0,1,1,11,0,0,1,1,11,0,0,0,0,0,0,0
107,Chris Love,E Grade,2009,PEELED_CENTRAL_SEASONS,2012 2013 2014,0,0,0,0,4,34,9,49,38,1,31,9,49,31,0,0,0,0,0,0
107,Chris Love,F Grade,2013,PEELED_CENTRAL_SEASONS,2013 2014 2015 2016,0,0,0,0,3,33,8,11,44,2,30,3,5,10,0,0,0,0,0,0
108,Andrew Pocklington,B Grade,2004,PEELED_CENTRAL_SEASONS,2006 2007 2008 2012 2014,0,0,0,0,5,17,15,129,17,3,17,15,129,17,0,0,0,0,0,0
108,Andrew Pocklington,C Grade,2004,PEELED_CENTRAL_SEASONS,2006 2007 2008 2012 2013 2014 2015 2016,1,1,0,2,8,39,25,401,44,5,35,25,401,44,0,0,0,0,0,0
108,Andrew Pocklington,D Grade,2005,PEELED_CENTRAL_SEASONS,2012 2015,0,0,0,0,0,11,10,232,10,0,10,9,0,0,0,0,0,0,0,0
108,Andrew Pocklington,F Grade,2013,PEELED_CENTRAL_SEASONS,2016,0,0,0,0,0,1,1,5,3,0,1,0,0,0,0,0,0,0,0,0
109,Adam Gray,B Grade,2004,PEELED_CENTRAL_SEASONS,2020 2021 2022 2023 2024,0,0,0,0,5,22,17,213,8,10,22,17,180,8,0,0,0,0,0,0
109,Adam Gray,D Grade,2005,PEELED_CENTRAL_SEASONS,2019 2020 2021 2023,0,0,0,0,6,35,33,1158,18,15,32,9,222,1,0,0,0,0,0,0
109,Adam Gray,E Grade,2009,PEELED_CENTRAL_SEASONS,2025,0,0,0,0,0,1,1,8,1,0,1,1,8,1,0,0,0,0,0,0
110,Mason Austin,B Grade,2004,PEELED_CENTRAL_SEASONS,2014 2015 2019 2020,0,0,0,0,5,8,3,0,2,0,3,3,0,0,0,0,0,0,0,0
110,Mason Austin,C Grade,2004,PEELED_CENTRAL_SEASONS,2013 2015,0,0,0,0,1,2,0,0,3,0,1,0,0,3,0,0,0,0,0,0
110,Mason Austin,D Grade,2005,PEELED_CENTRAL_SEASONS,2016 2017 2018 2019 2020,0,0,0,0,0,30,22,145,14,3,28,8,51,0,0,0,0,0,0,0
110,Mason Austin,E Grade,2009,PEELED_CENTRAL_SEASONS,2014 2015 2016 2017,0,0,0,0,0,30,19,141,30,1,30,1,34,0,0,0,0,0,0,0
110,Mason Austin,F Grade,2013,PEELED_CENTRAL_SEASONS,2014 2015 2021,0,0,0,0,0,21,15,254,3,5,14,4,119,0,0,0,0,0,0,0
111,Nathan Pasco,C Grade,2004,PEELED_CENTRAL_SEASONS,2017,0,0,0,0,2,4,4,22,4,1,4,4,22,4,0,0,0,0,0,0
111,Nathan Pasco,D Grade,2005,PEELED_CENTRAL_SEASONS,2013 2014 2015 2016 2017,0,0,6,0,1,24,21,185,37,7,24,20,185,2,0,0,0,0,0,0
111,Nathan Pasco,E Grade,2009,PEELED_CENTRAL_SEASONS,2013 2014 2015,0,0,0,0,0,4,1,4,2,0,3,0,0,2,0,0,0,0,0,0
111,Nathan Pasco,F Grade,2013,PEELED_CENTRAL_SEASONS,2013 2014 2015 2016,0,0,0,0,5,51,36,631,56,6,45,10,163,17,0,0,0,0,0,0
112,Rod Tregenza,A Grade,2003,PEELED_CENTRAL_SEASONS,2005 2006 2009,0,0,0,0,13,40,31,444,40,19,37,31,444,40,0,0,0,0,0,0
112,Rod Tregenza,B Grade,2004,PEELED_CENTRAL_SEASONS,2005 2007 2009,0,0,0,0,8,11,11,266,9,11,11,11,266,9,0,0,0,0,0,0
112,Rod Tregenza,C Grade,2004,PEELED_CENTRAL_SEASONS,2007 2008 2011 2013,0,0,0,0,23,30,29,933,42,23,30,29,924,42,0,0,0,0,0,0
113,Montanna Kelly-Wilson,F Grade,2013,PEELED_CENTRAL_SEASONS,2021 2022,0,0,0,0,0,5,3,2,1,0,4,2,1,1,0,0,0,0,0,0
113,Montanna Kelly-Wilson,Female A Grade,2023,PEELED_CENTRAL_SEASONS,2023 2024 2025,0,0,0,0,1,34,21,158,27,5,34,21,103,27,0,0,0,0,0,0
115,Michael Niven,B Grade,2004,PEELED_CENTRAL_SEASONS,2021,0,0,0,0,0,2,2,0,0,0,2,2,0,0,0,0,0,0,0,0
115,Michael Niven,D Grade,2005,PEELED_CENTRAL_SEASONS,2021 2023 2024 2025,0,0,0,0,9,55,52,917,5,15,37,37,638,5,0,0,0,0,0,0
115,Michael Niven,E Grade,2009,PEELED_CENTRAL_SEASONS,2021 2023 2024,0,0,0,0,3,18,18,269,0,4,16,16,217,0,0,0,0,0,0,0
115,Michael Niven,F Grade,2013,PEELED_CENTRAL_SEASONS,2023 2024,0,0,0,0,0,2,2,33,0,0,2,2,33,0,0,0,0,0,0,0
116,Travis Caine,A Grade,2003,PEELED_CENTRAL_SEASONS,2023 2024 2025,0,0,0,0,11,47,36,542,4,13,45,36,493,4,0,0,0,0,0,0
116,Travis Caine,B Grade,2004,PEELED_CENTRAL_SEASONS,2023 2025,0,0,0,0,0,4,4,227,1,2,4,4,93,1,0,0,0,0,0,0
116,Travis Caine,Colts,2023,PEELED_CENTRAL_SEASONS,2023 2024 2025,0,0,0,0,3,22,18,429,11,3,18,15,222,7,0,0,0,0,0,0
116,Travis Caine,PPL,2013,PEELED_CENTRAL_SEASONS,2025,0,0,0,0,0,2,2,17,0,0,2,2,4,0,0,0,0,0,0,0
117,Blake Allen,A Grade,2003,PEELED_CENTRAL_SEASONS,2022 2023,0,0,0,0,4,9,5,12,6,1,9,5,12,6,0,0,0,0,0,0
117,Blake Allen,B Grade,2004,PEELED_CENTRAL_SEASONS,2022 2023 2024 2025,0,0,0,0,1,21,8,41,21,0,19,8,36,20,0,0,0,0,0,0
117,Blake Allen,Colts,2023,PEELED_CENTRAL_SEASONS,2023 2024 2025,0,0,2,0,4,15,12,145,9,0,13,11,145,6,0,0,0,0,0,0
117,Blake Allen,D Grade,2005,PEELED_CENTRAL_SEASONS,2017 2018 2019 2020 2021 2023 2024,0,0,0,0,6,27,19,126,21,0,21,10,69,15,0,0,0,0,0,0
117,Blake Allen,E Grade,2009,PEELED_CENTRAL_SEASONS,2021 2025,0,0,0,0,0,5,2,19,3,0,3,2,19,3,0,0,0,0,0,0
118,Dale Gumbleton,A Grade,2003,PEELED_CENTRAL_SEASONS,2013 2019,18,10,48,1,20,9,8,79,0,0,10,9,79,0,0,0,0,0,0,0
118,Dale Gumbleton,A Grade,2003,UNCOVERED_CENTRAL_SEASONS,2014 2016,18,10,48,1,20,2,0,0,0,0,2,0,0,0,0,0,0,0,0,0
118,Dale Gumbleton,B Grade,2004,PEELED_CENTRAL_SEASONS,2010 2012 2013 2014,0,0,0,0,37,43,37,778,3,0,39,37,743,3,0,0,0,0,0,0
118,Dale Gumbleton,D Grade,2005,PEELED_CENTRAL_SEASONS,2016 2019,0,0,0,0,0,2,2,66,0,0,2,1,44,0,0,0,0,0,0,0
121,Jett Demmery,A Grade,2003,PEELED_CENTRAL_SEASONS,2024 2025,0,0,0,0,7,31,10,18,27,7,29,10,15,27,0,0,0,0,0,0
121,Jett Demmery,B Grade,2004,PEELED_CENTRAL_SEASONS,2024,0,0,0,0,0,5,3,3,11,0,5,3,1,11,0,0,0,0,0,0
121,Jett Demmery,Colts,2023,PEELED_CENTRAL_SEASONS,2023 2024 2025,0,0,0,0,6,26,16,115,18,8,21,14,58,11,0,0,0,0,0,0
121,Jett Demmery,E Grade,2009,PEELED_CENTRAL_SEASONS,2022,0,0,0,0,0,1,1,1,1,0,1,1,1,1,0,0,0,0,0,0
121,Jett Demmery,F Grade,2013,PEELED_CENTRAL_SEASONS,2021 2022,0,0,0,0,0,4,3,17,6,1,4,2,5,6,0,0,0,0,0,0
121,Jett Demmery,PPL,2013,PEELED_CENTRAL_SEASONS,2024 2025,0,0,0,0,0,6,0,0,4,0,5,0,0,4,0,0,0,0,0,0
122,Mark Cruickshank,E Grade,2009,PEELED_CENTRAL_SEASONS,2011 2012 2013 2014,1,0,0,0,33,58,51,687,0,17,56,41,616,0,0,0,0,0,0,0
123,Mitchell Felton,A Grade,2003,PEELED_CENTRAL_SEASONS,2016 2018 2019 2021 2022 2023 2024 2025,0,0,0,0,6,75,20,80,92,14,67,20,71,92,0,0,0,0,0,0
123,Mitchell Felton,B Grade,2004,PEELED_CENTRAL_SEASONS,2012 2013 2014 2015 2016 2018 2021 2022 2024,12,8,22,13,18,62,23,114,75,4,51,23,114,66,0,0,0,0,0,0
123,Mitchell Felton,B Grade,2004,UNCOVERED_CENTRAL_SEASONS,2017,12,8,22,13,18,12,7,21,13,3,12,7,21,13,7,0,0,0,0,0
123,Mitchell Felton,C Grade,2004,PEELED_CENTRAL_SEASONS,2011 2012 2013 2014 2015 2017,0,0,0,0,9,26,8,6,34,9,22,8,6,34,0,0,0,0,0,0
123,Mitchell Felton,D Grade,2005,PEELED_CENTRAL_SEASONS,2011 2012,0,0,0,0,4,16,9,77,28,4,15,9,77,28,0,0,0,0,0,0
123,Mitchell Felton,PPL,2013,PEELED_CENTRAL_SEASONS,2019 2025,0,0,0,0,0,4,0,0,4,0,3,0,0,4,0,0,0,0,0,0
124,Geoffrey Buchholz,D Grade,2005,PEELED_CENTRAL_SEASONS,2008 2009 2010 2011 2013,2,0,0,0,37,59,56,1931,6,0,56,56,1931,6,0,0,0,0,0,0
124,Geoffrey Buchholz,E Grade,2009,PEELED_CENTRAL_SEASONS,2013,0,0,0,0,0,3,2,111,0,0,2,2,111,0,0,0,0,0,0,0
124,Geoffrey Buchholz,F Grade,2013,PEELED_CENTRAL_SEASONS,2013 2015,0,0,0,0,1,12,11,345,0,0,11,2,148,0,0,0,0,0,0,0
124,Geoffrey Buchholz,F Grade,2013,UNCOVERED_CENTRAL_SEASONS,2014,0,0,0,0,1,1,0,0,0,0,0,0,0,0,0,0,0,0,0,0
125,Brennan Gillam,A Grade,2003,PEELED_CENTRAL_SEASONS,2005 2007 2008 2009 2010 2011 2012,0,0,0,0,33,67,54,1159,32,2,62,54,1159,32,0,0,0,0,0,0
125,Brennan Gillam,C Grade,2004,PEELED_CENTRAL_SEASONS,2015 2017,0,0,0,0,7,9,8,247,0,0,8,8,247,0,0,0,0,0,0,0
126,Alex Quigg,A Grade,2003,PEELED_CENTRAL_SEASONS,2019 2020,0,0,0,1,3,11,10,69,7,2,11,10,69,7,0,0,0,0,0,0
126,Alex Quigg,B Grade,2004,PEELED_CENTRAL_SEASONS,2018 2019 2020,0,0,0,0,11,25,20,152,14,5,24,20,125,14,0,0,0,0,0,0
126,Alex Quigg,C Grade,2004,PEELED_CENTRAL_SEASONS,2017,0,0,0,0,0,12,7,20,14,0,12,7,20,14,0,0,0,0,0,0
126,Alex Quigg,D Grade,2005,PEELED_CENTRAL_SEASONS,2016 2017 2018 2019,0,0,0,0,0,15,12,168,10,4,13,6,5,0,0,0,0,0,0,0
127,Mick Carlton,A Grade,2003,PEELED_CENTRAL_SEASONS,2004 2006 2007,23,26,485,0,24,24,18,261,0,16,24,18,261,0,0,0,0,0,0,0
127,Mick Carlton,B Grade,2004,PEELED_CENTRAL_SEASONS,2004 2005 2006 2007 2009,0,0,0,0,7,22,21,301,0,11,22,21,286,0,0,0,0,0,0,0
128,Reid Klopper,A Grade,2003,PEELED_CENTRAL_SEASONS,2016 2017 2018,0,0,0,0,5,25,24,270,7,7,24,24,270,7,0,0,0,0,0,0
128,Reid Klopper,B Grade,2004,PEELED_CENTRAL_SEASONS,2014 2015 2016,1,1,15,0,16,24,23,346,4,0,23,23,346,1,0,0,0,0,0,0
128,Reid Klopper,B Grade,2004,UNCOVERED_CENTRAL_SEASONS,2017,1,1,15,0,16,1,1,15,0,2,1,1,15,0,2,0,0,0,0,0
128,Reid Klopper,C Grade,2004,PEELED_CENTRAL_SEASONS,2014 2015,1,0,0,0,13,19,18,353,12,10,18,18,353,12,0,0,0,0,0,0
128,Reid Klopper,D Grade,2005,PEELED_CENTRAL_SEASONS,2014,0,0,0,0,0,1,1,2,2,0,1,1,2,0,0,0,0,0,0,0
128,Reid Klopper,F Grade,2013,PEELED_CENTRAL_SEASONS,2014,0,0,0,0,0,1,1,46,0,0,1,0,0,0,0,0,0,0,0,0
129,Andrew Cocking,B Grade,2004,PEELED_CENTRAL_SEASONS,2007 2019 2020 2021,0,1,0,0,4,13,8,80,11,3,11,8,80,11,0,0,0,0,0,0
129,Andrew Cocking,C Grade,2004,PEELED_CENTRAL_SEASONS,2006 2009 2013 2014,1,1,0,0,5,20,14,87,15,5,20,14,87,15,0,0,0,0,0,0
129,Andrew Cocking,C Grade,2004,UNCOVERED_CENTRAL_SEASONS,2007,1,1,0,0,5,1,0,0,0,0,1,0,0,0,5,0,0,0,0,0
129,Andrew Cocking,D Grade,2005,PEELED_CENTRAL_SEASONS,2006 2007 2008 2013 2014 2019,0,0,0,0,15,36,25,296,48,13,33,24,296,44,0,0,0,0,0,0
129,Andrew Cocking,E Grade,2009,PEELED_CENTRAL_SEASONS,2009 2021,0,0,0,0,0,2,2,8,0,0,2,2,8,0,0,0,0,0,0,0
130,Jesse Hickman,B Grade,2004,PEELED_CENTRAL_SEASONS,2013 2014 2015 2016,2,2,14,5,4,16,11,43,17,3,15,11,43,17,0,0,0,0,0,0
130,Jesse Hickman,B Grade,2004,UNCOVERED_CENTRAL_SEASONS,2017,2,2,14,5,4,3,2,14,5,0,2,2,14,5,3,0,0,0,0,0
130,Jesse Hickman,C Grade,2004,PEELED_CENTRAL_SEASONS,2013 2015 2016 2017,1,0,0,0,8,34,24,219,42,8,33,24,219,42,0,0,0,0,0,0
130,Jesse Hickman,D Grade,2005,PEELED_CENTRAL_SEASONS,2013 2014,0,0,0,0,0,2,1,19,1,1,2,1,19,1,0,0,0,0,0,0
130,Jesse Hickman,E Grade,2009,PEELED_CENTRAL_SEASONS,2014,0,0,0,0,0,13,10,101,21,0,13,0,0,0,0,0,0,0,0,0
130,Jesse Hickman,F Grade,2013,PEELED_CENTRAL_SEASONS,2013 2014,1,0,0,0,0,3,2,5,2,0,3,1,1,0,0,0,0,0,0,0
131,Bradley Wiseman,A Grade,2003,PEELED_CENTRAL_SEASONS,2010 2011 2012 2013 2014,0,0,0,0,20,58,51,1100,0,0,54,51,1100,0,0,0,0,0,0,0
131,Bradley Wiseman,B Grade,2004,PEELED_CENTRAL_SEASONS,2010 2012 2014,0,0,0,0,1,11,11,181,0,0,11,11,181,0,0,0,0,0,0,0
132,Karan Mehta,B Grade,2004,PEELED_CENTRAL_SEASONS,2004 2005 2006 2007,11,11,75,4,12,21,18,222,34,9,21,18,222,34,0,0,0,0,0,0
132,Karan Mehta,C Grade,2004,PEELED_CENTRAL_SEASONS,2004 2005 2006 2007 2008,14,13,273,43,19,32,19,194,31,10,20,19,194,31,0,0,0,0,0,0
133,Hudson Malingre,A Grade,2003,PEELED_CENTRAL_SEASONS,2025,0,0,0,0,0,1,1,0,1,0,1,1,0,1,0,0,0,0,0,0
133,Hudson Malingre,B Grade,2004,PEELED_CENTRAL_SEASONS,2020 2024 2025,0,0,14,0,8,42,17,70,59,10,42,17,70,59,0,0,0,0,0,0
133,Hudson Malingre,Colts,2023,PEELED_CENTRAL_SEASONS,2024 2025,0,0,0,0,5,16,5,34,8,5,12,4,19,5,0,0,0,0,0,0
133,Hudson Malingre,D Grade,2005,PEELED_CENTRAL_SEASONS,2019 2020,0,0,0,0,0,13,7,40,12,1,12,0,0,0,0,0,0,0,0,0
134,Jake Bennett,Colts,2023,PEELED_CENTRAL_SEASONS,2025,0,0,0,0,0,3,1,3,4,0,3,1,3,4,0,0,0,0,0,0
134,Jake Bennett,D Grade,2005,PEELED_CENTRAL_SEASONS,2025,0,0,0,0,1,9,4,20,11,1,8,4,3,11,0,0,0,0,0,0
134,Jake Bennett,E Grade,2009,PEELED_CENTRAL_SEASONS,2022 2023 2024 2025,0,0,0,0,5,40,13,30,38,2,36,10,21,34,0,0,0,0,0,0
134,Jake Bennett,F Grade,2013,PEELED_CENTRAL_SEASONS,2022 2024 2025,0,0,0,0,1,13,11,22,11,1,13,11,18,11,0,0,0,0,0,0
135,Craig White,A Grade,2003,PEELED_CENTRAL_SEASONS,2003 2004 2005 2006 2007 2008,1,0,21,23,38,64,59,1630,91,25,63,56,1630,91,0,0,0,0,0,0
136,Keelan Beattie,A Grade,2003,PEELED_CENTRAL_SEASONS,2022 2023 2024,0,0,0,0,15,50,42,768,0,0,49,42,768,0,0,0,0,0,0,0
136,Keelan Beattie,B Grade,2004,PEELED_CENTRAL_SEASONS,2022 2025,0,0,0,0,1,5,5,127,2,0,4,4,94,1,0,0,0,0,0,0
136,Keelan Beattie,PPL,2013,PEELED_CENTRAL_SEASONS,2022 2023,0,0,0,0,0,9,5,44,3,0,5,3,27,0,0,0,0,0,0,0
137,Shane Goldsmid,C Grade,2004,PEELED_CENTRAL_SEASONS,2005,32,28,215,17,6,5,3,12,3,0,5,3,12,3,0,0,0,0,0,0
137,Shane Goldsmid,C Grade,2004,UNCOVERED_CENTRAL_SEASONS,2004,32,28,215,17,6,4,0,0,0,0,4,0,0,0,0,0,0,0,0,0
137,Shane Goldsmid,D Grade,2005,PEELED_CENTRAL_SEASONS,2005,0,0,0,0,2,8,8,146,8,2,7,7,120,7,0,0,0,0,0,0
138,Caden Mccarthy,B Grade,2004,PEELED_CENTRAL_SEASONS,2006 2007 2008 2009 2010 2012,1,1,18,0,15,61,47,527,58,13,59,47,527,58,0,0,0,0,0,0
138,Caden Mccarthy,D Grade,2005,PEELED_CENTRAL_SEASONS,2008,0,0,0,0,0,1,1,16,3,0,1,1,0,0,0,0,0,0,0,0
138,Caden Mccarthy,F Grade,2013,PEELED_CENTRAL_SEASONS,2013 2016,0,0,0,0,0,2,2,42,0,0,2,1,35,0,0,0,0,0,0,0
139,Brendan Chappell,B Grade,2004,UNCOVERED_CENTRAL_SEASONS,2017,8,7,32,7,4,12,8,32,7,0,8,7,32,7,0,0,0,0,0,0
139,Brendan Chappell,C Grade,2004,PEELED_CENTRAL_SEASONS,2014 2015 2017,1,0,0,0,8,18,11,90,16,1,16,11,90,16,0,0,0,0,0,0
139,Brendan Chappell,D Grade,2005,PEELED_CENTRAL_SEASONS,2014 2015 2016 2017,0,0,0,0,0,24,20,218,22,1,24,20,218,0,0,0,0,0,0,0
139,Brendan Chappell,E Grade,2009,PEELED_CENTRAL_SEASONS,2014,0,0,0,0,0,1,1,7,0,0,1,0,0,0,0,0,0,0,0,0
139,Brendan Chappell,F Grade,2013,PEELED_CENTRAL_SEASONS,2016,0,0,0,0,0,8,7,154,12,1,8,0,0,0,0,0,0,0,0,0
140,Bradley Smith,B Grade,2004,PEELED_CENTRAL_SEASONS,2005 2006 2007 2008,31,30,548,0,7,10,9,100,0,0,9,9,100,0,0,0,0,0,0,0
140,Bradley Smith,C Grade,2004,PEELED_CENTRAL_SEASONS,2006 2007 2008 2009,0,0,0,0,6,17,15,301,0,0,17,15,301,0,0,0,0,0,0,0
140,Bradley Smith,D Grade,2005,PEELED_CENTRAL_SEASONS,2007 2008,0,0,0,0,0,3,3,99,0,0,3,3,99,0,0,0,0,0,0,0
140,Bradley Smith,E Grade,2009,PEELED_CENTRAL_SEASONS,2011,0,0,0,0,2,2,2,8,1,0,2,2,8,1,0,0,0,0,0,0
141,Ross Burrage,B Grade,2004,PEELED_CENTRAL_SEASONS,2008 2009 2010 2011,0,0,0,0,12,47,31,285,56,1,46,31,285,56,0,0,0,0,0,0
141,Ross Burrage,D Grade,2005,PEELED_CENTRAL_SEASONS,2012 2013,1,0,0,0,2,18,10,154,33,0,16,10,154,33,0,0,0,0,0,0
142,Ric Mulcahy,D Grade,2005,PEELED_CENTRAL_SEASONS,2015,0,0,0,0,0,3,3,136,0,0,3,3,136,0,0,0,0,0,0,0
142,Ric Mulcahy,E Grade,2009,PEELED_CENTRAL_SEASONS,2013 2014 2015,0,0,0,0,2,51,42,822,30,3,42,14,168,4,0,0,0,0,0,0
143,Philip Head,B Grade,2004,PEELED_CENTRAL_SEASONS,2014 2015 2016 2019,0,0,0,0,3,18,11,36,20,0,3,3,22,20,0,0,0,0,0,0
143,Philip Head,C Grade,2004,PEELED_CENTRAL_SEASONS,2015 2016 2022,0,0,0,0,1,7,5,38,8,1,5,4,28,8,0,0,0,0,0,0
143,Philip Head,D Grade,2005,PEELED_CENTRAL_SEASONS,2014 2019 2021,0,0,0,0,0,15,7,35,16,4,12,7,35,4,0,0,0,0,0,0
143,Philip Head,E Grade,2009,PEELED_CENTRAL_SEASONS,2021 2023,0,0,0,0,5,11,9,86,7,5,10,8,10,7,0,0,0,0,0,0
143,Philip Head,F Grade,2013,PEELED_CENTRAL_SEASONS,2023 2024 2025,0,0,0,0,18,39,34,1055,8,18,39,34,951,8,0,0,0,0,0,0
144,Rylan Arms,B Grade,2004,PEELED_CENTRAL_SEASONS,2022 2023 2024 2025,0,0,0,0,11,60,49,759,26,24,57,48,758,25,0,0,0,0,0,0
144,Rylan Arms,D Grade,2005,PEELED_CENTRAL_SEASONS,2022 2024,0,0,0,0,0,2,2,24,5,1,2,2,24,5,0,0,0,0,0,0
144,Rylan Arms,E Grade,2009,PEELED_CENTRAL_SEASONS,2022,0,0,0,0,0,1,1,48,0,0,1,1,48,0,0,0,0,0,0,0
144,Rylan Arms,F Grade,2013,PEELED_CENTRAL_SEASONS,2022,0,0,0,0,0,1,1,24,0,0,1,1,24,0,0,0,0,0,0,0
145,Ben Kissell,B Grade,2004,PEELED_CENTRAL_SEASONS,2018 2019,0,0,0,0,0,3,3,32,1,0,3,3,32,1,0,0,0,0,0,0
145,Ben Kissell,D Grade,2005,PEELED_CENTRAL_SEASONS,2018 2019 2022,0,0,0,0,0,19,17,208,17,0,17,3,50,1,0,0,0,0,0,0
145,Ben Kissell,E Grade,2009,PEELED_CENTRAL_SEASONS,2011 2021,0,0,0,0,9,18,15,299,19,0,16,15,299,19,0,0,0,0,0,0
145,Ben Kissell,F Grade,2013,PEELED_CENTRAL_SEASONS,2013 2014 2016 2021,0,0,0,0,1,24,19,455,20,0,22,8,173,9,0,0,0,0,0,0
146,Joseph Slade,A Grade,2003,PEELED_CENTRAL_SEASONS,2020 2021 2022,0,0,0,1,3,36,11,114,33,3,31,11,114,33,0,0,0,0,0,0
146,Joseph Slade,B Grade,2004,PEELED_CENTRAL_SEASONS,2021 2023 2024,0,0,0,0,0,12,8,79,19,4,12,8,79,19,0,0,0,0,0,0
146,Joseph Slade,E Grade,2009,PEELED_CENTRAL_SEASONS,2021 2024,0,0,0,0,1,7,4,101,2,1,5,4,101,2,0,0,0,0,0,0
146,Joseph Slade,F Grade,2013,PEELED_CENTRAL_SEASONS,2021,0,0,0,0,0,1,0,0,0,0,1,0,0,0,0,0,0,0,0,0
147,Peter Walsh,B Grade,2004,PEELED_CENTRAL_SEASONS,2025,0,0,0,0,0,3,3,34,0,0,3,3,15,0,0,0,0,0,0,0
147,Peter Walsh,Colts,2023,PEELED_CENTRAL_SEASONS,2023 2024 2025,0,0,8,0,2,21,10,39,4,4,16,9,39,4,0,0,0,0,0,0
147,Peter Walsh,D Grade,2005,PEELED_CENTRAL_SEASONS,2024 2025,0,0,0,0,8,21,9,49,22,8,21,9,46,22,0,0,0,0,0,0
147,Peter Walsh,E Grade,2009,PEELED_CENTRAL_SEASONS,2024 2025,0,0,0,0,1,6,4,11,1,1,4,4,11,1,0,0,0,0,0,0
147,Peter Walsh,F Grade,2013,PEELED_CENTRAL_SEASONS,2023 2024,0,0,0,0,2,10,10,156,7,2,10,10,135,7,0,0,0,0,0,0
148,Rodney Watt,D Grade,2005,PEELED_CENTRAL_SEASONS,2014 2015 2017,0,0,0,0,0,11,6,26,8,0,10,6,26,0,0,0,0,0,0,0
148,Rodney Watt,E Grade,2009,PEELED_CENTRAL_SEASONS,2013 2014 2015 2016 2017,1,0,0,0,1,51,15,79,84,5,48,1,0,13,0,0,0,0,0,0
149,Grant Pattison,B Grade,2004,PEELED_CENTRAL_SEASONS,2021 2023 2025,0,0,0,0,0,3,0,0,1,2,3,0,0,1,0,0,0,0,0,0
149,Grant Pattison,D Grade,2005,PEELED_CENTRAL_SEASONS,2019 2023 2024 2025,2,0,0,0,5,45,24,143,53,6,42,17,52,45,0,0,0,0,0,0
149,Grant Pattison,E Grade,2009,PEELED_CENTRAL_SEASONS,2021 2024,0,0,0,0,1,7,2,6,8,2,7,2,6,8,0,0,0,0,0,0
149,Grant Pattison,F Grade,2013,PEELED_CENTRAL_SEASONS,2024,0,0,0,0,0,2,1,8,8,0,2,1,8,8,0,0,0,0,0,0
150,Michael Holmes,A Grade,2003,PEELED_CENTRAL_SEASONS,2003 2004 2005 2006,4,4,33,2,29,51,47,1028,13,16,51,47,1028,13,0,0,0,0,0,0
151,Joe Lovell,B Grade,2004,PEELED_CENTRAL_SEASONS,2018 2019 2021,0,0,0,0,0,10,7,24,4,2,10,7,24,4,0,0,0,0,0,0
151,Joe Lovell,D Grade,2005,PEELED_CENTRAL_SEASONS,2017 2018 2021 2022,0,0,0,0,0,16,10,81,16,2,13,5,28,4,0,0,0,0,0,0
151,Joe Lovell,E Grade,2009,PEELED_CENTRAL_SEASONS,2014 2017 2021,0,0,0,0,0,13,11,89,11,10,12,8,45,6,0,0,0,0,0,0
151,Joe Lovell,F Grade,2013,PEELED_CENTRAL_SEASONS,2014 2015 2021,0,0,0,0,0,14,11,95,11,1,11,1,11,2,0,0,0,0,0,0
152,Andrew Pasco,A Grade,2003,PEELED_CENTRAL_SEASONS,2018,0,0,0,0,3,5,2,1,1,3,5,2,1,1,0,0,0,0,0,0
152,Andrew Pasco,B Grade,2004,PEELED_CENTRAL_SEASONS,2018 2019,2,1,0,4,2,11,8,70,17,2,11,8,70,17,0,0,0,0,0,0
152,Andrew Pasco,B Grade,2004,UNCOVERED_CENTRAL_SEASONS,2017,2,1,0,4,2,2,1,0,4,0,2,1,0,4,2,0,0,0,0,0
152,Andrew Pasco,C Grade,2004,PEELED_CENTRAL_SEASONS,2016 2017,0,0,0,0,6,13,8,28,17,5,12,8,28,17,0,0,0,0,0,0
152,Andrew Pasco,D Grade,2005,PEELED_CENTRAL_SEASONS,2016,0,0,0,0,0,11,5,12,10,0,11,5,12,0,0,0,0,0,0,0
153,James Finlay,B Grade,2004,PEELED_CENTRAL_SEASONS,2014 2020,0,0,0,0,2,3,2,3,1,1,2,2,3,1,0,0,0,0,0,0
153,James Finlay,C Grade,2004,PEELED_CENTRAL_SEASONS,2014,0,0,0,0,0,2,1,4,3,0,2,1,4,3,0,0,0,0,0,0
153,James Finlay,D Grade,2005,PEELED_CENTRAL_SEASONS,2014 2015 2016 2019 2020,0,0,0,0,0,29,19,83,25,1,28,15,71,0,0,0,0,0,0,0
153,James Finlay,E Grade,2009,PEELED_CENTRAL_SEASONS,2014,0,0,0,0,0,3,1,15,1,0,3,0,0,0,0,0,0,0,0,0
153,James Finlay,F Grade,2013,PEELED_CENTRAL_SEASONS,2014 2015,0,0,0,0,0,19,9,43,26,1,16,0,0,0,0,0,0,0,0,0
155,Joshua Fourez,A Grade,2003,PEELED_CENTRAL_SEASONS,2019 2020,0,0,0,0,3,12,8,54,0,3,10,8,54,0,0,0,0,0,0,0
155,Joshua Fourez,B Grade,2004,PEELED_CENTRAL_SEASONS,2018 2020 2021 2024,0,0,0,0,18,39,37,487,6,24,38,37,471,6,0,0,0,0,0,0
155,Joshua Fourez,D Grade,2005,PEELED_CENTRAL_SEASONS,2017 2018,0,0,0,0,0,4,2,31,0,1,2,1,6,0,0,0,0,0,0,0
156,Josh Finlay,D Grade,2005,PEELED_CENTRAL_SEASONS,2007 2008 2009 2017,0,0,0,0,13,34,25,203,41,13,33,25,203,41,0,0,0,0,0,0
156,Josh Finlay,E Grade,2009,PEELED_CENTRAL_SEASONS,2009 2010 2011,0,0,0,0,9,21,21,342,12,3,21,21,342,12,0,0,0,0,0,0
158,Danni Render,Female A Grade,2023,PEELED_CENTRAL_SEASONS,2023 2024,0,0,0,0,0,13,6,11,4,1,13,6,6,4,0,0,0,0,0,0
159,Jake Pattison,A Grade,2003,PEELED_CENTRAL_SEASONS,2021,0,0,0,0,5,11,4,9,9,5,10,4,9,9,0,0,0,0,0,0
159,Jake Pattison,B Grade,2004,PEELED_CENTRAL_SEASONS,2021,0,0,0,0,0,6,5,16,12,2,6,5,16,12,0,0,0,0,0,0
159,Jake Pattison,Colts,2023,PEELED_CENTRAL_SEASONS,2023 2024 2025,0,0,0,0,7,18,17,223,14,8,16,15,133,14,0,0,0,0,0,0
159,Jake Pattison,D Grade,2005,PEELED_CENTRAL_SEASONS,2019 2020,0,0,0,0,0,11,10,54,10,0,11,0,0,0,0,0,0,0,0,0
159,Jake Pattison,F Grade,2013,PEELED_CENTRAL_SEASONS,2020,0,0,0,0,0,1,1,19,1,0,1,0,0,0,0,0,0,0,0,0
159,Jake Pattison,PPL,2013,PEELED_CENTRAL_SEASONS,2021 2023 2025,0,0,0,0,4,8,0,0,7,4,7,0,0,7,0,0,0,0,0,0
160,Christopher Thomas,A Grade,2003,PEELED_CENTRAL_SEASONS,2013 2016,0,0,0,0,1,13,12,137,1,2,12,12,137,1,0,0,0,0,0,0
160,Christopher Thomas,B Grade,2004,PEELED_CENTRAL_SEASONS,2013 2015 2016 2021,0,0,0,0,4,7,7,96,1,0,7,7,95,1,0,0,0,0,0,0
160,Christopher Thomas,C Grade,2004,PEELED_CENTRAL_SEASONS,2013 2015 2016,0,0,0,0,3,10,9,97,5,1,9,9,97,5,0,0,0,0,0,0
160,Christopher Thomas,D Grade,2005,PEELED_CENTRAL_SEASONS,2013 2015 2016,0,0,0,0,4,9,9,340,0,4,9,9,340,0,0,0,0,0,0,0
160,Christopher Thomas,E Grade,2009,PEELED_CENTRAL_SEASONS,2013,0,0,0,0,5,6,4,235,0,0,4,4,235,0,0,0,0,0,0,0
160,Christopher Thomas,F Grade,2013,PEELED_CENTRAL_SEASONS,2013,0,0,0,0,5,6,5,178,3,1,5,5,178,3,0,0,0,0,0,0
162,Declan Chappell,B Grade,2004,PEELED_CENTRAL_SEASONS,2015 2016 2021,19,18,313,0,21,35,31,442,4,4,31,30,420,4,0,0,0,0,0,0
162,Declan Chappell,B Grade,2004,UNCOVERED_CENTRAL_SEASONS,2017,19,18,313,0,21,19,18,313,0,6,19,18,313,0,10,0,0,0,0,0
162,Declan Chappell,D Grade,2005,PEELED_CENTRAL_SEASONS,2014,0,0,0,0,0,1,1,17,0,0,1,1,17,0,0,0,0,0,0,0
163,Ben Dreckow,D Grade,2005,PEELED_CENTRAL_SEASONS,2020 2022,0,0,0,0,0,9,5,43,6,0,9,3,39,6,0,0,0,0,0,0
163,Ben Dreckow,E Grade,2009,PEELED_CENTRAL_SEASONS,2021 2022 2024,0,0,0,0,0,8,4,28,0,0,6,4,28,0,0,0,0,0,0,0
163,Ben Dreckow,F Grade,2013,PEELED_CENTRAL_SEASONS,2020 2021 2022 2023 2024 2025,0,0,0,0,2,39,32,348,24,5,37,31,278,23,0,0,0,0,0,0
164,Andre Geeraets,E Grade,2009,PEELED_CENTRAL_SEASONS,2021 2022,0,0,0,1,0,8,7,22,0,2,7,6,18,0,0,0,0,0,0,0
164,Andre Geeraets,F Grade,2013,PEELED_CENTRAL_SEASONS,2020 2021 2022 2023 2024,0,0,5,0,3,44,32,65,4,3,41,24,65,4,0,0,0,0,0,0
165,Prabhjot Singh Makkar,C Grade,2004,PEELED_CENTRAL_SEASONS,2014 2015 2016,0,0,0,0,7,12,10,149,6,6,10,10,149,6,0,0,0,0,0,0
165,Prabhjot Singh Makkar,D Grade,2005,PEELED_CENTRAL_SEASONS,2014 2015 2016,0,0,0,0,0,27,26,493,14,6,27,26,493,0,0,0,0,0,0,0
165,Prabhjot Singh Makkar,E Grade,2009,PEELED_CENTRAL_SEASONS,2013 2014,4,0,0,0,0,4,3,141,1,0,4,3,31,1,0,0,0,0,0,0
165,Prabhjot Singh Makkar,F Grade,2013,PEELED_CENTRAL_SEASONS,2013 2014,1,0,0,0,2,10,9,280,4,1,10,8,139,4,0,0,0,0,0,0
167,Russell Moffat,B Grade,2004,PEELED_CENTRAL_SEASONS,2023 2025,0,0,0,0,3,3,2,6,1,3,3,2,3,1,0,0,0,0,0,0
167,Russell Moffat,D Grade,2005,PEELED_CENTRAL_SEASONS,2023 2024 2025,2,0,0,0,12,44,34,500,16,12,41,34,294,16,0,0,0,0,0,0
167,Russell Moffat,E Grade,2009,PEELED_CENTRAL_SEASONS,2023 2024,0,0,0,0,0,2,2,56,2,0,2,2,52,2,0,0,0,0,0,0
168,Jobin Muthukattil Kuriakose,D Grade,2005,PEELED_CENTRAL_SEASONS,2025,0,0,0,0,0,1,0,0,0,0,1,0,0,0,0,0,0,0,0,0
168,Jobin Muthukattil Kuriakose,E Grade,2009,PEELED_CENTRAL_SEASONS,2022 2023 2025,0,0,0,0,0,12,9,15,7,2,11,7,4,7,0,0,0,0,0,0
168,Jobin Muthukattil Kuriakose,F Grade,2013,PEELED_CENTRAL_SEASONS,2022 2023 2024 2025,1,0,26,0,3,36,19,101,23,4,34,19,101,23,0,0,0,0,0,0
169,Kim Buchholz,C Grade,2004,PEELED_CENTRAL_SEASONS,2009 2011 2015,0,0,0,0,2,4,4,43,0,0,2,2,32,0,0,0,0,0,0,0
169,Kim Buchholz,D Grade,2005,PEELED_CENTRAL_SEASONS,2009 2010 2015,0,0,0,0,21,39,32,351,1,0,39,32,351,0,0,0,0,0,0,0
169,Kim Buchholz,E Grade,2009,PEELED_CENTRAL_SEASONS,2010 2011,0,0,0,0,3,3,3,101,0,0,3,3,101,0,0,0,0,0,0,0
169,Kim Buchholz,F Grade,2013,PEELED_CENTRAL_SEASONS,2013,0,0,0,0,1,4,3,50,0,0,3,3,50,0,0,0,0,0,0,0
170,Bodie Terbeeke,D Grade,2005,PEELED_CENTRAL_SEASONS,2022 2023 2024,0,0,2,0,2,8,5,43,1,0,7,5,43,1,0,0,0,0,0,0
170,Bodie Terbeeke,E Grade,2009,PEELED_CENTRAL_SEASONS,2021 2022 2023 2024,0,0,0,0,6,26,25,238,2,0,21,20,169,2,0,0,0,0,0,0
170,Bodie Terbeeke,F Grade,2013,PEELED_CENTRAL_SEASONS,2021 2022 2023,0,0,0,0,1,16,14,237,18,0,13,13,233,15,0,0,0,0,0,0
172,Mathew Skender,A Grade,2003,PEELED_CENTRAL_SEASONS,2008 2013,0,0,0,0,1,7,7,161,2,1,7,7,161,2,0,0,0,0,0,0
172,Mathew Skender,B Grade,2004,PEELED_CENTRAL_SEASONS,2008 2009 2012 2013,1,0,0,0,17,30,26,1077,4,5,28,26,1077,4,0,0,0,0,0,0
172,Mathew Skender,C Grade,2004,PEELED_CENTRAL_SEASONS,2008 2012,0,0,0,0,2,9,8,445,1,4,9,8,445,1,0,0,0,0,0,0
173,Greg Stack,D Grade,2005,PEELED_CENTRAL_SEASONS,2017,0,0,0,0,0,1,1,2,1,0,1,1,2,0,0,0,0,0,0,0
173,Greg Stack,E Grade,2009,PEELED_CENTRAL_SEASONS,2015 2016 2017,0,0,0,0,0,46,44,1127,11,8,44,0,0,0,0,0,0,0,0,0
173,Greg Stack,F Grade,2013,PEELED_CENTRAL_SEASONS,2015,0,0,0,0,0,1,1,12,0,0,1,0,0,0,0,0,0,0,0,0
174,Christopher Mccarthy,D Grade,2005,PEELED_CENTRAL_SEASONS,2010 2011,1,0,0,0,0,19,18,240,0,6,18,18,240,0,0,0,0,0,0,0
174,Christopher Mccarthy,E Grade,2009,PEELED_CENTRAL_SEASONS,2009 2010 2011,0,0,0,0,14,27,27,495,7,8,27,27,495,7,0,0,0,0,0,0
175,Shreyas Dighe,D Grade,2005,PEELED_CENTRAL_SEASONS,2024 2025,0,0,0,0,2,7,5,17,4,2,7,5,5,4,0,0,0,0,0,0
175,Shreyas Dighe,E Grade,2009,PEELED_CENTRAL_SEASONS,2022 2023 2024 2025,0,0,0,0,3,26,9,22,16,3,25,9,14,16,0,0,0,0,0,0
175,Shreyas Dighe,F Grade,2013,PEELED_CENTRAL_SEASONS,2022 2023 2024 2025,0,0,0,0,2,13,8,52,13,2,13,8,49,13,0,0,0,0,0,0
176,Brett Knight,C Grade,2004,PEELED_CENTRAL_SEASONS,2006 2017,0,0,0,0,2,11,10,63,0,0,4,4,33,0,0,0,0,0,0,0
176,Brett Knight,E Grade,2009,PEELED_CENTRAL_SEASONS,2015 2016 2017,0,0,0,0,0,41,25,278,47,1,39,0,0,0,0,0,0,0,0,0
177,Aden Chinnery,D Grade,2005,PEELED_CENTRAL_SEASONS,2021 2022,0,0,0,0,0,5,5,19,3,2,3,3,11,3,0,0,0,0,0,0
177,Aden Chinnery,E Grade,2009,PEELED_CENTRAL_SEASONS,2021 2022 2023,0,0,0,0,0,34,22,194,26,4,28,18,161,16,0,0,0,0,0,0
177,Aden Chinnery,F Grade,2013,PEELED_CENTRAL_SEASONS,2023,1,0,0,0,4,7,6,47,6,5,6,6,21,6,0,0,0,0,0,0
178,Norman Mcgough,E Grade,2009,PEELED_CENTRAL_SEASONS,2011 2012 2013 2014,0,0,0,0,9,42,22,103,0,2,41,20,63,0,0,0,0,0,0,0
178,Norman Mcgough,F Grade,2013,PEELED_CENTRAL_SEASONS,2014,0,0,0,0,0,4,3,28,0,1,4,0,0,0,0,0,0,0,0,0
179,Pablo Roig,C Grade,2004,UNCOVERED_CENTRAL_SEASONS,2004,15,11,28,1,1,5,0,0,0,0,5,0,0,0,0,0,0,0,0,0
179,Pablo Roig,D Grade,2005,PEELED_CENTRAL_SEASONS,2005 2007,0,0,0,0,12,19,16,56,4,12,19,16,56,4,0,0,0,0,0,0
179,Pablo Roig,E Grade,2009,PEELED_CENTRAL_SEASONS,2009 2010 2012,0,0,0,0,1,10,6,38,0,1,10,6,38,0,0,0,0,0,0,0
180,Blair Cartwright,A Grade,2003,PEELED_CENTRAL_SEASONS,2012 2013 2014,1,0,0,0,11,22,17,211,0,0,18,17,211,0,0,0,0,0,0,0
180,Blair Cartwright,B Grade,2004,PEELED_CENTRAL_SEASONS,2012 2013 2014,0,0,0,0,13,26,23,692,0,0,20,19,609,0,0,0,0,0,0,0
180,Blair Cartwright,C Grade,2004,PEELED_CENTRAL_SEASONS,2013,0,0,0,0,0,1,1,97,0,0,1,1,97,0,0,0,0,0,0,0
181,Julie Ophel,Female A Grade,2023,PEELED_CENTRAL_SEASONS,2023,1,0,0,0,0,9,8,30,10,0,9,8,24,10,0,0,0,0,0,0
182,Anurag Natu,D Grade,2005,PEELED_CENTRAL_SEASONS,2024,0,0,0,0,0,1,1,1,0,0,1,1,1,0,0,0,0,0,0,0
182,Anurag Natu,E Grade,2009,PEELED_CENTRAL_SEASONS,2022 2023 2024,0,0,0,0,2,12,10,73,11,3,11,9,72,9,0,0,0,0,0,0
182,Anurag Natu,F Grade,2013,PEELED_CENTRAL_SEASONS,2013 2022 2023 2024,1,0,0,0,5,31,26,289,19,4,30,26,247,19,0,0,0,0,0,0
183,James Reid,C Grade,2004,PEELED_CENTRAL_SEASONS,2014,0,0,0,0,0,2,1,0,0,0,2,1,0,0,0,0,0,0,0,0
183,James Reid,D Grade,2005,PEELED_CENTRAL_SEASONS,2015 2016 2017,0,0,0,0,0,28,26,290,22,3,27,26,288,0,0,0,0,0,0,0
183,James Reid,E Grade,2009,PEELED_CENTRAL_SEASONS,2016 2017,0,0,0,0,0,11,11,318,1,2,11,0,0,0,0,0,0,0,0,0
183,James Reid,F Grade,2013,PEELED_CENTRAL_SEASONS,2014 2016 2017,0,0,0,0,0,3,3,19,0,0,3,0,0,0,0,0,0,0,0,0
184,Ashley Dhu,C Grade,2004,PEELED_CENTRAL_SEASONS,2004 2005,22,22,222,0,38,26,12,148,0,20,16,12,148,0,0,0,0,0,0,0
184,Ashley Dhu,D Grade,2005,PEELED_CENTRAL_SEASONS,2005 2006,0,0,0,0,5,6,5,165,3,6,5,5,165,3,0,0,0,0,0,0
185,Daniel Fogarty,E Grade,2009,PEELED_CENTRAL_SEASONS,2022 2023 2024,0,0,0,0,1,7,4,6,6,1,6,3,6,4,0,0,0,0,0,0
185,Daniel Fogarty,F Grade,2013,PEELED_CENTRAL_SEASONS,2022 2023 2024 2025,0,0,6,0,5,36,15,40,22,6,36,15,40,22,0,0,0,0,0,0
187,William Lambert,Colts,2023,PEELED_CENTRAL_SEASONS,2023,0,0,0,0,0,4,4,27,1,0,4,3,18,1,0,0,0,0,0,0
187,William Lambert,D Grade,2005,PEELED_CENTRAL_SEASONS,2022,0,0,0,0,0,7,6,54,9,1,6,5,38,9,0,0,0,0,0,0
187,William Lambert,E Grade,2009,PEELED_CENTRAL_SEASONS,2021 2022 2023,0,0,0,0,0,8,6,17,7,1,8,5,17,7,0,0,0,0,0,0
187,William Lambert,F Grade,2013,PEELED_CENTRAL_SEASONS,2020 2021 2022 2023,0,0,0,0,1,24,21,209,17,1,22,9,61,10,0,0,0,0,0,0
188,Joel Evans,A Grade,2003,PEELED_CENTRAL_SEASONS,2015 2016,0,0,0,0,7,25,21,485,0,3,21,21,485,0,0,0,0,0,0,0
188,Joel Evans,B Grade,2004,PEELED_CENTRAL_SEASONS,2015,1,1,0,0,1,4,4,200,5,1,4,4,200,5,0,0,0,0,0,0
188,Joel Evans,B Grade,2004,UNCOVERED_CENTRAL_SEASONS,2017,1,1,0,0,1,1,1,0,0,0,1,1,0,0,1,0,0,0,0,0
188,Joel Evans,C Grade,2004,PEELED_CENTRAL_SEASONS,2015 2017,0,0,0,0,4,9,8,388,4,4,9,8,388,4,0,0,0,0,0,0
189,Tim Shand,A Grade,2003,PEELED_CENTRAL_SEASONS,2007 2008 2009 2010,0,0,0,0,14,35,30,533,2,10,33,30,533,2,0,0,0,0,0,0
189,Tim Shand,B Grade,2004,PEELED_CENTRAL_SEASONS,2007 2009 2010,0,0,0,0,6,8,8,146,0,5,8,8,146,0,0,0,0,0,0,0
190,Thomas Smith,B Grade,2004,PEELED_CENTRAL_SEASONS,2024,0,0,1,0,2,5,5,22,0,2,5,5,22,0,0,0,0,0,0,0
190,Thomas Smith,D Grade,2005,PEELED_CENTRAL_SEASONS,2022 2023 2024,1,0,0,0,10,25,21,318,0,10,23,21,291,0,0,0,0,0,0,0
190,Thomas Smith,E Grade,2009,PEELED_CENTRAL_SEASONS,2022 2023 2024,1,0,0,0,2,5,3,42,0,2,4,3,42,0,0,0,0,0,0,0
191,James Matau,A Grade,2003,PEELED_CENTRAL_SEASONS,2010 2011 2012,0,0,0,0,3,6,2,0,1,1,6,2,0,1,0,0,0,0,0,0
191,James Matau,B Grade,2004,PEELED_CENTRAL_SEASONS,2008 2009 2010 2011 2012,0,0,0,0,9,21,20,156,5,5,21,20,156,5,0,0,0,0,0,0
191,James Matau,C Grade,2004,PEELED_CENTRAL_SEASONS,2008 2009 2010 2012,0,0,0,0,4,9,9,188,0,2,9,9,188,0,0,0,0,0,0,0
191,James Matau,D Grade,2005,PEELED_CENTRAL_SEASONS,2007 2008,0,0,0,0,1,5,4,4,1,1,5,4,4,1,0,0,0,0,0,0
192,Freddie Higton,A Grade,2003,PEELED_CENTRAL_SEASONS,2024 2025,0,0,0,0,3,22,11,92,26,7,20,11,67,26,0,0,0,0,0,0
192,Freddie Higton,B Grade,2004,PEELED_CENTRAL_SEASONS,2024 2025,0,0,0,0,2,9,2,20,17,2,8,2,4,17,0,0,0,0,0,0
192,Freddie Higton,Colts,2023,PEELED_CENTRAL_SEASONS,2024 2025,0,0,0,0,1,8,6,70,9,2,8,6,70,9,0,0,0,0,0,0
192,Freddie Higton,PPL,2013,PEELED_CENTRAL_SEASONS,2024,0,0,0,0,0,2,1,0,0,0,1,1,0,0,0,0,0,0,0,0
193,Samuel Smith,B Grade,2004,PEELED_CENTRAL_SEASONS,2024,0,0,0,0,0,1,1,1,1,0,1,1,1,1,0,0,0,0,0,0
193,Samuel Smith,D Grade,2005,PEELED_CENTRAL_SEASONS,2023 2024,1,0,1,0,7,21,8,36,26,8,20,8,36,26,0,0,0,0,0,0
193,Samuel Smith,D Grade,2005,UNCOVERED_CENTRAL_SEASONS,2022,1,0,1,0,7,1,0,0,0,0,1,0,0,0,7,0,0,0,0,0
193,Samuel Smith,E Grade,2009,PEELED_CENTRAL_SEASONS,2022 2023 2024,0,0,0,0,1,16,6,50,29,4,13,4,23,25,0,0,0,0,0,0
193,Samuel Smith,F Grade,2013,PEELED_CENTRAL_SEASONS,2022,0,0,0,0,0,1,1,1,2,0,1,1,1,2,0,0,0,0,0,0
195,Ian White,C Grade,2004,PEELED_CENTRAL_SEASONS,2005 2006 2008 2009 2011,0,0,0,0,15,40,34,453,42,11,39,34,453,42,0,0,0,0,0,0
196,Archie Nicholson,B Grade,2004,PEELED_CENTRAL_SEASONS,2025,0,0,0,0,0,1,0,0,2,0,1,0,0,2,0,0,0,0,0,0
196,Archie Nicholson,D Grade,2005,PEELED_CENTRAL_SEASONS,2025,0,0,0,0,4,10,8,40,13,4,10,8,33,13,0,0,0,0,0,0
196,Archie Nicholson,E Grade,2009,PEELED_CENTRAL_SEASONS,2025,0,0,0,0,3,10,5,78,9,5,9,5,45,9,0,0,0,0,0,0
196,Archie Nicholson,F Grade,2013,PEELED_CENTRAL_SEASONS,2024,0,0,0,0,6,19,12,95,21,9,19,12,74,21,0,0,0,0,0,0
197,Aaron Cross,B Grade,2004,PEELED_CENTRAL_SEASONS,2015 2016,0,0,0,0,1,2,2,19,1,0,2,2,19,1,0,0,0,0,0,0
197,Aaron Cross,C Grade,2004,PEELED_CENTRAL_SEASONS,2014 2015 2016,1,0,0,0,10,36,32,639,11,9,33,32,639,11,0,0,0,0,0,0
197,Aaron Cross,D Grade,2005,PEELED_CENTRAL_SEASONS,2014,0,0,0,0,0,3,3,70,4,2,3,3,70,0,0,0,0,0,0,0
198,Brad Malingre,B Grade,2004,PEELED_CENTRAL_SEASONS,2020,0,0,0,0,1,4,3,28,6,0,4,3,28,6,0,0,0,0,0,0
198,Brad Malingre,D Grade,2005,PEELED_CENTRAL_SEASONS,2020,0,0,0,0,0,11,7,48,8,0,11,0,0,0,0,0,0,0,0,0
198,Brad Malingre,E Grade,2009,PEELED_CENTRAL_SEASONS,2024 2025,0,0,0,0,2,5,3,98,7,0,5,3,49,7,0,0,0,0,0,0
198,Brad Malingre,F Grade,2013,PEELED_CENTRAL_SEASONS,2023,0,0,0,0,1,1,1,50,0,0,1,1,0,0,0,0,0,0,0,0
199,Grant Dhu,B Grade,2004,PEELED_CENTRAL_SEASONS,2004,10,10,258,4,6,11,11,119,11,0,11,11,119,11,0,0,0,0,0,0
199,Grant Dhu,C Grade,2004,UNCOVERED_CENTRAL_SEASONS,2004,17,17,308,26,4,3,0,0,0,0,3,0,0,0,0,0,0,0,0,0
200,Greg Chalker,A Grade,2003,PEELED_CENTRAL_SEASONS,2007,14,13,213,0,3,9,8,136,0,3,9,8,136,0,0,0,0,0,0,0
200,Greg Chalker,C Grade,2004,PEELED_CENTRAL_SEASONS,2006,0,0,0,0,12,15,15,302,2,12,15,15,302,2,0,0,0,0,0,0
201,Drew Loaring,D Grade,2005,PEELED_CENTRAL_SEASONS,2014,0,0,0,0,0,1,1,8,0,0,1,1,8,0,0,0,0,0,0,0
201,Drew Loaring,E Grade,2009,PEELED_CENTRAL_SEASONS,2014 2016,0,0,0,0,0,2,2,28,0,0,2,0,0,0,0,0,0,0,0,0
201,Drew Loaring,F Grade,2013,PEELED_CENTRAL_SEASONS,2014 2015 2016,0,0,0,0,0,40,33,561,6,4,35,0,0,0,0,0,0,0,0,0
202,Zac Perry,C Grade,2004,PEELED_CENTRAL_SEASONS,2015,0,0,0,0,1,3,2,16,0,1,2,2,16,0,0,0,0,0,0,0
202,Zac Perry,D Grade,2005,PEELED_CENTRAL_SEASONS,2014 2015 2018,0,0,0,0,0,12,8,130,0,0,10,6,111,0,0,0,0,0,0,0
202,Zac Perry,E Grade,2009,PEELED_CENTRAL_SEASONS,2013 2014 2015,0,0,0,0,0,5,5,87,0,2,5,2,40,0,0,0,0,0,0,0
202,Zac Perry,F Grade,2013,PEELED_CENTRAL_SEASONS,2013 2014,0,0,0,0,1,22,19,336,2,0,21,10,190,1,0,0,0,0,0,0
203,Bradley Lee,D Grade,2005,PEELED_CENTRAL_SEASONS,2021 2022,0,0,0,0,0,4,2,21,4,0,3,1,19,4,0,0,0,0,0,0
203,Bradley Lee,E Grade,2009,PEELED_CENTRAL_SEASONS,2021 2022 2024 2025,0,1,0,0,6,31,15,127,37,4,30,15,94,37,0,0,0,0,0,0
203,Bradley Lee,F Grade,2013,PEELED_CENTRAL_SEASONS,2021,0,0,0,0,0,4,4,57,5,0,3,3,45,3,0,0,0,0,0,0
204,Eligh Frunks,Colts,2023,PEELED_CENTRAL_SEASONS,2024,0,0,0,0,0,3,1,4,0,0,3,1,4,0,0,0,0,0,0,0
204,Eligh Frunks,D Grade,2005,PEELED_CENTRAL_SEASONS,2023 2024 2025,0,0,2,0,2,14,3,16,4,2,10,3,16,4,0,0,0,0,0,0
204,Eligh Frunks,E Grade,2009,PEELED_CENTRAL_SEASONS,2024 2025,0,0,0,0,1,5,0,0,2,1,4,0,0,2,0,0,0,0,0,0
204,Eligh Frunks,F Grade,2013,PEELED_CENTRAL_SEASONS,2023 2024 2025,0,0,6,0,3,16,10,64,12,3,16,10,64,12,0,0,0,0,0,0
205,Daniel Litchfield,B Grade,2004,PEELED_CENTRAL_SEASONS,2024 2025,0,0,0,0,0,16,16,278,10,0,15,15,268,10,0,0,0,0,0,0
205,Daniel Litchfield,Colts,2023,PEELED_CENTRAL_SEASONS,2024 2025,0,0,0,0,3,21,19,350,18,3,18,16,196,13,0,0,0,0,0,0
205,Daniel Litchfield,E Grade,2009,PEELED_CENTRAL_SEASONS,2024,0,0,0,0,2,2,2,105,4,2,2,2,105,4,0,0,0,0,0,0
205,Daniel Litchfield,F Grade,2013,PEELED_CENTRAL_SEASONS,2021,0,0,0,0,0,1,1,8,1,0,1,0,0,1,0,0,0,0,0,0
206,Luke Ash,E Grade,2009,PEELED_CENTRAL_SEASONS,2023 2025,0,0,0,0,3,4,3,66,0,3,4,3,66,0,0,0,0,0,0,0
206,Luke Ash,F Grade,2013,PEELED_CENTRAL_SEASONS,2023 2024 2025,0,0,0,0,27,33,30,581,1,27,33,30,425,1,0,0,0,0,0,0
207,Harsha Vithanage,D Grade,2005,PEELED_CENTRAL_SEASONS,2020 2021 2022 2023,0,0,0,0,0,18,16,167,15,1,16,12,129,12,0,0,0,0,0,0
207,Harsha Vithanage,E Grade,2009,PEELED_CENTRAL_SEASONS,2021 2022 2023,0,0,0,0,1,16,14,253,4,5,11,11,176,2,0,0,0,0,0,0
207,Harsha Vithanage,F Grade,2013,PEELED_CENTRAL_SEASONS,2020 2021,0,0,0,0,0,3,3,64,0,1,3,1,15,0,0,0,0,0,0,0
208,Nigel Brittain,D Grade,2005,PEELED_CENTRAL_SEASONS,2005 2006 2007,0,0,0,0,14,38,31,147,53,6,36,30,138,51,0,0,0,0,0,0
209,Damien Burrage,A Grade,2003,PEELED_CENTRAL_SEASONS,2014,0,0,0,0,0,2,2,13,1,0,2,2,13,1,0,0,0,0,0,0
209,Damien Burrage,B Grade,2004,PEELED_CENTRAL_SEASONS,2014,0,0,0,0,3,5,5,157,2,0,5,5,157,0,0,0,0,0,0,0
209,Damien Burrage,D Grade,2005,PEELED_CENTRAL_SEASONS,2013,1,0,0,0,4,14,9,148,15,0,12,9,148,15,0,0,0,0,0,0
209,Damien Burrage,PPL,2013,PEELED_CENTRAL_SEASONS,2019 2020,0,0,0,0,3,7,7,138,5,0,4,4,37,2,0,0,0,0,0,0
210,Adam Dallmann,D Grade,2005,PEELED_CENTRAL_SEASONS,2006 2007 2008 2010 2013,0,0,0,0,8,32,28,431,20,8,30,28,431,20,0,0,0,0,0,0
210,Adam Dallmann,E Grade,2009,PEELED_CENTRAL_SEASONS,2010 2013,0,0,0,0,0,4,4,68,5,0,4,3,28,5,0,0,0,0,0,0
210,Adam Dallmann,F Grade,2013,PEELED_CENTRAL_SEASONS,2013,0,0,0,0,0,3,2,0,5,0,2,2,0,5,0,0,0,0,0,0
211,Garth Capper,D Grade,2005,PEELED_CENTRAL_SEASONS,2007 2008 2009 2011,0,0,0,0,5,23,22,277,0,5,23,22,277,0,0,0,0,0,0,0
211,Garth Capper,E Grade,2009,PEELED_CENTRAL_SEASONS,2009 2011,0,0,0,0,3,13,12,139,3,1,13,12,139,3,0,0,0,0,0,0
212,Chloe Guyton,Female A Grade,2023,PEELED_CENTRAL_SEASONS,2023 2024 2025,0,0,0,0,0,37,23,151,19,5,36,23,107,19,0,0,0,0,0,0
213,Iszac Willey,A Grade,2003,PEELED_CENTRAL_SEASONS,2021 2022,0,0,0,0,3,19,8,70,15,3,19,8,70,15,0,0,0,0,0,0
213,Iszac Willey,B Grade,2004,PEELED_CENTRAL_SEASONS,2021 2022,0,0,0,0,0,14,9,71,16,5,10,8,70,10,0,0,0,0,0,0
214,Jessica Bradley,E Grade,2009,PEELED_CENTRAL_SEASONS,2025,0,0,0,0,0,2,1,10,4,0,2,1,10,4,0,0,0,0,0,0
214,Jessica Bradley,F Grade,2013,PEELED_CENTRAL_SEASONS,2023,0,0,1,0,0,1,1,0,0,0,1,1,0,0,0,0,0,0,0,0
214,Jessica Bradley,Female A Grade,2023,PEELED_CENTRAL_SEASONS,2023 2024 2025,0,0,0,0,4,42,39,1709,28,1,41,39,1299,28,0,0,0,0,0,0
215,Craig Forbes,D Grade,2005,PEELED_CENTRAL_SEASONS,2011 2012 2013,0,0,0,0,13,37,35,725,6,0,35,35,725,6,0,0,0,0,0,0
216,Jimmy Lee,D Grade,2005,PEELED_CENTRAL_SEASONS,2009,0,0,0,0,4,10,10,92,2,5,10,10,92,2,0,0,0,0,0,0
216,Jimmy Lee,E Grade,2009,PEELED_CENTRAL_SEASONS,2009 2010 2011,0,0,0,0,11,25,25,473,24,5,25,25,473,24,0,0,0,0,0,0
219,Joshua Jones,D Grade,2005,PEELED_CENTRAL_SEASONS,2022,0,0,0,0,0,4,3,3,1,2,4,3,3,1,0,0,0,0,0,0
219,Joshua Jones,E Grade,2009,PEELED_CENTRAL_SEASONS,2022 2023,0,0,0,0,4,27,15,84,15,8,24,13,37,13,0,0,0,0,0,0
219,Joshua Jones,F Grade,2013,PEELED_CENTRAL_SEASONS,2022,0,0,0,0,0,4,4,71,3,1,4,4,71,3,0,0,0,0,0,0
220,George Young,B Grade,2004,PEELED_CENTRAL_SEASONS,2025,0,0,0,0,0,3,1,1,3,0,3,1,0,3,0,0,0,0,0,0
220,George Young,E Grade,2009,PEELED_CENTRAL_SEASONS,2024 2025,0,0,0,0,5,25,8,41,9,8,18,8,29,9,0,0,0,0,0,0
220,George Young,F Grade,2013,PEELED_CENTRAL_SEASONS,2024 2025,0,0,6,0,3,5,4,28,4,3,5,4,28,4,0,0,0,0,0,0
221,Shaun Wilson,D Grade,2005,PEELED_CENTRAL_SEASONS,2015,0,0,0,0,0,8,6,16,3,1,7,6,16,0,0,0,0,0,0,0
221,Shaun Wilson,E Grade,2009,PEELED_CENTRAL_SEASONS,2012 2013 2014 2015,0,0,0,0,12,29,13,79,41,5,27,11,70,34,0,0,0,0,0,0
222,Dave Nicholson,F Grade,2013,PEELED_CENTRAL_SEASONS,2024 2025,0,0,2,0,5,33,29,469,14,5,33,29,469,14,0,0,0,0,0,0
223,Jake Watson,C Grade,2004,PEELED_CENTRAL_SEASONS,2017,0,0,0,0,2,1,1,11,0,2,1,1,11,0,0,0,0,0,0,0
223,Jake Watson,D Grade,2005,PEELED_CENTRAL_SEASONS,2016 2018 2022,0,0,0,0,0,14,13,178,0,3,14,11,133,0,0,0,0,0,0,0
223,Jake Watson,E Grade,2009,PEELED_CENTRAL_SEASONS,2015 2016 2017,0,0,0,0,0,18,13,217,0,1,18,0,0,0,0,0,0,0,0,0
224,Mitchell Caine,A Grade,2003,PEELED_CENTRAL_SEASONS,2025,0,0,0,0,4,12,4,14,9,4,11,4,14,9,0,0,0,0,0,0
224,Mitchell Caine,B Grade,2004,PEELED_CENTRAL_SEASONS,2025,0,0,0,0,2,4,3,11,0,2,4,3,6,0,0,0,0,0,0,0
224,Mitchell Caine,Colts,2023,PEELED_CENTRAL_SEASONS,2024 2025,0,0,0,0,3,19,10,131,11,3,16,9,82,10,0,0,0,0,0,0
224,Mitchell Caine,PPL,2013,PEELED_CENTRAL_SEASONS,2025,0,0,0,0,1,1,0,0,0,1,1,0,0,0,0,0,0,0,0,0
225,Michael Mackenzie,C Grade,2004,PEELED_CENTRAL_SEASONS,2013,0,0,0,0,0,1,1,20,0,0,1,1,20,0,0,0,0,0,0,0
225,Michael Mackenzie,E Grade,2009,PEELED_CENTRAL_SEASONS,2013 2015 2016 2017,0,0,0,0,1,32,31,865,15,2,31,3,44,1,0,0,0,0,0,0
226,Campbell Lockyer,B Grade,2004,PEELED_CENTRAL_SEASONS,2025,0,0,0,0,0,7,5,64,4,0,7,5,24,4,0,0,0,0,0,0
226,Campbell Lockyer,D Grade,2005,PEELED_CENTRAL_SEASONS,2024 2025,0,0,0,0,2,13,11,188,8,2,12,11,46,8,0,0,0,0,0,0
226,Campbell Lockyer,E Grade,2009,PEELED_CENTRAL_SEASONS,2024,0,0,0,0,0,15,11,265,8,1,15,11,86,8,0,0,0,0,0,0
226,Campbell Lockyer,F Grade,2013,PEELED_CENTRAL_SEASONS,2024,0,0,0,0,1,1,1,34,1,1,1,1,34,1,0,0,0,0,0,0
227,Wayne Beaton,D Grade,2005,PEELED_CENTRAL_SEASONS,2005 2007,0,0,0,0,9,16,16,263,40,3,16,16,263,40,0,0,0,0,0,0
227,Wayne Beaton,E Grade,2009,PEELED_CENTRAL_SEASONS,2009 2010,0,0,0,0,6,16,13,169,25,0,16,13,169,25,0,0,0,0,0,0
228,Daniel Lambert,A Grade,2003,PEELED_CENTRAL_SEASONS,2023,0,0,0,0,4,15,1,0,15,0,15,1,0,15,0,0,0,0,0,0
228,Daniel Lambert,B Grade,2004,PEELED_CENTRAL_SEASONS,2015 2023,0,0,0,0,1,2,1,17,4,0,2,1,17,4,0,0,0,0,0,0
228,Daniel Lambert,C Grade,2004,PEELED_CENTRAL_SEASONS,2015,0,0,0,0,1,2,1,6,2,0,2,1,6,2,0,0,0,0,0,0
228,Daniel Lambert,D Grade,2005,PEELED_CENTRAL_SEASONS,2022,0,0,0,0,0,7,7,138,9,0,7,7,138,9,0,0,0,0,0,0
228,Daniel Lambert,E Grade,2009,PEELED_CENTRAL_SEASONS,2022,0,0,0,0,0,2,1,6,0,0,2,1,6,0,0,0,0,0,0,0
228,Daniel Lambert,F Grade,2013,PEELED_CENTRAL_SEASONS,2020 2021 2022,0,0,0,0,0,4,3,31,6,1,3,1,0,5,0,0,0,0,0,0
229,Jaime Terbeeke,D Grade,2005,PEELED_CENTRAL_SEASONS,2022,0,0,0,0,0,1,1,2,0,0,1,1,2,0,0,0,0,0,0,0
229,Jaime Terbeeke,F Grade,2013,PEELED_CENTRAL_SEASONS,2021,0,0,0,0,0,1,1,0,0,0,1,1,0,0,0,0,0,0,0,0
230,Hayden Brokate,B Grade,2004,PEELED_CENTRAL_SEASONS,2019,0,0,0,0,0,1,1,8,0,0,1,1,8,0,0,0,0,0,0,0
230,Hayden Brokate,C Grade,2004,PEELED_CENTRAL_SEASONS,2014 2016,0,0,0,0,1,5,3,12,6,1,4,3,12,6,0,0,0,0,0,0
230,Hayden Brokate,D Grade,2005,PEELED_CENTRAL_SEASONS,2015 2016 2018,0,0,0,0,0,5,3,18,8,0,5,2,17,0,0,0,0,0,0,0
230,Hayden Brokate,E Grade,2009,PEELED_CENTRAL_SEASONS,2017,0,0,0,0,0,3,3,32,2,0,3,0,0,0,0,0,0,0,0,0
230,Hayden Brokate,F Grade,2013,PEELED_CENTRAL_SEASONS,2016 2017 2021,0,0,0,0,0,20,11,107,23,0,19,5,19,7,0,0,0,0,0,0
231,Ron Coles,F Grade,2013,PEELED_CENTRAL_SEASONS,2017,0,0,0,0,0,2,2,27,0,0,2,0,0,0,0,0,0,0,0,0
232,Kim Nicholson,Female A Grade,2023,PEELED_CENTRAL_SEASONS,2025,0,0,1,0,0,3,2,4,0,0,3,2,4,0,0,0,0,0,0,0
233,Jeffrey Petrie,A Grade,2003,PEELED_CENTRAL_SEASONS,2025,0,0,0,0,0,4,3,33,0,0,3,3,15,0,0,0,0,0,0,0
233,Jeffrey Petrie,B Grade,2004,PEELED_CENTRAL_SEASONS,2024 2025,0,0,0,0,9,33,33,768,35,12,32,32,634,35,0,0,0,0,0,0
233,Jeffrey Petrie,PPL,2013,PEELED_CENTRAL_SEASONS,2025,0,0,0,0,0,1,0,0,0,0,1,0,0,0,0,0,0,0,0,0
234,Tiana Arrowsmith,Female A Grade,2023,PEELED_CENTRAL_SEASONS,2023 2024 2025,1,0,0,0,0,36,35,434,1,2,35,35,286,1,0,0,0,0,0,0
235,Mason Head,E Grade,2009,PEELED_CENTRAL_SEASONS,2023 2024 2025,0,0,3,0,1,6,2,0,0,3,5,2,0,0,0,0,0,0,0,0
235,Mason Head,F Grade,2013,PEELED_CENTRAL_SEASONS,2024 2025,0,0,0,0,26,25,24,346,2,27,25,24,213,2,0,0,0,0,0,0
236,Jack Johnson,E Grade,2009,PEELED_CENTRAL_SEASONS,2022 2023,0,0,0,0,0,6,5,76,1,0,5,4,62,1,0,0,0,0,0,0
236,Jack Johnson,F Grade,2013,PEELED_CENTRAL_SEASONS,2021 2022 2023,0,0,0,0,2,26,22,183,16,6,23,19,174,11,0,0,0,0,0,0
237,Eve Powell,Colts,2023,PEELED_CENTRAL_SEASONS,2024,0,0,10,0,1,10,4,5,4,1,9,4,5,4,0,0,0,0,0,0
237,Eve Powell,F Grade,2013,PEELED_CENTRAL_SEASONS,2025,0,0,0,0,0,1,0,0,0,0,1,0,0,0,0,0,0,0,0,0
237,Eve Powell,Female A Grade,2023,PEELED_CENTRAL_SEASONS,2024 2025,0,0,0,0,0,30,25,365,24,12,29,25,317,24,0,0,0,0,0,0
238,Sachin Johnson,D Grade,2005,PEELED_CENTRAL_SEASONS,2025,0,0,3,0,5,8,4,22,0,5,7,4,22,0,0,0,0,0,0,0
238,Sachin Johnson,E Grade,2009,PEELED_CENTRAL_SEASONS,2022 2023 2024 2025,0,1,73,0,1,9,7,49,0,1,9,7,49,0,0,0,0,0,0,0
238,Sachin Johnson,F Grade,2013,PEELED_CENTRAL_SEASONS,2022 2023 2024,1,0,0,0,1,15,11,119,4,1,13,11,119,4,0,0,0,0,0,0
239,Noah Frunks,A Grade,2003,PEELED_CENTRAL_SEASONS,2022,0,0,0,0,0,2,0,0,0,0,1,0,0,0,0,0,0,0,0,0
239,Noah Frunks,B Grade,2004,PEELED_CENTRAL_SEASONS,2022 2023,0,0,0,0,0,5,4,22,1,2,5,4,22,1,0,0,0,0,0,0
239,Noah Frunks,Colts,2023,PEELED_CENTRAL_SEASONS,2023,0,0,0,0,1,6,4,41,9,5,4,2,6,8,0,0,0,0,0,0
239,Noah Frunks,D Grade,2005,PEELED_CENTRAL_SEASONS,2022 2023,0,0,0,0,3,10,5,103,4,3,9,5,103,4,0,0,0,0,0,0
239,Noah Frunks,E Grade,2009,PEELED_CENTRAL_SEASONS,2022,0,0,0,0,0,5,3,6,2,2,4,2,2,2,0,0,0,0,0,0
239,Noah Frunks,F Grade,2013,PEELED_CENTRAL_SEASONS,2020 2021,0,0,0,0,0,3,2,4,5,1,2,1,4,1,0,0,0,0,0,0
240,Ethan Kavanagh,F Grade,2013,PEELED_CENTRAL_SEASONS,2024 2025,0,0,0,0,5,31,19,121,31,7,31,19,95,31,0,0,0,0,0,0
241,Stephen Inward,A Grade,2003,PEELED_CENTRAL_SEASONS,2012 2013,0,0,0,0,18,34,28,944,4,7,29,28,944,4,0,0,0,0,0,0
242,Daniel Krepervin,D Grade,2005,PEELED_CENTRAL_SEASONS,2022,0,0,0,0,0,3,3,27,0,1,2,2,21,0,0,0,0,0,0,0
242,Daniel Krepervin,E Grade,2009,PEELED_CENTRAL_SEASONS,2022 2023,0,0,0,0,0,3,2,24,0,0,2,2,6,0,0,0,0,0,0,0
242,Daniel Krepervin,F Grade,2013,PEELED_CENTRAL_SEASONS,2021 2022 2023,0,0,0,0,1,24,23,552,0,2,22,22,488,0,0,0,0,0,0,0
244,Dean Friskin,B Grade,2004,PEELED_CENTRAL_SEASONS,2005 2006 2007,0,0,0,0,5,30,26,434,32,11,30,26,434,32,0,0,0,0,0,0
245,Lochlan Hill,Colts,2023,PEELED_CENTRAL_SEASONS,2023,0,0,0,0,0,8,6,47,1,0,7,4,43,1,0,0,0,0,0,0
245,Lochlan Hill,D Grade,2005,PEELED_CENTRAL_SEASONS,2021 2024,0,0,0,0,1,2,0,0,1,2,1,0,0,0,0,0,0,0,0,0
245,Lochlan Hill,E Grade,2009,PEELED_CENTRAL_SEASONS,2023 2024,0,0,6,0,2,7,4,3,0,2,7,4,3,0,0,0,0,0,0,0
245,Lochlan Hill,F Grade,2013,PEELED_CENTRAL_SEASONS,2021 2022 2024,0,0,0,0,0,14,13,76,4,2,12,12,76,4,0,0,0,0,0,0
246,Bret Lambert,D Grade,2005,PEELED_CENTRAL_SEASONS,2022,0,0,0,0,0,6,4,4,2,0,5,2,2,1,0,0,0,0,0,0
246,Bret Lambert,E Grade,2009,PEELED_CENTRAL_SEASONS,2021 2022,0,0,0,0,0,6,5,65,2,0,6,4,31,2,0,0,0,0,0,0
246,Bret Lambert,F Grade,2013,PEELED_CENTRAL_SEASONS,2020 2021,0,0,0,0,0,18,14,36,6,0,17,6,19,3,0,0,0,0,0,0
247,Joe Phillips,A Grade,2003,PEELED_CENTRAL_SEASONS,2023,0,0,0,0,3,18,7,11,22,4,18,7,11,22,0,0,0,0,0,0
247,Joe Phillips,B Grade,2004,PEELED_CENTRAL_SEASONS,2023,0,0,0,0,0,3,3,20,3,5,3,3,20,3,0,0,0,0,0,0
247,Joe Phillips,Colts,2023,PEELED_CENTRAL_SEASONS,2023,0,0,0,0,3,8,4,37,21,4,6,3,29,13,0,0,0,0,0,0
247,Joe Phillips,PPL,2013,PEELED_CENTRAL_SEASONS,2023,0,0,0,0,0,1,0,0,1,0,1,0,0,1,0,0,0,0,0,0
248,Samuel Evans,A Grade,2003,PEELED_CENTRAL_SEASONS,2016,0,0,0,0,2,1,1,5,0,0,1,1,5,0,0,0,0,0,0,0
248,Samuel Evans,B Grade,2004,PEELED_CENTRAL_SEASONS,2016,2,2,49,0,3,17,16,504,0,0,16,16,504,0,0,0,0,0,0,0
248,Samuel Evans,B Grade,2004,UNCOVERED_CENTRAL_SEASONS,2017,2,2,49,0,3,4,4,75,0,1,2,2,49,0,1,0,0,0,0,0
248,Samuel Evans,C Grade,2004,PEELED_CENTRAL_SEASONS,2017,0,0,0,0,2,7,7,148,15,2,7,7,148,15,0,0,0,0,0,0
250,Scott Dunning,D Grade,2005,PEELED_CENTRAL_SEASONS,2014,0,0,0,0,0,7,7,71,0,2,7,7,71,0,0,0,0,0,0,0
250,Scott Dunning,E Grade,2009,PEELED_CENTRAL_SEASONS,2014 2016,0,0,0,0,0,12,10,115,0,1,11,0,0,0,0,0,0,0,0,0
250,Scott Dunning,F Grade,2013,PEELED_CENTRAL_SEASONS,2014 2016,1,0,0,0,0,12,10,287,1,0,10,0,0,0,0,0,0,0,0,0
251,Aaron Watkins,B Grade,2004,PEELED_CENTRAL_SEASONS,2010,0,0,0,0,1,2,2,22,3,0,2,2,22,3,0,0,0,0,0,0
251,Aaron Watkins,C Grade,2004,PEELED_CENTRAL_SEASONS,2011 2012,1,0,0,0,0,5,4,54,6,0,5,4,54,6,0,0,0,0,0,0
251,Aaron Watkins,C Grade,2004,UNCOVERED_CENTRAL_SEASONS,2010,1,0,0,0,0,1,0,0,0,0,1,0,0,0,0,0,0,0,0,0
251,Aaron Watkins,D Grade,2005,PEELED_CENTRAL_SEASONS,2010 2011,0,0,0,0,20,22,19,375,18,17,21,19,375,18,0,0,0,0,0,0
252,Scott Atkin,E Grade,2009,PEELED_CENTRAL_SEASONS,2009 2010,0,0,0,0,18,28,27,372,39,11,28,27,372,39,0,0,0,0,0,0
253,Brent Seddon,C Grade,2004,PEELED_CENTRAL_SEASONS,2007 2008,1,1,5,1,3,11,6,43,5,1,10,6,43,5,0,0,0,0,0,0
253,Brent Seddon,D Grade,2005,PEELED_CENTRAL_SEASONS,2008 2009,0,0,0,0,2,17,14,145,16,0,17,14,145,16,0,0,0,0,0,0
253,Brent Seddon,E Grade,2009,PEELED_CENTRAL_SEASONS,2009,0,0,0,0,0,1,1,4,2,0,1,1,4,2,0,0,0,0,0,0
254,Jordan Brokate,A Grade,2003,PEELED_CENTRAL_SEASONS,2012 2013,0,0,0,0,3,8,3,1,9,0,8,3,1,9,0,0,0,0,0,0
254,Jordan Brokate,B Grade,2004,PEELED_CENTRAL_SEASONS,2012 2013,0,0,0,0,3,6,2,11,10,0,6,2,11,10,0,0,0,0,0,0
254,Jordan Brokate,B Grade,2004,UNCOVERED_CENTRAL_SEASONS,2014,0,0,0,0,3,1,0,0,0,0,0,0,0,0,0,0,0,0,0,0
254,Jordan Brokate,C Grade,2004,PEELED_CENTRAL_SEASONS,2012 2013,0,0,0,0,0,5,3,24,8,0,5,3,24,8,0,0,0,0,0,0
254,Jordan Brokate,D Grade,2005,PEELED_CENTRAL_SEASONS,2012,0,0,0,0,0,4,4,81,5,0,4,4,81,5,0,0,0,0,0,0
254,Jordan Brokate,E Grade,2009,PEELED_CENTRAL_SEASONS,2012,0,0,0,0,0,3,2,16,11,0,3,2,16,11,0,0,0,0,0,0
255,Sara Walsh,Female A Grade,2023,PEELED_CENTRAL_SEASONS,2023 2024 2025,0,0,0,0,0,36,11,39,0,1,29,11,36,0,0,0,0,0,0,0
257,Bryce Jeffrey,A Grade,2003,PEELED_CENTRAL_SEASONS,2005 2006 2012 2013 2023,0,0,0,0,12,34,18,141,37,1,21,14,116,36,0,0,0,0,0,0
257,Bryce Jeffrey,B Grade,2004,PEELED_CENTRAL_SEASONS,2004 2005 2006 2013,0,0,0,0,1,8,2,10,4,1,2,1,8,3,0,0,0,0,0,0
257,Bryce Jeffrey,D Grade,2005,PEELED_CENTRAL_SEASONS,2012,0,0,0,0,1,1,1,18,1,0,1,1,18,1,0,0,0,0,0,0
257,Bryce Jeffrey,PPL,2013,PEELED_CENTRAL_SEASONS,2023,0,0,0,0,1,4,0,0,2,0,4,0,0,2,0,0,0,0,0,0
258,Christopher Walsh,E Grade,2009,PEELED_CENTRAL_SEASONS,2025,0,0,0,0,0,1,0,0,1,0,1,0,0,1,0,0,0,0,0,0
258,Christopher Walsh,F Grade,2013,PEELED_CENTRAL_SEASONS,2023 2024 2025,0,0,0,0,4,27,17,114,25,6,27,17,63,25,0,0,0,0,0,0
259,Wayde Blom,A Grade,2003,PEELED_CENTRAL_SEASONS,2004 2006 2007 2008,0,0,0,0,9,29,24,551,0,0,27,23,533,0,0,0,0,0,0,0
260,Lindsey Mcglinn,B Grade,2004,PEELED_CENTRAL_SEASONS,2014 2016 2018,0,0,0,0,3,13,10,148,11,0,10,10,148,11,0,0,0,0,0,0
260,Lindsey Mcglinn,C Grade,2004,PEELED_CENTRAL_SEASONS,2014 2016,0,0,0,0,0,7,5,83,5,0,7,5,83,5,0,0,0,0,0,0
260,Lindsey Mcglinn,D Grade,2005,PEELED_CENTRAL_SEASONS,2016 2018,0,0,0,0,0,10,8,148,14,3,8,1,28,0,0,0,0,0,0,0
262,Rosie Marino,Female A Grade,2023,PEELED_CENTRAL_SEASONS,2023 2024,0,0,0,0,0,17,14,80,1,3,17,14,68,1,0,0,0,0,0,0
264,Luca Doyle,A Grade,2003,PEELED_CENTRAL_SEASONS,2025,0,0,0,0,2,16,6,73,24,2,16,6,55,24,0,0,0,0,0,0
264,Luca Doyle,B Grade,2004,PEELED_CENTRAL_SEASONS,2025,0,0,0,0,0,4,1,13,9,1,3,1,0,9,0,0,0,0,0,0
264,Luca Doyle,Colts,2023,PEELED_CENTRAL_SEASONS,2025,0,0,0,0,0,4,3,31,3,0,3,3,31,3,0,0,0,0,0,0
264,Luca Doyle,PPL,2013,PEELED_CENTRAL_SEASONS,2025,0,0,0,0,0,3,1,5,3,0,3,1,0,3,0,0,0,0,0,0
266,Eliesha Lazenby,Female A Grade,2023,PEELED_CENTRAL_SEASONS,2023,0,0,0,0,0,5,0,0,0,0,5,0,0,0,0,0,0,0,0,0
267,Oscar Smith,A Grade,2003,PEELED_CENTRAL_SEASONS,2025,0,0,0,0,1,1,1,14,0,1,1,1,14,0,0,0,0,0,0,0
267,Oscar Smith,B Grade,2004,PEELED_CENTRAL_SEASONS,2025,0,0,0,0,5,20,19,529,16,5,19,19,370,16,0,0,0,0,0,0
267,Oscar Smith,Colts,2023,PEELED_CENTRAL_SEASONS,2025,0,0,0,0,4,10,8,95,10,6,7,6,48,4,0,0,0,0,0,0
268,Nathan Howell,A Grade,2003,PEELED_CENTRAL_SEASONS,2018 2019,0,0,0,0,1,19,17,151,23,1,18,17,151,23,0,0,0,0,0,0
268,Nathan Howell,A Grade,2003,UNCOVERED_CENTRAL_SEASONS,2020,0,0,0,0,1,1,0,0,0,0,0,0,0,0,1,0,0,0,0,0
268,Nathan Howell,B Grade,2004,PEELED_CENTRAL_SEASONS,2019,0,0,0,0,0,1,1,0,0,0,1,1,0,0,0,0,0,0,0,0
268,Nathan Howell,C Grade,2004,PEELED_CENTRAL_SEASONS,2016 2017,0,0,0,0,3,4,2,2,5,3,3,2,2,5,0,0,0,0,0,0
268,Nathan Howell,D Grade,2005,PEELED_CENTRAL_SEASONS,2015 2016,0,0,0,0,0,3,2,6,2,0,3,2,6,0,0,0,0,0,0,0
268,Nathan Howell,E Grade,2009,PEELED_CENTRAL_SEASONS,2017,0,0,0,0,0,1,1,1,2,0,1,0,0,0,0,0,0,0,0,0
269,Max Roberts,B Grade,2004,PEELED_CENTRAL_SEASONS,2021,0,0,0,0,0,2,1,11,3,0,2,1,11,3,0,0,0,0,0,0
269,Max Roberts,E Grade,2009,PEELED_CENTRAL_SEASONS,2021,0,0,0,0,0,6,6,53,12,0,5,4,47,12,0,0,0,0,0,0
269,Max Roberts,F Grade,2013,PEELED_CENTRAL_SEASONS,2020,0,0,0,0,0,7,4,16,3,0,7,0,0,0,0,0,0,0,0,0
271,Aaron Burrage,B Grade,2004,PEELED_CENTRAL_SEASONS,2011,0,0,0,0,3,4,1,8,2,0,4,1,8,2,0,0,0,0,0,0
271,Aaron Burrage,PPL,2013,PEELED_CENTRAL_SEASONS,2019 2020 2021 2023,0,0,0,0,3,14,14,414,15,0,5,5,169,7,0,0,0,0,0,0
272,Angus Beattie,A Grade,2003,PEELED_CENTRAL_SEASONS,2023,0,0,0,0,6,21,19,330,47,4,21,19,330,47,0,0,0,0,0,0
272,Angus Beattie,PPL,2013,PEELED_CENTRAL_SEASONS,2023,0,0,0,0,2,4,2,17,6,0,4,2,4,6,0,0,0,0,0,0
274,Ethan White,B Grade,2004,PEELED_CENTRAL_SEASONS,2018,1,1,5,0,0,6,5,35,1,0,6,5,35,1,0,0,0,0,0,0
274,Ethan White,B Grade,2004,UNCOVERED_CENTRAL_SEASONS,2017,1,1,5,0,0,1,1,5,0,0,1,1,5,0,0,0,0,0,0,0
274,Ethan White,C Grade,2004,PEELED_CENTRAL_SEASONS,2016,0,0,0,0,0,1,0,0,1,0,1,0,0,1,0,0,0,0,0,0
274,Ethan White,D Grade,2005,PEELED_CENTRAL_SEASONS,2016 2018,0,0,0,0,0,8,6,47,0,0,7,1,0,0,0,0,0,0,0,0
274,Ethan White,E Grade,2009,PEELED_CENTRAL_SEASONS,2016 2017,0,0,0,0,0,3,3,22,1,0,3,0,0,0,0,0,0,0,0,0
274,Ethan White,F Grade,2013,PEELED_CENTRAL_SEASONS,2017,0,0,0,0,0,1,1,61,2,0,1,0,0,0,0,0,0,0,0,0
275,Amninder Singh,D Grade,2005,PEELED_CENTRAL_SEASONS,2024,0,0,0,0,0,3,2,5,0,0,3,2,5,0,0,0,0,0,0,0
275,Amninder Singh,E Grade,2009,PEELED_CENTRAL_SEASONS,2022 2023 2024,0,0,2,0,0,12,8,22,0,0,11,7,22,0,0,0,0,0,0,0
275,Amninder Singh,F Grade,2013,PEELED_CENTRAL_SEASONS,2022 2023,0,0,0,0,1,10,9,163,7,2,9,9,162,7,0,0,0,0,0,0
276,James Rudge,A Grade,2003,PEELED_CENTRAL_SEASONS,2022,0,0,0,0,7,16,11,272,22,17,16,11,272,22,0,0,0,0,0,0
276,James Rudge,B Grade,2004,PEELED_CENTRAL_SEASONS,2022,0,0,0,0,0,4,3,72,0,3,3,2,63,0,0,0,0,0,0,0
277,Matthew Kennewell,E Grade,2009,PEELED_CENTRAL_SEASONS,2016,0,0,0,0,0,10,9,113,5,3,10,0,0,0,0,0,0,0,0,0
277,Matthew Kennewell,F Grade,2013,PEELED_CENTRAL_SEASONS,2015,0,0,0,0,0,15,14,203,1,2,14,0,0,0,0,0,0,0,0,0
278,Jason R Davey,B Grade,2004,PEELED_CENTRAL_SEASONS,2025,0,0,1,0,9,19,18,253,0,9,18,17,253,0,0,0,0,0,0,0
278,Jason R Davey,Colts,2023,PEELED_CENTRAL_SEASONS,2025,0,0,0,0,2,10,5,55,0,5,7,4,31,0,0,0,0,0,0,0
279,Jaxon Wyllie,B Grade,2004,PEELED_CENTRAL_SEASONS,2020 2021,0,0,0,0,0,20,14,157,23,6,19,14,157,23,0,0,0,0,0,0
279,Jaxon Wyllie,D Grade,2005,PEELED_CENTRAL_SEASONS,2020,0,0,0,0,0,4,4,49,5,1,4,0,0,0,0,0,0,0,0,0
279,Jaxon Wyllie,F Grade,2013,PEELED_CENTRAL_SEASONS,2020,0,0,0,0,0,1,1,59,0,0,1,0,0,0,0,0,0,0,0,0
280,Ben Higton,A Grade,2003,PEELED_CENTRAL_SEASONS,2025,0,0,0,0,2,21,10,238,25,0,19,10,199,25,0,0,0,0,0,0
280,Ben Higton,PPL,2013,PEELED_CENTRAL_SEASONS,2025,0,0,0,0,0,3,3,23,4,0,3,3,4,4,0,0,0,0,0,0
281,Dan Kenny,A Grade,2003,PEELED_CENTRAL_SEASONS,2011,0,0,0,0,1,6,6,35,2,0,6,6,35,2,0,0,0,0,0,0
281,Dan Kenny,B Grade,2004,PEELED_CENTRAL_SEASONS,2011 2012,0,0,0,0,4,8,8,68,3,3,8,8,68,3,0,0,0,0,0,0
281,Dan Kenny,C Grade,2004,PEELED_CENTRAL_SEASONS,2012,0,0,0,0,1,10,8,129,10,1,10,8,129,10,0,0,0,0,0,0
283,Louie Labrow,D Grade,2005,PEELED_CENTRAL_SEASONS,2024 2025,0,0,1,0,0,4,2,0,6,0,4,2,0,6,0,0,0,0,0,0
283,Louie Labrow,E Grade,2009,PEELED_CENTRAL_SEASONS,2025,0,0,0,0,0,3,1,2,2,0,3,1,0,2,0,0,0,0,0,0
283,Louie Labrow,F Grade,2013,PEELED_CENTRAL_SEASONS,2024 2025,0,0,0,0,3,17,3,8,14,0,17,3,8,14,0,0,0,0,0,0
284,Daniel Mcinnes,C Grade,2004,PEELED_CENTRAL_SEASONS,2012 2013,0,0,0,0,7,15,15,612,4,5,15,15,612,4,0,0,0,0,0,0
284,Daniel Mcinnes,F Grade,2013,PEELED_CENTRAL_SEASONS,2013,0,0,0,0,7,8,8,306,0,6,8,8,306,0,0,0,0,0,0,0
286,David Holmes,B Grade,2004,PEELED_CENTRAL_SEASONS,2022,0,0,0,0,0,6,5,87,1,3,6,5,87,1,0,0,0,0,0,0
286,David Holmes,D Grade,2005,PEELED_CENTRAL_SEASONS,2006,0,0,0,0,2,9,8,385,0,0,8,8,385,0,0,0,0,0,0,0
287,Aniket Nambiar,B Grade,2004,PEELED_CENTRAL_SEASONS,2024,0,0,12,0,2,2,2,0,0,0,2,2,0,0,0,0,0,0,0,0
287,Aniket Nambiar,D Grade,2005,PEELED_CENTRAL_SEASONS,2024,1,0,0,0,1,6,6,57,3,0,6,6,42,3,0,0,0,0,0,0
287,Aniket Nambiar,D Grade,2005,UNCOVERED_CENTRAL_SEASONS,2023,1,0,0,0,1,1,0,0,0,0,1,0,0,0,0,0,0,0,0,0
287,Aniket Nambiar,E Grade,2009,PEELED_CENTRAL_SEASONS,2023,0,0,0,0,0,14,14,469,16,1,12,12,316,15,0,0,0,0,0,0
288,Oliver Davidson,A Grade,2003,PEELED_CENTRAL_SEASONS,2024,0,0,0,0,6,15,10,189,24,7,15,10,189,24,0,0,0,0,0,0
288,Oliver Davidson,Colts,2023,PEELED_CENTRAL_SEASONS,2024,0,0,0,0,3,6,6,158,15,4,6,6,76,15,0,0,0,0,0,0
288,Oliver Davidson,PPL,2013,PEELED_CENTRAL_SEASONS,2024,0,0,0,0,0,2,1,18,2,0,1,1,18,2,0,0,0,0,0,0
290,Nicholas Cornish,D Grade,2005,PEELED_CENTRAL_SEASONS,2019 2022,0,0,0,0,0,8,7,69,6,0,8,1,1,0,0,0,0,0,0,0
290,Nicholas Cornish,E Grade,2009,PEELED_CENTRAL_SEASONS,2022 2023,0,0,0,0,8,15,12,209,4,8,15,12,207,3,0,0,0,0,0,0
291,Owen Phelps,B Grade,2004,PEELED_CENTRAL_SEASONS,2023,0,0,0,4,0,17,16,117,18,3,17,16,110,18,0,0,0,0,0,0
291,Owen Phelps,Colts,2023,PEELED_CENTRAL_SEASONS,2023,0,0,0,0,1,7,8,86,6,1,7,7,84,5,0,0,0,0,0,0
291,Owen Phelps,D Grade,2005,PEELED_CENTRAL_SEASONS,2023,0,0,0,0,1,2,2,13,2,1,2,2,3,2,0,0,0,0,0,0
291,Owen Phelps,E Grade,2009,PEELED_CENTRAL_SEASONS,2023,0,0,0,0,0,1,1,25,3,0,1,1,25,3,0,0,0,0,0,0
294,Reilly Owen-Skender,C Grade,2004,PEELED_CENTRAL_SEASONS,2012,0,0,0,0,0,2,1,2,0,0,2,1,2,0,0,0,0,0,0,0
294,Reilly Owen-Skender,D Grade,2005,PEELED_CENTRAL_SEASONS,2012 2013,0,0,0,0,1,2,2,12,2,1,2,2,12,2,0,0,0,0,0,0
294,Reilly Owen-Skender,E Grade,2009,PEELED_CENTRAL_SEASONS,2012 2013,0,0,0,0,6,12,8,70,6,2,12,8,70,6,0,0,0,0,0,0
294,Reilly Owen-Skender,F Grade,2013,PEELED_CENTRAL_SEASONS,2013,0,0,0,0,1,7,4,18,11,0,7,4,18,11,0,0,0,0,0,0
295,Hayes Buller,D Grade,2005,PEELED_CENTRAL_SEASONS,2024,0,0,0,0,0,1,1,4,0,0,1,1,4,0,0,0,0,0,0,0
295,Hayes Buller,F Grade,2013,PEELED_CENTRAL_SEASONS,2024 2025,0,0,0,0,9,21,18,275,26,0,21,18,260,26,0,0,0,0,0,0
296,Kayden May,D Grade,2005,PEELED_CENTRAL_SEASONS,2024 2025,0,0,0,0,1,5,3,14,3,1,5,3,7,3,0,0,0,0,0,0
296,Kayden May,E Grade,2009,PEELED_CENTRAL_SEASONS,2024 2025,0,0,0,0,5,9,6,127,0,5,9,6,127,0,0,0,0,0,0,0
296,Kayden May,F Grade,2013,PEELED_CENTRAL_SEASONS,2025,0,0,0,0,6,8,6,136,0,6,8,6,119,0,0,0,0,0,0,0
297,Dom Asson,B Grade,2004,PEELED_CENTRAL_SEASONS,2023,0,0,0,0,3,4,1,2,2,3,4,1,0,2,0,0,0,0,0,0
297,Dom Asson,Colts,2023,PEELED_CENTRAL_SEASONS,2023,0,0,0,0,0,6,4,45,3,1,4,3,26,3,0,0,0,0,0,0
297,Dom Asson,D Grade,2005,PEELED_CENTRAL_SEASONS,2023,1,0,0,0,1,8,6,31,4,2,7,6,11,4,0,0,0,0,0,0
297,Dom Asson,E Grade,2009,PEELED_CENTRAL_SEASONS,2023,0,0,14,0,2,8,2,0,7,5,6,1,0,5,0,0,0,0,0,0
298,Cooper Gray,D Grade,2005,PEELED_CENTRAL_SEASONS,2019 2020,0,0,0,0,0,9,6,23,7,0,9,0,0,0,0,0,0,0,0,0
298,Cooper Gray,E Grade,2009,PEELED_CENTRAL_SEASONS,2021,0,0,0,0,0,3,2,5,0,1,2,2,5,0,0,0,0,0,0,0
298,Cooper Gray,F Grade,2013,PEELED_CENTRAL_SEASONS,2020,0,0,0,0,0,3,3,22,4,0,3,0,0,0,0,0,0,0,0,0
301,Shiloh Blight,Female A Grade,2023,PEELED_CENTRAL_SEASONS,2023 2024 2025,0,0,0,0,0,22,21,326,10,0,22,21,222,10,0,0,0,0,0,0
302,Sean Nye,B Grade,2004,PEELED_CENTRAL_SEASONS,2004,8,8,117,0,7,12,12,135,0,1,12,12,135,0,0,0,0,0,0,0
303,Jay Deeming,D Grade,2005,PEELED_CENTRAL_SEASONS,2005 2006,0,0,0,0,8,20,20,180,41,11,19,19,180,41,0,0,0,0,0,0
303,Jay Deeming,E Grade,2009,PEELED_CENTRAL_SEASONS,2014,0,0,0,0,0,1,1,2,2,0,1,0,0,0,0,0,0,0,0,0
304,Dan Buncle,B Grade,2004,PEELED_CENTRAL_SEASONS,2006,14,13,99,5,6,7,6,75,9,0,7,6,75,9,0,0,0,0,0,0
305,Tahj Bashford,Colts,2023,PEELED_CENTRAL_SEASONS,2023 2024 2025,0,0,0,0,1,21,12,117,23,0,18,10,103,20,0,0,0,0,0,0
306,Trae Rehutai,D Grade,2005,PEELED_CENTRAL_SEASONS,2022,0,0,0,0,0,2,2,10,0,3,2,2,10,0,0,0,0,0,0,0
306,Trae Rehutai,E Grade,2009,PEELED_CENTRAL_SEASONS,2021 2022 2023,0,0,0,0,5,10,2,1,1,6,7,2,1,1,0,0,0,0,0,0
306,Trae Rehutai,F Grade,2013,PEELED_CENTRAL_SEASONS,2021 2022 2023,0,0,2,0,2,9,6,36,6,3,9,6,36,6,0,0,0,0,0,0
307,Shannon Wright,B Grade,2004,PEELED_CENTRAL_SEASONS,2013 2014 2016 2019,0,0,0,0,1,8,8,157,1,1,8,8,157,1,0,0,0,0,0,0
307,Shannon Wright,C Grade,2004,PEELED_CENTRAL_SEASONS,2013,1,0,0,0,5,12,10,355,0,0,10,10,355,0,0,0,0,0,0,0
307,Shannon Wright,D Grade,2005,PEELED_CENTRAL_SEASONS,2019,0,0,0,0,0,1,1,35,0,0,1,0,0,0,0,0,0,0,0,0
311,Matison Dalwood,D Grade,2005,PEELED_CENTRAL_SEASONS,2006 2007,0,0,0,0,4,18,17,157,6,4,18,17,157,6,0,0,0,0,0,0
313,Timothy Allen,D Grade,2005,PEELED_CENTRAL_SEASONS,2009 2010 2012 2017,1,0,0,0,9,20,10,58,19,8,19,10,58,19,0,0,0,0,0,0
314,Jared King,B Grade,2004,PEELED_CENTRAL_SEASONS,2007 2008,0,0,0,0,5,13,9,31,15,4,13,9,31,15,0,0,0,0,0,0
314,Jared King,D Grade,2005,PEELED_CENTRAL_SEASONS,2008,0,0,0,0,3,7,1,1,7,3,7,1,1,7,0,0,0,0,0,0
315,Al Kristensen,A Grade,2003,PEELED_CENTRAL_SEASONS,2010 2011,0,0,0,0,6,18,16,417,0,4,18,16,417,0,0,0,0,0,0,0
316,Lucius Hysen,A Grade,2003,PEELED_CENTRAL_SEASONS,2025,0,0,0,0,0,1,1,15,0,0,1,1,15,0,0,0,0,0,0,0
316,Lucius Hysen,B Grade,2004,PEELED_CENTRAL_SEASONS,2024 2025,0,0,0,0,2,13,11,165,0,2,11,10,67,0,0,0,0,0,0,0
316,Lucius Hysen,Colts,2023,PEELED_CENTRAL_SEASONS,2025,0,0,0,0,1,6,5,76,0,1,5,5,40,0,0,0,0,0,0,0
316,Lucius Hysen,D Grade,2005,PEELED_CENTRAL_SEASONS,2024,0,0,0,0,1,1,1,21,1,1,1,1,21,1,0,0,0,0,0,0
316,Lucius Hysen,E Grade,2009,PEELED_CENTRAL_SEASONS,2024,0,0,0,0,3,2,2,76,0,3,2,2,76,0,0,0,0,0,0,0
317,Jake O'Byrne,A Grade,2003,PEELED_CENTRAL_SEASONS,2014,0,0,0,0,11,18,16,333,0,0,18,16,333,0,0,0,0,0,0,0
317,Jake O'Byrne,B Grade,2004,PEELED_CENTRAL_SEASONS,2014,0,0,0,0,0,1,1,2,0,0,1,1,2,0,0,0,0,0,0,0
318,Peter Brear,B Grade,2004,PEELED_CENTRAL_SEASONS,2007 2008,1,1,18,0,3,20,18,308,0,0,18,18,308,0,0,0,0,0,0,0
319,Will Eason,A Grade,2003,PEELED_CENTRAL_SEASONS,2017,0,0,0,0,1,18,18,311,15,5,18,18,311,15,0,0,0,0,0,0
319,Will Eason,B Grade,2004,UNCOVERED_CENTRAL_SEASONS,2017,1,1,6,0,1,1,1,6,0,1,1,1,6,0,1,0,0,0,0,0
320,Mathew Branchi,D Grade,2005,PEELED_CENTRAL_SEASONS,2018,0,0,0,0,0,1,1,6,0,0,1,0,0,0,0,0,0,0,0,0
320,Mathew Branchi,E Grade,2009,PEELED_CENTRAL_SEASONS,2017,0,0,0,0,0,10,9,136,2,0,10,0,0,0,0,0,0,0,0,0
320,Mathew Branchi,F Grade,2013,PEELED_CENTRAL_SEASONS,2016,0,0,0,0,0,9,5,32,0,0,8,0,0,0,0,0,0,0,0,0
321,Tim Rogers,C Grade,2004,PEELED_CENTRAL_SEASONS,2014,0,0,0,0,4,7,6,59,0,3,7,6,59,0,0,0,0,0,0,0
321,Tim Rogers,D Grade,2005,PEELED_CENTRAL_SEASONS,2016 2017,0,0,0,0,0,12,12,94,0,7,12,12,94,0,0,0,0,0,0,0
322,Angus Moseley,B Grade,2004,PEELED_CENTRAL_SEASONS,2023,0,0,0,0,0,2,2,19,0,0,2,2,19,0,0,0,0,0,0,0
322,Angus Moseley,Colts,2023,PEELED_CENTRAL_SEASONS,2023 2024 2025,0,0,0,0,8,14,13,105,3,12,11,10,77,3,0,0,0,0,0,0
322,Angus Moseley,E Grade,2009,PEELED_CENTRAL_SEASONS,2022,0,0,0,0,0,1,1,0,2,0,1,1,0,2,0,0,0,0,0,0
322,Angus Moseley,F Grade,2013,PEELED_CENTRAL_SEASONS,2021,0,0,0,0,0,3,3,41,1,2,3,3,41,1,0,0,0,0,0,0
323,Matthew Hardie,B Grade,2004,PEELED_CENTRAL_SEASONS,2018,0,0,0,0,2,2,2,9,1,1,2,2,9,1,0,0,0,0,0,0
323,Matthew Hardie,D Grade,2005,PEELED_CENTRAL_SEASONS,2017,1,1,3,0,0,7,6,62,7,3,7,6,62,0,0,0,0,0,0,0
323,Matthew Hardie,E Grade,2009,PEELED_CENTRAL_SEASONS,2017,0,0,0,0,0,7,5,37,4,1,7,0,0,0,0,0,0,0,0,0
323,Matthew Hardie,F Grade,2013,PEELED_CENTRAL_SEASONS,2017,0,0,0,0,0,1,1,0,1,0,1,0,0,0,0,0,0,0,0,0
327,Liam Geary,C Grade,2004,PEELED_CENTRAL_SEASONS,2012,0,0,0,0,3,1,1,3,0,3,1,1,3,0,0,0,0,0,0,0
327,Liam Geary,D Grade,2005,PEELED_CENTRAL_SEASONS,2012,0,0,0,0,6,6,5,96,0,6,6,5,96,0,0,0,0,0,0,0
327,Liam Geary,E Grade,2009,PEELED_CENTRAL_SEASONS,2010 2012,0,0,0,0,10,10,7,24,4,2,10,7,24,4,0,0,0,0,0,0
327,Liam Geary,F Grade,2013,PEELED_CENTRAL_SEASONS,2013,0,0,0,0,0,1,1,78,1,0,1,1,78,1,0,0,0,0,0,0
328,Cadin Sturgess,C Grade,2004,PEELED_CENTRAL_SEASONS,2017,0,0,0,0,4,3,2,10,0,3,3,2,10,0,0,0,0,0,0,0
328,Cadin Sturgess,D Grade,2005,PEELED_CENTRAL_SEASONS,2016 2017 2019,0,0,0,0,0,8,6,94,1,1,8,5,83,0,0,0,0,0,0,0
329,Sophie Terrell,Female A Grade,2023,PEELED_CENTRAL_SEASONS,2024 2025,0,0,0,0,2,26,22,258,1,8,24,22,148,1,0,0,0,0,0,0
330,Brennan Carlisle,D Grade,2005,PEELED_CENTRAL_SEASONS,2010 2012,1,0,0,0,7,12,10,71,2,0,11,10,71,2,0,0,0,0,0,0
330,Brennan Carlisle,E Grade,2009,PEELED_CENTRAL_SEASONS,2009,0,0,0,0,2,6,5,38,11,0,6,5,38,11,0,0,0,0,0,0
331,Mick Mulcahy,D Grade,2005,PEELED_CENTRAL_SEASONS,2017,0,0,0,0,0,1,1,0,2,0,1,1,0,0,0,0,0,0,0,0
331,Mick Mulcahy,E Grade,2009,PEELED_CENTRAL_SEASONS,2015 2016,0,0,0,0,0,15,6,101,21,1,15,0,0,0,0,0,0,0,0,0
333,Ben Mcinnes,D Grade,2005,PEELED_CENTRAL_SEASONS,2013,0,0,0,0,0,1,1,3,1,0,1,1,3,1,0,0,0,0,0,0
333,Ben Mcinnes,E Grade,2009,PEELED_CENTRAL_SEASONS,2013,0,0,0,0,1,3,0,0,3,0,3,0,0,3,0,0,0,0,0,0
333,Ben Mcinnes,F Grade,2013,PEELED_CENTRAL_SEASONS,2013,0,0,0,0,6,12,8,43,12,0,11,8,43,12,0,0,0,0,0,0
337,Ethan Mael,D Grade,2005,PEELED_CENTRAL_SEASONS,2022,0,0,0,0,0,8,8,85,0,4,7,7,84,0,0,0,0,0,0,0
337,Ethan Mael,E Grade,2009,PEELED_CENTRAL_SEASONS,2022,0,0,0,0,0,3,3,48,1,0,3,3,48,1,0,0,0,0,0,0
337,Ethan Mael,F Grade,2013,PEELED_CENTRAL_SEASONS,2021 2022,0,0,0,0,0,4,3,37,0,1,4,3,37,0,0,0,0,0,0,0
340,Jason Clarke,A Grade,2003,PEELED_CENTRAL_SEASONS,2005 2006 2007,0,0,0,0,2,14,6,71,18,2,14,5,68,18,0,0,0,0,0,0
340,Jason Clarke,D Grade,2005,PEELED_CENTRAL_SEASONS,2017,0,0,0,0,0,2,2,9,4,0,2,2,9,0,0,0,0,0,0,0
340,Jason Clarke,F Grade,2013,PEELED_CENTRAL_SEASONS,2017,0,0,0,0,0,1,1,2,4,0,1,0,0,0,0,0,0,0,0,0
341,Judd Prentice,A Grade,2003,PEELED_CENTRAL_SEASONS,2003 2004,4,1,9,2,6,13,9,63,14,0,13,9,63,14,0,0,0,0,0,0
343,Chris Mills,A Grade,2003,PEELED_CENTRAL_SEASONS,2019 2020,0,0,0,0,2,19,8,54,16,2,16,8,54,16,0,0,0,0,0,0
343,Chris Mills,A Grade,2003,UNCOVERED_CENTRAL_SEASONS,2021,0,0,0,0,2,1,0,0,0,0,0,0,0,0,2,0,0,0,0,0
343,Chris Mills,B Grade,2004,PEELED_CENTRAL_SEASONS,2019,0,0,0,0,2,1,1,4,2,0,1,1,4,2,0,0,0,0,0,0
344,Alex Garbin,E Grade,2009,PEELED_CENTRAL_SEASONS,2022,0,0,0,0,0,4,3,11,3,0,3,2,11,0,0,0,0,0,0,0
344,Alex Garbin,F Grade,2013,PEELED_CENTRAL_SEASONS,2020 2022,0,0,0,0,0,14,7,31,8,0,13,0,0,0,0,0,0,0,0,0
345,Bradley Dhu,D Grade,2005,PEELED_CENTRAL_SEASONS,2005 2006,0,0,0,0,9,18,11,25,0,0,17,11,25,0,0,0,0,0,0,0
346,Edward O'Brien,F Grade,2013,PEELED_CENTRAL_SEASONS,2016,0,0,0,0,0,16,15,508,1,0,16,0,0,0,0,0,0,0,0,0
347,Bradley Rayment,D Grade,2005,PEELED_CENTRAL_SEASONS,2006 2022,0,0,0,0,0,5,4,56,7,0,3,3,51,7,0,0,0,0,0,0
347,Bradley Rayment,E Grade,2009,PEELED_CENTRAL_SEASONS,2022,0,0,0,0,0,1,1,21,0,0,1,1,21,0,0,0,0,0,0,0
347,Bradley Rayment,F Grade,2013,PEELED_CENTRAL_SEASONS,2022 2023,1,0,0,0,2,11,9,345,11,1,10,9,295,11,0,0,0,0,0,0
349,Nithin Sreehari,D Grade,2005,PEELED_CENTRAL_SEASONS,2025,0,0,0,0,0,1,1,9,0,0,1,1,9,0,0,0,0,0,0,0
349,Nithin Sreehari,E Grade,2009,PEELED_CENTRAL_SEASONS,2025,0,0,0,0,8,13,13,260,0,8,13,13,118,0,0,0,0,0,0,0
349,Nithin Sreehari,F Grade,2013,PEELED_CENTRAL_SEASONS,2025,0,0,0,0,0,2,2,31,0,0,2,2,1,0,0,0,0,0,0,0
350,Richard Manning,F Grade,2013,PEELED_CENTRAL_SEASONS,2016,0,0,0,0,0,16,12,232,21,0,16,0,0,0,0,0,0,0,0,0
352,Aaron Thomas,A Grade,2003,PEELED_CENTRAL_SEASONS,2004,2,0,17,2,4,14,10,155,12,2,14,10,155,12,0,0,0,0,0,0
353,Dean Ryan,E Grade,2009,PEELED_CENTRAL_SEASONS,2017 2021,0,0,0,0,0,2,1,35,1,0,1,0,0,1,0,0,0,0,0,0
353,Dean Ryan,F Grade,2013,PEELED_CENTRAL_SEASONS,2016,0,0,0,0,0,9,6,95,16,2,1,1,1,0,0,0,0,0,0,0
354,Jayden Brion,B Grade,2004,PEELED_CENTRAL_SEASONS,2022,0,0,0,0,0,2,2,11,2,0,2,2,11,2,0,0,0,0,0,0
354,Jayden Brion,E Grade,2009,PEELED_CENTRAL_SEASONS,2023 2025,0,0,0,0,3,7,5,70,2,0,7,5,39,2,0,0,0,0,0,0
355,Christopher Derman,D Grade,2005,PEELED_CENTRAL_SEASONS,2012,0,0,0,0,5,13,9,47,19,4,13,9,47,19,0,0,0,0,0,0
355,Christopher Derman,E Grade,2009,PEELED_CENTRAL_SEASONS,2012,0,0,0,0,0,2,2,90,2,0,2,2,90,2,0,0,0,0,0,0
355,Christopher Derman,F Grade,2013,PEELED_CENTRAL_SEASONS,2024,0,0,0,0,0,1,0,0,0,0,1,0,0,0,0,0,0,0,0,0
356,Darryl Muller,F Grade,2013,PEELED_CENTRAL_SEASONS,2015 2016,0,0,0,0,0,17,11,135,17,3,16,0,0,0,0,0,0,0,0,0
358,Kobe Lee,E Grade,2009,PEELED_CENTRAL_SEASONS,2024 2025,0,0,0,0,3,14,7,95,5,3,13,7,44,5,0,0,0,0,0,0
358,Kobe Lee,F Grade,2013,PEELED_CENTRAL_SEASONS,2024 2025,0,0,0,0,2,2,1,5,2,2,2,1,0,2,0,0,0,0,0,0
359,Adrian Graham,A Grade,2003,PEELED_CENTRAL_SEASONS,2010 2011,0,0,0,0,5,13,8,81,9,3,13,8,81,9,0,0,0,0,0,0
359,Adrian Graham,B Grade,2004,PEELED_CENTRAL_SEASONS,2010 2011,0,0,0,0,0,3,3,17,5,0,3,3,17,5,0,0,0,0,0,0
361,Jaiden Davern,Colts,2023,PEELED_CENTRAL_SEASONS,2023,0,0,0,0,0,1,0,0,0,0,1,0,0,0,0,0,0,0,0,0
361,Jaiden Davern,D Grade,2005,PEELED_CENTRAL_SEASONS,2022,0,0,0,0,0,1,0,0,0,1,1,0,0,0,0,0,0,0,0,0
361,Jaiden Davern,E Grade,2009,PEELED_CENTRAL_SEASONS,2022,0,0,0,1,0,2,2,1,1,3,2,2,1,1,0,0,0,0,0,0
361,Jaiden Davern,F Grade,2013,PEELED_CENTRAL_SEASONS,2022 2023,1,0,0,0,4,12,5,14,10,7,11,5,6,10,0,0,0,0,0,0
362,Phil Hall,A Grade,2003,PEELED_CENTRAL_SEASONS,2010,0,0,0,0,1,16,2,11,18,0,16,2,11,18,0,0,0,0,0,0
363,Sophie Phelps,Female A Grade,2023,PEELED_CENTRAL_SEASONS,2024 2025,1,0,0,0,0,20,4,19,12,1,18,4,6,12,0,0,0,0,0,0
365,Rhys Lawrie,D Grade,2005,PEELED_CENTRAL_SEASONS,2022,0,0,0,0,0,1,1,53,0,0,1,1,53,0,0,0,0,0,0,0
367,Rick Tyson,A Grade,2003,PEELED_CENTRAL_SEASONS,2004,2,1,38,3,12,13,12,174,14,1,13,12,174,14,0,0,0,0,0,0
369,Emmett Hambley,B Grade,2004,PEELED_CENTRAL_SEASONS,2023,0,0,0,0,0,1,1,3,0,0,1,1,3,0,0,0,0,0,0,0
369,Emmett Hambley,Colts,2023,PEELED_CENTRAL_SEASONS,2023,0,0,3,0,2,7,7,70,2,0,6,6,70,1,0,0,0,0,0,0
369,Emmett Hambley,D Grade,2005,PEELED_CENTRAL_SEASONS,2020 2022 2023,0,0,1,0,2,6,5,65,2,0,5,5,65,0,0,0,0,0,0,0
369,Emmett Hambley,E Grade,2009,PEELED_CENTRAL_SEASONS,2022,0,0,0,0,0,1,1,65,0,0,1,1,65,0,0,0,0,0,0,0
370,Bradley Scott,A Grade,2003,PEELED_CENTRAL_SEASONS,2021,0,0,0,0,8,12,7,149,20,0,12,7,149,20,0,0,0,0,0,0
372,Wayne Gibbs,C Grade,2004,PEELED_CENTRAL_SEASONS,2004,10,9,118,1,3,4,3,16,0,0,3,3,16,0,0,0,0,0,0,0
373,Daniel Higham,A Grade,2003,PEELED_CENTRAL_SEASONS,2015,0,0,0,0,2,4,3,4,1,2,3,3,4,1,0,0,0,0,0,0
373,Daniel Higham,B Grade,2004,PEELED_CENTRAL_SEASONS,2015,0,0,0,0,0,10,6,45,22,0,9,6,45,22,0,0,0,0,0,0
373,Daniel Higham,C Grade,2004,PEELED_CENTRAL_SEASONS,2015,0,0,0,0,0,1,1,9,2,0,1,1,9,2,0,0,0,0,0,0
374,David Coomber,D Grade,2005,PEELED_CENTRAL_SEASONS,2006,0,0,0,0,5,15,13,62,31,2,15,13,62,31,0,0,0,0,0,0
378,Nathan Hogg,A Grade,2003,PEELED_CENTRAL_SEASONS,2005,0,0,0,0,4,14,14,448,1,4,14,14,448,1,0,0,0,0,0,0
379,Sam Pendlebury,A Grade,2003,PEELED_CENTRAL_SEASONS,2017,0,0,0,0,1,12,12,381,1,0,12,12,381,1,0,0,0,0,0,0
379,Sam Pendlebury,B Grade,2004,UNCOVERED_CENTRAL_SEASONS,2017,2,2,25,1,2,2,2,25,1,0,2,2,25,1,0,0,0,0,0,0
380,Austin Miley,F Grade,2013,PEELED_CENTRAL_SEASONS,2024 2025,0,0,0,0,7,14,14,382,5,7,14,14,191,5,0,0,0,0,0,0
383,Rahul Singh,D Grade,2005,PEELED_CENTRAL_SEASONS,2014,0,0,0,0,0,1,1,22,0,0,1,1,22,0,0,0,0,0,0,0
383,Rahul Singh,E Grade,2009,PEELED_CENTRAL_SEASONS,2014,0,0,0,0,0,11,10,121,1,0,11,0,0,0,0,0,0,0,0,0
383,Rahul Singh,F Grade,2013,PEELED_CENTRAL_SEASONS,2014,0,0,0,0,0,3,1,5,0,0,2,0,0,0,0,0,0,0,0,0
384,Thomas Stack,E Grade,2009,PEELED_CENTRAL_SEASONS,2014 2015 2017,0,0,0,0,0,9,9,30,0,0,9,0,0,0,0,0,0,0,0,0
384,Thomas Stack,F Grade,2013,PEELED_CENTRAL_SEASONS,2015,0,0,0,0,0,6,3,69,0,0,5,0,0,0,0,0,0,0,0,0
385,Daniel Pryce,E Grade,2009,PEELED_CENTRAL_SEASONS,2009,0,0,0,0,2,14,10,96,15,2,14,10,96,15,0,0,0,0,0,0
387,Ric Holden,D Grade,2005,PEELED_CENTRAL_SEASONS,2005,0,0,0,0,4,14,14,76,0,4,13,13,76,0,0,0,0,0,0,0
388,Tahlia Head,F Grade,2013,PEELED_CENTRAL_SEASONS,2025,0,0,0,0,0,1,0,0,0,0,1,0,0,0,0,0,0,0,0,0
388,Tahlia Head,Female A Grade,2023,PEELED_CENTRAL_SEASONS,2023 2024 2025,0,0,0,0,0,14,5,72,13,1,14,5,0,13,0,0,0,0,0,0
389,Dylan Mulcahy,D Grade,2005,PEELED_CENTRAL_SEASONS,2017,0,0,0,0,0,1,1,18,2,0,1,1,18,0,0,0,0,0,0,0
389,Dylan Mulcahy,E Grade,2009,PEELED_CENTRAL_SEASONS,2016 2017,0,0,0,0,0,15,5,20,5,2,13,0,0,0,0,0,0,0,0,0
390,Harrison Klasztorny,B Grade,2004,PEELED_CENTRAL_SEASONS,2016,0,0,0,0,2,5,3,6,0,0,5,3,6,0,0,0,0,0,0,0
390,Harrison Klasztorny,D Grade,2005,PEELED_CENTRAL_SEASONS,2016 2017 2018,0,0,0,0,0,6,6,21,2,2,6,3,15,0,0,0,0,0,0,0
390,Harrison Klasztorny,F Grade,2013,PEELED_CENTRAL_SEASONS,2016,0,0,0,0,0,2,1,7,0,0,2,0,0,0,0,0,0,0,0,0
392,Drew Mccarthy,D Grade,2005,PEELED_CENTRAL_SEASONS,2011,0,0,0,0,4,14,12,276,12,0,13,12,276,12,0,0,0,0,0,0
394,Ankit Kumar,D Grade,2005,PEELED_CENTRAL_SEASONS,2024,0,0,0,0,0,1,1,2,0,0,1,1,2,0,0,0,0,0,0,0
394,Ankit Kumar,E Grade,2009,PEELED_CENTRAL_SEASONS,2024,0,0,0,0,3,6,4,48,1,4,6,4,36,1,0,0,0,0,0,0
394,Ankit Kumar,F Grade,2013,PEELED_CENTRAL_SEASONS,2024,0,0,0,0,2,6,6,138,7,2,6,6,115,7,0,0,0,0,0,0
395,Nicholas Garbin,F Grade,2013,PEELED_CENTRAL_SEASONS,2020,0,0,0,0,0,14,11,183,12,0,13,0,0,0,0,0,0,0,0,0
396,Marcus Tomlinson,Colts,2023,PEELED_CENTRAL_SEASONS,2023,0,0,1,0,1,7,5,66,0,1,4,4,66,0,0,0,0,0,0,0
396,Marcus Tomlinson,E Grade,2009,PEELED_CENTRAL_SEASONS,2023,0,0,0,0,0,3,3,36,0,0,3,3,6,0,0,0,0,0,0,0
396,Marcus Tomlinson,F Grade,2013,PEELED_CENTRAL_SEASONS,2023,0,0,0,0,1,3,3,71,2,1,3,3,71,2,0,0,0,0,0,0
398,Laura Billingsley,E Grade,2009,PEELED_CENTRAL_SEASONS,2024,0,0,1,0,0,1,1,0,0,0,1,1,0,0,0,0,0,0,0,0
398,Laura Billingsley,Female A Grade,2023,PEELED_CENTRAL_SEASONS,2023 2024,0,0,0,0,0,12,8,136,8,0,12,8,38,8,0,0,0,0,0,0
399,Antony Maichil,E Grade,2009,PEELED_CENTRAL_SEASONS,2022 2023,0,0,5,0,1,10,9,122,0,1,10,9,122,0,0,0,0,0,0,0
399,Antony Maichil,F Grade,2013,PEELED_CENTRAL_SEASONS,2023,1,0,0,0,0,3,2,6,1,0,2,2,6,1,0,0,0,0,0,0
400,Robert Swart,D Grade,2005,PEELED_CENTRAL_SEASONS,2022,0,0,0,0,0,2,1,6,0,0,1,0,0,0,0,0,0,0,0,0
400,Robert Swart,E Grade,2009,PEELED_CENTRAL_SEASONS,2022,0,0,0,0,0,5,5,18,0,1,4,4,18,0,0,0,0,0,0,0
400,Robert Swart,F Grade,2013,PEELED_CENTRAL_SEASONS,2022 2023,0,0,0,0,0,6,5,101,0,0,6,5,87,0,0,0,0,0,0,0
401,Jordan Jackson,D Grade,2005,PEELED_CENTRAL_SEASONS,2017,0,0,0,0,0,2,2,12,3,0,2,2,12,0,0,0,0,0,0,0
401,Jordan Jackson,E Grade,2009,PEELED_CENTRAL_SEASONS,2014 2015 2017,0,0,0,0,0,10,7,37,9,1,10,0,0,0,0,0,0,0,0,0
401,Jordan Jackson,F Grade,2013,PEELED_CENTRAL_SEASONS,2017,0,0,0,0,0,1,1,67,0,0,1,0,0,0,0,0,0,0,0,0
404,Des Devaurino,C Grade,2004,PEELED_CENTRAL_SEASONS,2004,12,9,94,9,3,12,0,0,0,0,1,0,0,0,0,0,0,0,0,0
406,Jaspreet Pannu,E Grade,2009,PEELED_CENTRAL_SEASONS,2014,0,0,0,0,0,2,2,15,3,0,2,0,0,0,0,0,0,0,0,0
406,Jaspreet Pannu,F Grade,2013,PEELED_CENTRAL_SEASONS,2013,0,0,0,0,3,9,7,59,15,1,9,7,59,15,0,0,0,0,0,0
407,Claire Litchfield,Female A Grade,2023,PEELED_CENTRAL_SEASONS,2024 2025,0,0,0,0,1,19,13,115,11,5,18,13,64,11,0,0,0,0,0,0
408,David Arrowsmith,D Grade,2005,PEELED_CENTRAL_SEASONS,2024,1,0,0,0,3,4,3,15,0,3,3,3,4,0,0,0,0,0,0,0
408,David Arrowsmith,E Grade,2009,PEELED_CENTRAL_SEASONS,2024 2025,0,0,0,0,0,2,1,1,0,0,2,1,0,0,0,0,0,0,0,0
408,David Arrowsmith,F Grade,2013,PEELED_CENTRAL_SEASONS,2025,0,0,5,0,5,7,7,42,0,5,7,7,42,0,0,0,0,0,0,0
410,Wayne Vincent,D Grade,2005,PEELED_CENTRAL_SEASONS,2007,0,0,0,0,0,5,4,18,0,0,5,4,18,0,0,0,0,0,0,0
410,Wayne Vincent,E Grade,2009,PEELED_CENTRAL_SEASONS,2010 2012,0,0,0,0,1,7,4,19,4,1,7,4,19,4,0,0,0,0,0,0
411,Kyren Tierney,B Grade,2004,PEELED_CENTRAL_SEASONS,2006 2007,1,1,0,0,6,13,7,19,14,7,12,7,19,14,0,0,0,0,0,0
412,Gurnoor Singh,D Grade,2005,PEELED_CENTRAL_SEASONS,2023,2,0,0,0,4,13,3,9,8,4,11,3,9,8,0,0,0,0,0,0
413,Ellie Lovell,Female A Grade,2023,PEELED_CENTRAL_SEASONS,2024 2025,0,0,0,0,0,22,5,30,18,1,21,5,29,18,0,0,0,0,0,0
416,Brendan Lee,E Grade,2009,PEELED_CENTRAL_SEASONS,2021,0,0,28,0,0,8,7,69,15,0,7,7,69,14,0,0,0,0,0,0
416,Brendan Lee,F Grade,2013,PEELED_CENTRAL_SEASONS,2021,0,0,0,0,0,5,5,115,8,1,4,4,93,7,0,0,0,0,0,0
418,Ben Bell,C Grade,2004,PEELED_CENTRAL_SEASONS,2004 2005,9,9,106,18,1,12,2,60,5,0,3,2,60,5,0,0,0,0,0,0
419,Alex Osborne,B Grade,2004,PEELED_CENTRAL_SEASONS,2024,0,0,0,0,1,5,4,67,4,0,5,4,17,4,0,0,0,0,0,0
419,Alex Osborne,Colts,2023,PEELED_CENTRAL_SEASONS,2023,0,0,0,0,5,5,4,126,7,0,5,3,18,7,0,0,0,0,0,0
419,Alex Osborne,PPL,2013,PEELED_CENTRAL_SEASONS,2023,0,0,0,0,2,4,0,0,9,0,4,0,0,9,0,0,0,0,0,0
420,Phil Miolin,D Grade,2005,PEELED_CENTRAL_SEASONS,2023,1,0,0,0,1,4,2,33,0,1,3,2,1,0,0,0,0,0,0,0
420,Phil Miolin,E Grade,2009,PEELED_CENTRAL_SEASONS,2023,0,0,0,0,2,6,4,119,13,4,5,3,31,10,0,0,0,0,0,0
420,Phil Miolin,F Grade,2013,UNCOVERED_CENTRAL_SEASONS,2023,1,0,0,0,0,1,0,0,0,0,1,0,0,0,0,0,0,0,0,0
421,Jake Ward,D Grade,2005,PEELED_CENTRAL_SEASONS,2020,0,0,0,0,0,3,3,1,0,0,3,0,0,0,0,0,0,0,0,0
421,Jake Ward,F Grade,2013,PEELED_CENTRAL_SEASONS,2020,0,0,0,0,0,9,8,152,3,0,9,0,0,0,0,0,0,0,0,0
423,Clinton Adams,D Grade,2005,PEELED_CENTRAL_SEASONS,2007,0,0,0,0,0,10,9,101,7,0,10,9,101,7,0,0,0,0,0,0
426,Rory Collins,D Grade,2005,PEELED_CENTRAL_SEASONS,2025,0,0,0,0,9,12,7,92,0,9,12,7,50,0,0,0,0,0,0,0
427,James Capener,A Grade,2003,PEELED_CENTRAL_SEASONS,2015,0,0,0,0,3,5,3,1,0,3,3,3,1,0,0,0,0,0,0,0
427,James Capener,B Grade,2004,PEELED_CENTRAL_SEASONS,2011,0,0,0,0,1,3,3,30,0,0,3,3,30,0,0,0,0,0,0,0
427,James Capener,F Grade,2013,PEELED_CENTRAL_SEASONS,2017,0,0,0,0,0,1,1,29,0,4,1,0,0,0,0,0,0,0,0,0
428,Harbhinder Singh,B Grade,2004,PEELED_CENTRAL_SEASONS,2019,3,3,20,0,0,1,1,17,0,0,1,1,17,0,0,0,0,0,0,0
428,Harbhinder Singh,C Grade,2004,PEELED_CENTRAL_SEASONS,2017,0,0,0,0,1,1,1,0,0,1,1,1,0,0,0,0,0,0,0,0
428,Harbhinder Singh,D Grade,2005,PEELED_CENTRAL_SEASONS,2017 2019,0,0,0,0,0,5,5,27,10,0,5,4,17,0,0,0,0,0,0,0
428,Harbhinder Singh,E Grade,2009,PEELED_CENTRAL_SEASONS,2017,0,0,0,0,0,1,1,4,0,0,1,0,0,0,0,0,0,0,0,0
428,Harbhinder Singh,F Grade,2013,PEELED_CENTRAL_SEASONS,2020,0,0,0,0,0,1,1,1,0,0,1,0,0,0,0,0,0,0,0,0
429,Brandon Day,E Grade,2009,PEELED_CENTRAL_SEASONS,2010 2017,0,0,0,0,1,11,9,63,0,0,11,8,62,0,0,0,0,0,0,0
429,Brandon Day,F Grade,2013,PEELED_CENTRAL_SEASONS,2014,0,0,0,0,0,1,1,2,0,0,1,0,0,0,0,0,0,0,0,0
430,Jacob Hodson,A Grade,2003,PEELED_CENTRAL_SEASONS,2014,0,0,0,0,5,9,6,12,17,5,8,6,12,17,0,0,0,0,0,0
430,Jacob Hodson,B Grade,2004,PEELED_CENTRAL_SEASONS,2013 2014,0,0,0,0,2,3,2,8,7,0,2,2,8,6,0,0,0,0,0,0
430,Jacob Hodson,C Grade,2004,PEELED_CENTRAL_SEASONS,2013,0,0,0,0,0,2,1,36,1,0,2,1,36,1,0,0,0,0,0,0
431,Jack Sadler,D Grade,2005,PEELED_CENTRAL_SEASONS,2017,0,0,0,0,0,1,1,3,0,0,1,1,3,0,0,0,0,0,0,0
431,Jack Sadler,E Grade,2009,PEELED_CENTRAL_SEASONS,2015 2016,0,0,0,0,0,8,2,36,9,1,6,0,0,0,0,0,0,0,0,0
431,Jack Sadler,F Grade,2013,PEELED_CENTRAL_SEASONS,2014 2015,0,0,0,0,0,5,4,16,9,0,5,0,0,0,0,0,0,0,0,0
432,Chris Ridge,D Grade,2005,PEELED_CENTRAL_SEASONS,2005,0,0,0,0,6,12,11,35,8,6,12,11,35,8,0,0,0,0,0,0
433,Blake Coomber,E Grade,2009,PEELED_CENTRAL_SEASONS,2014 2015 2016,0,0,0,0,0,9,5,8,4,0,8,0,0,0,0,0,0,0,0,0
433,Blake Coomber,F Grade,2013,PEELED_CENTRAL_SEASONS,2014,0,0,0,0,0,2,1,3,0,0,1,0,0,0,0,0,0,0,0,0
434,Katie Annice,Female A Grade,2023,PEELED_CENTRAL_SEASONS,2023 2024,0,0,2,0,0,12,3,3,1,0,12,3,3,1,0,0,0,0,0,0
435,Brent Hart,C Grade,2004,PEELED_CENTRAL_SEASONS,2006,0,0,0,0,6,11,11,222,0,0,11,11,222,0,0,0,0,0,0,0
436,Matthew Loon,A Grade,2003,PEELED_CENTRAL_SEASONS,2024,0,0,0,0,0,2,2,3,3,0,2,2,3,3,0,0,0,0,0,0
436,Matthew Loon,B Grade,2004,PEELED_CENTRAL_SEASONS,2024,0,0,0,0,1,5,5,127,5,1,5,5,96,5,0,0,0,0,0,0
436,Matthew Loon,Colts,2023,PEELED_CENTRAL_SEASONS,2024,0,0,0,0,2,5,4,96,5,2,5,4,96,5,0,0,0,0,0,0
441,Phillip Craig,B Grade,2004,PEELED_CENTRAL_SEASONS,2021,0,0,0,0,0,8,6,46,12,2,8,6,46,12,0,0,0,0,0,0
444,Darcy Earl,E Grade,2009,PEELED_CENTRAL_SEASONS,2025,0,0,0,0,0,1,1,3,2,0,1,1,3,2,0,0,0,0,0,0
444,Darcy Earl,F Grade,2013,PEELED_CENTRAL_SEASONS,2025,0,0,0,0,1,10,10,76,1,1,10,10,58,1,0,0,0,0,0,0
445,Derek Winter-Pike,E Grade,2009,PEELED_CENTRAL_SEASONS,2017 2021,0,0,0,0,0,8,8,48,0,1,5,5,10,0,0,0,0,0,0,0
445,Derek Winter-Pike,F Grade,2013,PEELED_CENTRAL_SEASONS,2021,0,0,0,0,0,1,1,1,0,0,1,1,1,0,0,0,0,0,0,0
446,Caleb Woodward,E Grade,2009,PEELED_CENTRAL_SEASONS,2022,0,0,0,0,0,6,5,41,1,1,5,4,31,0,0,0,0,0,0,0
446,Caleb Woodward,F Grade,2013,PEELED_CENTRAL_SEASONS,2022,0,0,0,0,0,5,3,17,1,1,5,3,17,1,0,0,0,0,0,0
447,Neil Schmid,F Grade,2013,PEELED_CENTRAL_SEASONS,2014,0,0,0,0,0,12,7,44,5,0,11,0,0,0,0,0,0,0,0,0
449,Paul Burns,F Grade,2013,PEELED_CENTRAL_SEASONS,2021 2022,0,0,0,0,0,11,5,21,0,0,10,5,21,0,0,0,0,0,0,0
450,Noah Dreckow,E Grade,2009,PEELED_CENTRAL_SEASONS,2024,0,0,0,0,0,1,0,0,0,0,1,0,0,0,0,0,0,0,0,0
450,Noah Dreckow,F Grade,2013,PEELED_CENTRAL_SEASONS,2024 2025,0,0,0,0,1,10,5,21,10,1,10,5,20,10,0,0,0,0,0,0
456,Michael Dwyer,E Grade,2009,PEELED_CENTRAL_SEASONS,2009,0,0,0,0,3,10,9,67,13,3,10,9,67,13,0,0,0,0,0,0
458,Andrew Moulds,E Grade,2009,PEELED_CENTRAL_SEASONS,2012,0,0,0,0,6,10,3,24,18,4,10,3,24,18,0,0,0,0,0,0
459,Mitchell Burton,E Grade,2009,PEELED_CENTRAL_SEASONS,2023,0,0,0,0,0,1,0,0,0,0,1,0,0,0,0,0,0,0,0,0
459,Mitchell Burton,F Grade,2013,PEELED_CENTRAL_SEASONS,2023 2024,0,0,10,0,0,9,6,7,8,1,9,5,7,8,0,0,0,0,0,0
460,Matthew Reilly,C Grade,2004,PEELED_CENTRAL_SEASONS,2013,1,0,0,0,7,9,6,158,10,1,7,6,158,10,0,0,0,0,0,0
461,Daniel Krepevin,F Grade,2013,PEELED_CENTRAL_SEASONS,2013,0,0,0,0,1,8,7,161,0,0,8,7,161,0,0,0,0,0,0,0
462,Ethan Mail,D Grade,2005,PEELED_CENTRAL_SEASONS,2024,0,0,0,0,0,2,2,29,1,0,2,2,7,1,0,0,0,0,0,0
462,Ethan Mail,E Grade,2009,PEELED_CENTRAL_SEASONS,2024,0,0,0,0,0,7,5,117,3,0,7,5,80,3,0,0,0,0,0,0
463,Scott White,D Grade,2005,PEELED_CENTRAL_SEASONS,2005 2007,0,0,0,0,3,9,9,98,13,3,9,9,98,13,0,0,0,0,0,0
464,Will Elvidge,A Grade,2003,PEELED_CENTRAL_SEASONS,2022,0,0,0,0,11,7,5,66,0,7,6,5,66,0,0,0,0,0,0,0
464,Will Elvidge,B Grade,2004,PEELED_CENTRAL_SEASONS,2022,0,0,0,0,0,1,1,20,0,2,1,1,20,0,0,0,0,0,0,0
465,Luke Brock,A Grade,2003,PEELED_CENTRAL_SEASONS,2013,0,0,0,0,1,5,5,62,0,0,5,5,62,0,0,0,0,0,0,0
465,Luke Brock,B Grade,2004,PEELED_CENTRAL_SEASONS,2013,0,0,0,0,1,2,1,3,0,0,2,1,3,0,0,0,0,0,0,0
465,Luke Brock,C Grade,2004,PEELED_CENTRAL_SEASONS,2013,0,0,0,0,0,1,0,0,0,0,1,0,0,0,0,0,0,0,0,0
466,Shaun Atkins,B Grade,2004,PEELED_CENTRAL_SEASONS,2010,1,0,0,0,1,9,8,60,4,0,8,8,60,4,0,0,0,0,0,0
467,Lee Chapman,C Grade,2004,PEELED_CENTRAL_SEASONS,2014,0,0,0,0,1,5,4,16,9,1,5,4,16,9,0,0,0,0,0,0
467,Lee Chapman,E Grade,2009,PEELED_CENTRAL_SEASONS,2014,0,0,0,0,0,2,2,36,2,1,2,0,0,0,0,0,0,0,0,0
468,Samuel Woodroff,E Grade,2009,PEELED_CENTRAL_SEASONS,2023,0,0,10,0,0,7,6,44,4,0,7,6,44,4,0,0,0,0,0,0
468,Samuel Woodroff,F Grade,2013,PEELED_CENTRAL_SEASONS,2023,0,0,0,0,0,2,0,0,3,1,1,0,0,3,0,0,0,0,0,0
469,Hayden Riches,F Grade,2013,PEELED_CENTRAL_SEASONS,2021,0,0,0,0,0,10,7,35,7,3,9,6,34,7,0,0,0,0,0,0
470,Taj Depedro,Colts,2023,PEELED_CENTRAL_SEASONS,2025,0,0,0,0,0,3,2,8,1,1,1,0,0,1,0,0,0,0,0,0
470,Taj Depedro,D Grade,2005,PEELED_CENTRAL_SEASONS,2025,0,0,0,0,3,6,4,22,0,3,6,4,22,0,0,0,0,0,0,0
471,Jackson Knight,C Grade,2004,PEELED_CENTRAL_SEASONS,2016,0,0,0,0,1,3,0,0,4,1,3,0,0,4,0,0,0,0,0,0
471,Jackson Knight,E Grade,2009,PEELED_CENTRAL_SEASONS,2015 2016,0,0,0,0,0,6,3,6,5,0,5,0,0,0,0,0,0,0,0,0
472,Toby Leavy,B Grade,2004,PEELED_CENTRAL_SEASONS,2022,0,0,0,0,0,1,1,0,1,0,1,0,0,1,0,0,0,0,0,0
472,Toby Leavy,D Grade,2005,PEELED_CENTRAL_SEASONS,2022,0,0,0,0,0,3,0,0,0,1,2,0,0,0,0,0,0,0,0,0
473,Sam Hardman,A Grade,2003,PEELED_CENTRAL_SEASONS,2017,0,0,90,0,2,2,2,38,0,1,2,2,38,0,0,0,0,0,0,0
473,Sam Hardman,B Grade,2004,UNCOVERED_CENTRAL_SEASONS,2017,6,6,85,0,2,6,6,85,0,1,6,6,85,0,1,0,0,0,0,0
474,Ben Hall,E Grade,2009,PEELED_CENTRAL_SEASONS,2009,0,0,0,0,2,6,6,159,8,0,6,6,159,8,0,0,0,0,0,0
475,Niel Smith,D Grade,2005,PEELED_CENTRAL_SEASONS,2016 2017,0,0,0,0,0,8,6,131,0,1,8,6,131,0,0,0,0,0,0,0
478,Sean Kearns,C Grade,2004,PEELED_CENTRAL_SEASONS,2010,1,0,0,0,1,8,6,91,0,1,7,6,91,0,0,0,0,0,0,0
479,Ellis Miah,A Grade,2003,PEELED_CENTRAL_SEASONS,2013,0,0,0,0,3,7,6,59,3,3,6,6,59,3,0,0,0,0,0,0
479,Ellis Miah,B Grade,2004,PEELED_CENTRAL_SEASONS,2013,0,0,0,0,0,1,1,13,1,0,1,1,13,1,0,0,0,0,0,0
479,Ellis Miah,C Grade,2004,PEELED_CENTRAL_SEASONS,2013,0,0,0,0,0,1,1,11,2,0,1,1,11,1,0,0,0,0,0,0
480,Cohen Buller,F Grade,2013,PEELED_CENTRAL_SEASONS,2025,0,0,0,0,2,8,6,63,5,0,8,6,23,5,0,0,0,0,0,0
481,Nicholas Mills,D Grade,2005,PEELED_CENTRAL_SEASONS,2017,0,0,0,0,0,1,1,1,0,0,1,1,1,0,0,0,0,0,0,0
481,Nicholas Mills,E Grade,2009,PEELED_CENTRAL_SEASONS,2017,0,0,0,0,0,2,2,5,0,0,2,0,0,0,0,0,0,0,0,0
481,Nicholas Mills,F Grade,2013,PEELED_CENTRAL_SEASONS,2016,0,0,0,0,0,3,0,0,0,0,2,0,0,0,0,0,0,0,0,0
482,Timothy Lees,A Grade,2003,PEELED_CENTRAL_SEASONS,2012,0,0,0,0,2,7,4,3,3,2,5,4,3,3,0,0,0,0,0,0
482,Timothy Lees,B Grade,2004,PEELED_CENTRAL_SEASONS,2012,0,0,0,0,1,3,2,34,2,1,3,2,34,2,0,0,0,0,0,0
483,Jason Law,C Grade,2004,PEELED_CENTRAL_SEASONS,2015,0,0,0,0,1,1,1,7,0,1,1,1,7,0,0,0,0,0,0,0
483,Jason Law,D Grade,2005,PEELED_CENTRAL_SEASONS,2015,0,0,0,0,0,7,3,25,14,0,7,3,25,0,0,0,0,0,0,0
485,Cooper Davis,E Grade,2009,PEELED_CENTRAL_SEASONS,2022,0,0,0,0,0,4,3,10,0,0,4,3,10,0,0,0,0,0,0,0
485,Cooper Davis,F Grade,2013,PEELED_CENTRAL_SEASONS,2022 2023,0,0,1,0,0,4,3,7,3,0,4,3,7,3,0,0,0,0,0,0
486,Jordan Cole,D Grade,2005,PEELED_CENTRAL_SEASONS,2017,0,0,0,0,0,1,1,0,1,2,1,1,0,0,0,0,0,0,0,0
486,Jordan Cole,F Grade,2013,PEELED_CENTRAL_SEASONS,2015,0,0,0,0,0,8,4,14,11,1,7,0,0,0,0,0,0,0,0,0
487,Harley Murphy,E Grade,2009,PEELED_CENTRAL_SEASONS,2012 2013,0,0,0,0,0,3,1,11,0,0,3,1,11,0,0,0,0,0,0,0
487,Harley Murphy,F Grade,2013,PEELED_CENTRAL_SEASONS,2014,0,0,0,0,0,5,3,3,7,0,4,0,0,0,0,0,0,0,0,0
488,Morgan Walden,E Grade,2009,PEELED_CENTRAL_SEASONS,2011,0,0,0,0,3,8,6,12,2,1,8,6,12,2,0,0,0,0,0,0
489,Melissa Watson,Female A Grade,2023,PEELED_CENTRAL_SEASONS,2023,0,0,0,0,0,8,2,1,2,0,6,2,1,2,0,0,0,0,0,0
490,Scott Buchholz,E Grade,2009,PEELED_CENTRAL_SEASONS,2010,0,0,0,0,5,5,2,0,10,0,5,2,0,10,0,0,0,0,0,0
493,Koby Jackson,E Grade,2009,PEELED_CENTRAL_SEASONS,2017,0,0,0,0,0,7,6,60,3,0,7,0,0,0,0,0,0,0,0,0
494,Andrew Nash,B Grade,2004,UNCOVERED_CENTRAL_SEASONS,2017,1,1,0,0,0,1,1,0,0,0,1,1,0,0,0,0,0,0,0,0
494,Andrew Nash,C Grade,2004,PEELED_CENTRAL_SEASONS,2017,0,0,0,0,0,1,1,0,0,0,1,1,0,0,0,0,0,0,0,0
494,Andrew Nash,D Grade,2005,PEELED_CENTRAL_SEASONS,2017,0,0,0,0,0,3,3,33,1,0,3,3,33,0,0,0,0,0,0,0
494,Andrew Nash,E Grade,2009,PEELED_CENTRAL_SEASONS,2017,0,0,0,0,0,2,2,12,1,0,2,0,0,0,0,0,0,0,0,0
495,Tyler Bacon,F Grade,2013,PEELED_CENTRAL_SEASONS,2024,0,0,1,0,0,7,6,41,3,0,7,6,41,3,0,0,0,0,0,0
496,Doug Beeton,C Grade,2004,PEELED_CENTRAL_SEASONS,2016 2017,0,0,0,0,2,7,5,31,8,0,7,5,31,8,0,0,0,0,0,0
497,Jacob Oosterhuis,F Grade,2013,PEELED_CENTRAL_SEASONS,2020,0,0,0,0,0,8,6,29,0,1,7,0,0,0,0,0,0,0,0,0
498,B Harris,D Grade,2005,PEELED_CENTRAL_SEASONS,2006,0,0,0,0,0,7,7,28,2,0,7,7,28,2,0,0,0,0,0,0
499,Sam Lovell,Colts,2023,PEELED_CENTRAL_SEASONS,2024,0,0,3,0,2,3,2,4,0,2,2,2,4,0,0,0,0,0,0,0
499,Sam Lovell,E Grade,2009,PEELED_CENTRAL_SEASONS,2021 2022,0,0,0,0,0,3,3,8,0,0,3,2,8,0,0,0,0,0,0,0
499,Sam Lovell,F Grade,2013,PEELED_CENTRAL_SEASONS,2020,0,0,0,0,0,1,1,13,0,0,1,0,0,0,0,0,0,0,0,0
500,Brodie Rayment,F Grade,2013,PEELED_CENTRAL_SEASONS,2023,1,0,9,0,3,7,4,21,4,0,6,4,21,4,0,0,0,0,0,0
501,Rhys Jeffers,C Grade,2004,PEELED_CENTRAL_SEASONS,2014,0,0,0,0,0,3,1,4,1,0,3,1,4,1,0,0,0,0,0,0
501,Rhys Jeffers,D Grade,2005,PEELED_CENTRAL_SEASONS,2014,0,0,0,0,0,4,2,14,4,2,4,2,14,0,0,0,0,0,0,0
502,Jackson Chipperfield,F Grade,2013,PEELED_CENTRAL_SEASONS,2021,0,0,0,0,0,8,6,9,2,0,6,5,8,2,0,0,0,0,0,0
503,Shaylah Oosterhuis,D Grade,2005,PEELED_CENTRAL_SEASONS,2019,0,0,0,0,0,1,1,1,0,0,1,0,0,0,0,0,0,0,0,0
503,Shaylah Oosterhuis,F Grade,2013,PEELED_CENTRAL_SEASONS,2020,0,0,0,0,0,7,1,0,2,0,6,0,0,0,0,0,0,0,0,0
505,Paul Nicholls,D Grade,2005,PEELED_CENTRAL_SEASONS,2007,0,0,0,0,1,6,6,93,0,1,6,6,93,0,0,0,0,0,0,0
506,Stephen Hockings,C Grade,2004,PEELED_CENTRAL_SEASONS,2013,0,0,0,0,0,1,0,0,1,0,1,0,0,1,0,0,0,0,0,0
506,Stephen Hockings,E Grade,2009,PEELED_CENTRAL_SEASONS,2013,0,0,0,0,1,5,5,81,5,1,5,5,81,5,0,0,0,0,0,0
507,Zac Boettiger,D Grade,2005,PEELED_CENTRAL_SEASONS,2025,0,0,0,0,1,2,2,20,1,0,2,2,1,1,0,0,0,0,0,0
507,Zac Boettiger,F Grade,2013,PEELED_CENTRAL_SEASONS,2021 2022,0,0,0,0,0,4,3,33,1,1,4,2,13,1,0,0,0,0,0,0
508,Stephen Ferguson,F Grade,2013,PEELED_CENTRAL_SEASONS,2021 2022 2023,0,0,0,0,2,6,4,49,7,2,6,4,49,7,0,0,0,0,0,0
509,Jack Brooks,D Grade,2005,PEELED_CENTRAL_SEASONS,2020,0,0,0,0,0,3,1,24,0,0,3,0,0,0,0,0,0,0,0,0
509,Jack Brooks,F Grade,2013,PEELED_CENTRAL_SEASONS,2020,0,0,0,0,0,3,3,13,0,0,3,0,0,0,0,0,0,0,0,0
510,Jake Smoker,B Grade,2004,PEELED_CENTRAL_SEASONS,2010,0,0,0,0,1,6,4,35,6,0,6,4,35,6,0,0,0,0,0,0
511,Shea Heinsen,Female A Grade,2023,PEELED_CENTRAL_SEASONS,2024,0,0,0,0,0,6,6,34,0,1,6,6,17,0,0,0,0,0,0,0
512,Jarvis Pina,C Grade,2004,PEELED_CENTRAL_SEASONS,2014,0,0,0,0,1,2,1,8,0,0,2,1,8,0,0,0,0,0,0,0
512,Jarvis Pina,D Grade,2005,PEELED_CENTRAL_SEASONS,2014,0,0,0,0,0,1,1,8,0,0,1,1,8,0,0,0,0,0,0,0
512,Jarvis Pina,E Grade,2009,PEELED_CENTRAL_SEASONS,2014,0,0,0,0,0,1,1,2,0,0,1,0,0,0,0,0,0,0,0,0
512,Jarvis Pina,F Grade,2013,PEELED_CENTRAL_SEASONS,2014,0,0,0,0,0,4,2,9,0,0,2,0,0,0,0,0,0,0,0,0
514,Conor Burns,F Grade,2013,PEELED_CENTRAL_SEASONS,2021 2022,0,0,0,0,0,7,5,15,4,1,6,5,15,4,0,0,0,0,0,0
515,Patrick Flanagan,E Grade,2009,PEELED_CENTRAL_SEASONS,2024,0,0,3,0,1,3,1,0,0,1,3,1,0,0,0,0,0,0,0,0
515,Patrick Flanagan,F Grade,2013,PEELED_CENTRAL_SEASONS,2024,0,0,0,0,1,3,3,15,2,1,3,3,14,2,0,0,0,0,0,0
516,Chae Lally,D Grade,2005,PEELED_CENTRAL_SEASONS,2018,0,0,0,0,0,6,4,15,1,0,6,0,0,0,0,0,0,0,0,0
518,Brad Parks,E Grade,2009,PEELED_CENTRAL_SEASONS,2011,0,0,0,0,0,6,5,10,0,0,6,5,10,0,0,0,0,0,0,0
519,Benjamin Stevenson,C Grade,2004,PEELED_CENTRAL_SEASONS,2016 2017,0,0,0,0,2,8,1,0,7,0,1,1,0,7,0,0,0,0,0,0
519,Benjamin Stevenson,D Grade,2005,PEELED_CENTRAL_SEASONS,2016,0,0,0,0,0,1,1,8,0,0,1,1,8,0,0,0,0,0,0,0
519,Benjamin Stevenson,E Grade,2009,PEELED_CENTRAL_SEASONS,2016,0,0,0,0,0,4,1,0,3,0,4,0,0,0,0,0,0,0,0,0
521,Joe Knowles,C Grade,2004,PEELED_CENTRAL_SEASONS,2016,0,0,0,0,2,2,0,0,2,2,2,0,0,2,0,0,0,0,0,0
522,David Metcalfe,D Grade,2005,PEELED_CENTRAL_SEASONS,2022,0,0,0,0,0,5,0,0,4,0,5,0,0,4,0,0,0,0,0,0
522,David Metcalfe,E Grade,2009,PEELED_CENTRAL_SEASONS,2022,0,1,0,0,0,1,0,0,0,0,1,0,0,0,0,0,0,0,0,0
523,Phil Tindall,F Grade,2013,PEELED_CENTRAL_SEASONS,2025,0,0,0,0,3,5,5,204,0,3,5,5,168,0,0,0,0,0,0,0
524,Aimee Latham,Female A Grade,2023,PEELED_CENTRAL_SEASONS,2025,0,0,0,0,1,9,7,190,4,4,9,7,45,4,0,0,0,0,0,0
525,Shane Lomman,D Grade,2005,PEELED_CENTRAL_SEASONS,2016 2017 2018,0,0,0,0,0,6,5,145,1,1,5,4,109,0,0,0,0,0,0,0
526,Jacob Perry,F Grade,2013,PEELED_CENTRAL_SEASONS,2013,0,0,0,0,4,5,5,82,0,1,5,5,82,0,0,0,0,0,0,0
528,Vinish Payyappilly,C Grade,2004,PEELED_CENTRAL_SEASONS,2012,0,0,0,0,0,4,1,3,4,0,4,1,3,4,0,0,0,0,0,0
528,Vinish Payyappilly,E Grade,2009,PEELED_CENTRAL_SEASONS,2012,0,0,0,0,1,1,1,40,1,0,1,1,40,1,0,0,0,0,0,0
530,Jessie Roe,B Grade,2004,PEELED_CENTRAL_SEASONS,2011,0,0,0,0,3,5,4,19,15,1,5,4,19,15,0,0,0,0,0,0
531,Mathew Dixon,D Grade,2005,PEELED_CENTRAL_SEASONS,2005 2006 2007,0,0,0,0,1,5,5,15,6,1,5,5,15,6,0,0,0,0,0,0
532,Jason Knapp,D Grade,2005,PEELED_CENTRAL_SEASONS,2005,0,0,0,0,3,5,5,15,0,3,5,5,15,0,0,0,0,0,0,0
533,Scott Westley,E Grade,2009,PEELED_CENTRAL_SEASONS,2021,0,0,0,0,0,3,2,7,0,0,2,1,0,0,0,0,0,0,0,0
533,Scott Westley,F Grade,2013,PEELED_CENTRAL_SEASONS,2021,0,0,0,0,0,2,1,3,2,0,2,1,3,2,0,0,0,0,0,0
534,Blesson Varughese,E Grade,2009,PEELED_CENTRAL_SEASONS,2023,0,0,0,0,1,3,1,4,0,0,2,1,4,0,0,0,0,0,0,0
534,Blesson Varughese,F Grade,2013,PEELED_CENTRAL_SEASONS,2023,1,0,0,0,1,2,1,1,0,0,1,1,1,0,0,0,0,0,0,0
535,Kaedyn Billing,D Grade,2005,PEELED_CENTRAL_SEASONS,2023,0,0,0,0,0,0,0,0,0,0,1,0,0,0,0,0,0,0,0,0
535,Kaedyn Billing,E Grade,2009,PEELED_CENTRAL_SEASONS,2021,0,0,0,0,0,1,1,1,2,0,1,1,1,2,0,0,0,0,0,0
535,Kaedyn Billing,F Grade,2013,PEELED_CENTRAL_SEASONS,2021,0,0,0,0,0,1,1,0,0,0,1,1,0,0,0,0,0,0,0,0
536,Steve Capener,E Grade,2009,PEELED_CENTRAL_SEASONS,2015,0,0,0,0,0,2,1,0,0,2,2,0,0,0,0,0,0,0,0,0
536,Steve Capener,F Grade,2013,PEELED_CENTRAL_SEASONS,2015,0,0,0,0,0,4,2,1,0,0,3,0,0,0,0,0,0,0,0,0
537,Sabrina Evans,Female A Grade,2023,PEELED_CENTRAL_SEASONS,2025,0,0,8,0,1,14,5,8,2,2,13,5,8,2,0,0,0,0,0,0
539,Darren Beard,E Grade,2009,PEELED_CENTRAL_SEASONS,2016,0,0,0,0,0,4,4,85,1,0,4,0,0,0,0,0,0,0,0,0
540,Ryan Bellotti,F Grade,2013,PEELED_CENTRAL_SEASONS,2013,0,0,0,0,1,4,3,67,3,0,4,3,67,3,0,0,0,0,0,0
541,Kaylee Ashford,Female A Grade,2023,PEELED_CENTRAL_SEASONS,2025,0,0,12,0,1,10,9,125,0,1,10,9,125,0,0,0,0,0,0,0
542,Bradley Woodcock,B Grade,2004,PEELED_CENTRAL_SEASONS,2011,1,1,4,2,1,4,3,33,1,0,3,3,33,1,0,0,0,0,0,0
543,Liam O'Shaughnessy,D Grade,2005,PEELED_CENTRAL_SEASONS,2023,0,0,0,0,0,1,1,9,0,0,1,1,9,0,0,0,0,0,0,0
543,Liam O'Shaughnessy,E Grade,2009,PEELED_CENTRAL_SEASONS,2023,0,0,0,0,0,2,2,3,0,0,2,2,3,0,0,0,0,0,0,0
543,Liam O'Shaughnessy,F Grade,2013,PEELED_CENTRAL_SEASONS,2023,0,0,0,0,0,1,1,19,0,0,1,1,19,0,0,0,0,0,0,0
544,Meghana Ghanawat,Female A Grade,2023,PEELED_CENTRAL_SEASONS,2023,0,0,0,0,0,4,1,12,0,0,4,1,12,0,0,0,0,0,0,0
545,Hayze Griffiths,D Grade,2005,PEELED_CENTRAL_SEASONS,2019,0,0,0,0,0,2,2,10,0,0,2,0,0,0,0,0,0,0,0,0
545,Hayze Griffiths,E Grade,2009,PEELED_CENTRAL_SEASONS,2025,0,0,0,0,1,0,0,0,0,0,2,0,0,0,0,0,0,0,0,0
546,Riley Arrowsmith,Colts,2023,PEELED_CENTRAL_SEASONS,2023 2024,0,0,0,0,3,4,2,8,0,5,2,2,8,0,0,0,0,0,0,0
547,Luke Garbin,F Grade,2013,PEELED_CENTRAL_SEASONS,2020,0,0,0,0,0,4,3,4,0,0,4,0,0,0,0,0,0,0,0,0
549,Finn Fogarty,F Grade,2013,PEELED_CENTRAL_SEASONS,2025,0,0,0,0,0,4,1,2,3,0,4,1,2,3,0,0,0,0,0,0
550,Chris Palmer,E Grade,2009,PEELED_CENTRAL_SEASONS,2022,0,0,0,0,0,2,2,1,1,1,1,1,1,0,0,0,0,0,0,0
550,Chris Palmer,F Grade,2013,PEELED_CENTRAL_SEASONS,2022,0,0,0,0,0,2,2,1,2,2,2,2,1,2,0,0,0,0,0,0
551,Anthony Roig,E Grade,2009,PEELED_CENTRAL_SEASONS,2012,0,0,0,0,0,4,1,1,0,1,4,1,1,0,0,0,0,0,0,0
552,Devon Phelps,E Grade,2009,PEELED_CENTRAL_SEASONS,2025,0,0,5,0,0,4,2,0,1,0,4,2,0,1,0,0,0,0,0,0
553,Joseph Kiff,B Grade,2004,PEELED_CENTRAL_SEASONS,2016,0,0,0,0,0,3,3,124,0,0,3,3,124,0,0,0,0,0,0,0
554,Brock Larance,PPL,2013,PEELED_CENTRAL_SEASONS,2025,0,0,0,0,2,3,3,53,2,0,3,3,53,2,0,0,0,0,0,0
556,Daman Takkar,B Grade,2004,PEELED_CENTRAL_SEASONS,2015,0,0,0,0,1,3,3,48,0,0,3,3,48,0,0,0,0,0,0,0
557,Rodney Shemeld,A Grade,2003,PEELED_CENTRAL_SEASONS,2011,0,0,0,0,2,3,2,41,5,2,3,2,41,5,0,0,0,0,0,0
558,Waldo Kruger,D Grade,2005,PEELED_CENTRAL_SEASONS,2019 2022,0,0,0,0,0,3,3,24,0,0,3,1,0,0,0,0,0,0,0,0
560,Louis Hedley,E Grade,2009,PEELED_CENTRAL_SEASONS,2009,0,0,0,0,1,2,2,20,1,0,2,2,20,1,0,0,0,0,0,0
562,James Green,E Grade,2009,PEELED_CENTRAL_SEASONS,2022,0,0,0,0,0,2,2,11,1,0,2,2,11,1,0,0,0,0,0,0
562,James Green,F Grade,2013,PEELED_CENTRAL_SEASONS,2022,0,0,0,0,0,1,1,4,3,0,1,1,4,3,0,0,0,0,0,0
563,Jake Mallam,E Grade,2009,PEELED_CENTRAL_SEASONS,2012,0,0,0,0,0,1,1,9,0,0,1,1,9,0,0,0,0,0,0,0
563,Jake Mallam,F Grade,2013,PEELED_CENTRAL_SEASONS,2013,0,0,0,0,0,2,2,6,0,0,2,2,6,0,0,0,0,0,0,0
564,Ryan Jessen,D Grade,2005,PEELED_CENTRAL_SEASONS,2022,0,0,0,0,0,2,2,13,1,3,2,2,13,1,0,0,0,0,0,0
564,Ryan Jessen,E Grade,2009,PEELED_CENTRAL_SEASONS,2022,0,0,0,0,0,1,1,0,1,0,1,1,0,1,0,0,0,0,0,0
565,Michael Boyle,D Grade,2005,PEELED_CENTRAL_SEASONS,2020,0,0,0,0,0,1,1,2,0,0,1,0,0,0,0,0,0,0,0,0
565,Michael Boyle,F Grade,2013,PEELED_CENTRAL_SEASONS,2021,0,0,0,0,0,2,1,8,1,0,1,0,0,0,0,0,0,0,0,0
566,Aengus Mearns,C Grade,2004,PEELED_CENTRAL_SEASONS,2017,0,0,0,0,1,1,1,4,1,1,1,1,4,1,0,0,0,0,0,0
566,Aengus Mearns,F Grade,2013,PEELED_CENTRAL_SEASONS,2017,0,0,0,0,0,1,1,4,0,0,1,0,0,0,0,0,0,0,0,0
567,Mattheau Clune,F Grade,2013,PEELED_CENTRAL_SEASONS,2014,0,0,0,0,0,4,2,5,0,0,3,0,0,0,0,0,0,0,0,0
568,Scott Halpin,F Grade,2013,PEELED_CENTRAL_SEASONS,2016,0,0,0,0,0,3,1,4,4,0,3,0,0,0,0,0,0,0,0,0
569,Benjamin Taylor,E Grade,2009,PEELED_CENTRAL_SEASONS,2017,0,0,0,0,0,1,1,0,0,0,1,0,0,0,0,0,0,0,0,0
569,Benjamin Taylor,F Grade,2013,PEELED_CENTRAL_SEASONS,2015,0,0,0,0,0,2,2,3,2,0,2,0,0,0,0,0,0,0,0,0
571,Adam Corak,E Grade,2009,PEELED_CENTRAL_SEASONS,2009,0,0,0,0,3,3,1,0,0,0,3,1,0,0,0,0,0,0,0,0
572,Jazz Jones,Female A Grade,2023,PEELED_CENTRAL_SEASONS,2023,0,0,0,0,0,0,0,0,0,0,1,0,0,0,0,0,0,0,0,0
573,Rodney Ford,A Grade,2003,PEELED_CENTRAL_SEASONS,2018,0,0,0,0,2,2,2,95,2,2,2,2,95,2,0,0,0,0,0,0
574,Dennis Schrader,F Grade,2013,PEELED_CENTRAL_SEASONS,2022,0,0,0,0,0,2,2,54,0,0,2,2,54,0,0,0,0,0,0,0
577,Danny Hood,B Grade,2004,PEELED_CENTRAL_SEASONS,2019,0,0,0,0,0,2,2,42,1,0,2,2,42,1,0,0,0,0,0,0
579,Paul Doberer,C Grade,2004,PEELED_CENTRAL_SEASONS,2013,0,0,0,0,0,1,1,31,1,0,1,1,31,1,0,0,0,0,0,0
579,Paul Doberer,F Grade,2013,PEELED_CENTRAL_SEASONS,2013,0,0,0,0,0,1,0,0,1,0,1,0,0,1,0,0,0,0,0,0
582,Dominik Singh,E Grade,2009,PEELED_CENTRAL_SEASONS,2022,0,0,0,0,0,1,1,0,0,1,1,1,0,0,0,0,0,0,0,0
582,Dominik Singh,F Grade,2013,PEELED_CENTRAL_SEASONS,2022,0,0,0,0,0,1,1,23,0,1,1,1,23,0,0,0,0,0,0,0
584,Gaynor Jeffrey,E Grade,2009,PEELED_CENTRAL_SEASONS,2009,0,0,0,0,0,1,1,0,0,0,1,1,0,0,0,0,0,0,0,0
586,Zac Rush,F Grade,2013,PEELED_CENTRAL_SEASONS,2021,0,0,0,0,0,3,2,16,2,0,2,2,16,2,0,0,0,0,0,0
587,Stephen Basilio,E Grade,2009,PEELED_CENTRAL_SEASONS,2022,0,0,0,0,0,2,1,15,0,0,2,1,15,0,0,0,0,0,0,0
588,Jacob Harken,D Grade,2005,PEELED_CENTRAL_SEASONS,2020,0,0,0,0,0,2,1,14,2,0,2,0,0,0,0,0,0,0,0,0
591,Shinoy De Silva,D Grade,2005,PEELED_CENTRAL_SEASONS,2017,0,0,0,0,0,2,2,12,2,0,2,2,12,0,0,0,0,0,0,0
592,Jack Sears,C Grade,2004,PEELED_CENTRAL_SEASONS,2017,0,0,0,0,0,1,1,0,0,0,1,1,0,0,0,0,0,0,0,0
592,Jack Sears,D Grade,2005,PEELED_CENTRAL_SEASONS,2017,0,0,0,0,0,1,1,8,0,0,1,1,8,0,0,0,0,0,0,0
593,Michael Doherty,E Grade,2009,PEELED_CENTRAL_SEASONS,2013,0,0,0,0,2,1,0,0,0,2,1,0,0,0,0,0,0,0,0,0
593,Michael Doherty,F Grade,2013,PEELED_CENTRAL_SEASONS,2013,0,0,0,0,0,2,1,7,0,0,1,1,7,0,0,0,0,0,0,0
594,Nash Jones,F Grade,2013,PEELED_CENTRAL_SEASONS,2023,0,0,0,0,0,2,2,7,0,0,2,2,7,0,0,0,0,0,0,0
595,Tristan Sullivan,D Grade,2005,PEELED_CENTRAL_SEASONS,2016,0,0,0,0,0,1,1,7,0,0,1,1,7,0,0,0,0,0,0,0
596,Jack Wood,F Grade,2013,PEELED_CENTRAL_SEASONS,2014,0,0,0,0,0,3,2,7,0,0,2,0,0,0,0,0,0,0,0,0
597,Joe Marzoli,D Grade,2005,PEELED_CENTRAL_SEASONS,2017,0,0,0,0,0,2,1,5,0,1,2,1,5,0,0,0,0,0,0,0
598,Benjamin Tonkin,F Grade,2013,PEELED_CENTRAL_SEASONS,2024,0,0,1,0,0,2,2,5,2,0,2,2,5,2,0,0,0,0,0,0
600,Kynen Newton,F Grade,2013,PEELED_CENTRAL_SEASONS,2017,0,0,0,0,0,1,1,4,0,0,1,0,0,0,0,0,0,0,0,0
691,Clinton Hinchliffe,PPL,2013,PEELED_CENTRAL_SEASONS,2024,0,0,0,0,0,2,1,2,1,0,1,1,2,1,0,0,0,0,0,0
692,Jackson Merrett,B Grade,2004,PEELED_CENTRAL_SEASONS,2018,0,0,0,0,1,2,1,1,1,0,1,1,1,1,0,0,0,0,0,0
693,Jaxon Foale,C Grade,2004,PEELED_CENTRAL_SEASONS,2017,0,0,0,0,1,2,2,1,0,1,2,2,1,0,0,0,0,0,0,0
694,Harry Tatterson,A Grade,2003,PEELED_CENTRAL_SEASONS,2017,0,0,0,0,0,1,0,0,0,0,1,0,0,0,0,0,0,0,0,0
694,Harry Tatterson,F Grade,2013,PEELED_CENTRAL_SEASONS,2017,0,0,0,0,0,1,1,1,0,0,1,0,0,0,0,0,0,0,0,0
699,Reece Dillon,F Grade,2013,PEELED_CENTRAL_SEASONS,2013,0,0,0,0,0,1,1,0,0,0,1,1,0,0,0,0,0,0,0,0
701,Bailey Franchina,E Grade,2009,PEELED_CENTRAL_SEASONS,2017,0,0,0,0,0,2,2,0,2,0,2,0,0,0,0,0,0,0,0,0
702,Stephen Furguson,E Grade,2009,PEELED_CENTRAL_SEASONS,2022,0,0,0,0,0,1,1,0,0,0,1,1,0,0,0,0,0,0,0,0
702,Stephen Furguson,F Grade,2013,PEELED_CENTRAL_SEASONS,2022,0,0,0,0,0,1,1,0,3,0,1,1,0,3,0,0,0,0,0,0
703,Hayden Thompson,E Grade,2009,PEELED_CENTRAL_SEASONS,2012,0,0,0,0,0,2,1,0,3,0,2,1,0,3,0,0,0,0,0,0
704,Dwayne Walsh,F Grade,2013,PEELED_CENTRAL_SEASONS,2025,0,0,0,0,0,2,0,0,1,0,2,0,0,1,0,0,0,0,0,0
705,Mitch Vane,F Grade,2013,PEELED_CENTRAL_SEASONS,2022,0,0,0,0,0,1,1,77,0,0,1,1,77,0,0,0,0,0,0,0
709,Mark Della Bosca,F Grade,2013,PEELED_CENTRAL_SEASONS,2013,0,0,0,0,0,1,1,39,0,0,1,1,39,0,0,0,0,0,0,0
715,Jon Bateson,F Grade,2013,PEELED_CENTRAL_SEASONS,2013,0,0,0,0,0,1,1,17,2,0,1,1,17,2,0,0,0,0,0,0
716,Nikhil Chaudhry,E Grade,2009,PEELED_CENTRAL_SEASONS,2012,0,0,0,0,1,1,1,17,1,1,1,1,17,1,0,0,0,0,0,0
717,Gary Porter,F Grade,2013,PEELED_CENTRAL_SEASONS,2013,0,0,0,0,1,1,1,16,0,0,1,1,16,0,0,0,0,0,0,0
719,Charlie Baker,E Grade,2009,PEELED_CENTRAL_SEASONS,2022,0,0,0,0,0,1,1,15,0,0,1,1,15,0,0,0,0,0,0,0
720,Elliot Lyons,C Grade,2004,PEELED_CENTRAL_SEASONS,2017,0,0,0,0,0,1,1,15,0,0,1,1,15,0,0,0,0,0,0,0
721,Bryce Becker,F Grade,2013,PEELED_CENTRAL_SEASONS,2021,0,0,0,0,0,1,1,14,0,0,1,1,14,0,0,0,0,0,0,0
722,Brian Casey,F Grade,2013,PEELED_CENTRAL_SEASONS,2022,0,0,0,0,0,1,1,14,1,0,1,1,14,1,0,0,0,0,0,0
723,Michael Harrison,F Grade,2013,PEELED_CENTRAL_SEASONS,2022,0,0,0,0,0,1,1,13,1,0,1,1,13,1,0,0,0,0,0,0
724,Elliot Ireland,A Grade,2003,PEELED_CENTRAL_SEASONS,2018,0,0,0,0,0,1,1,13,0,0,1,1,13,0,0,0,0,0,0,0
725,Bruce Tatterson,D Grade,2005,PEELED_CENTRAL_SEASONS,2014,0,0,0,0,0,1,1,11,0,0,1,1,11,0,0,0,0,0,0,0
726,Justin Wright,D Grade,2005,PEELED_CENTRAL_SEASONS,2017,0,0,0,0,0,1,1,11,0,0,1,1,11,0,0,0,0,0,0,0
727,Scott Jeffrey,D Grade,2005,PEELED_CENTRAL_SEASONS,2017,0,0,0,0,0,1,1,10,0,0,1,1,10,0,0,0,0,0,0,0
728,Connor Draper,B Grade,2004,PEELED_CENTRAL_SEASONS,2025,0,0,0,0,0,1,1,8,0,0,1,1,8,0,0,0,0,0,0,0
730,Kevin Banwell,D Grade,2005,PEELED_CENTRAL_SEASONS,2015,0,0,0,0,0,1,1,7,0,0,1,1,7,0,0,0,0,0,0,0
732,John Brewster,D Grade,2005,PEELED_CENTRAL_SEASONS,2014,0,0,0,0,0,1,1,7,1,0,1,1,7,0,0,0,0,0,0,0
733,Joshua Graham,F Grade,2013,PEELED_CENTRAL_SEASONS,2015,0,0,0,0,0,1,1,6,0,0,1,0,0,0,0,0,0,0,0,0
734,Jamie Humble,F Grade,2013,PEELED_CENTRAL_SEASONS,2022,0,0,0,0,0,1,1,6,0,0,1,1,6,0,0,0,0,0,0,0
736,Mitch Hogg,A Grade,2003,PEELED_CENTRAL_SEASONS,2018,0,0,0,0,0,1,1,5,2,0,1,1,5,2,0,0,0,0,0,0
737,Blake Thompson,E Grade,2009,PEELED_CENTRAL_SEASONS,2014,0,0,0,0,0,1,1,5,0,0,1,0,0,0,0,0,0,0,0,0
740,Luke Masser,E Grade,2009,PEELED_CENTRAL_SEASONS,2011,0,0,0,0,0,1,1,3,0,0,1,1,3,0,0,0,0,0,0,0
743,T Asiata,D Grade,2005,PEELED_CENTRAL_SEASONS,2017,0,0,0,0,0,1,1,2,0,1,1,1,2,0,0,0,0,0,0,0
744,Christopher Butterworth,F Grade,2013,PEELED_CENTRAL_SEASONS,2013,0,0,0,0,0,1,1,2,0,0,1,1,2,0,0,0,0,0,0,0
747,James Birbeck,B Grade,2004,PEELED_CENTRAL_SEASONS,2021,0,0,0,0,0,1,1,1,2,0,1,1,1,2,0,0,0,0,0,0
748,Ben Burnett,F Grade,2013,PEELED_CENTRAL_SEASONS,2021,0,0,0,0,0,1,1,1,0,0,1,1,1,0,0,0,0,0,0,0
749,Hayden Michaels,B Grade,2004,PEELED_CENTRAL_SEASONS,2019,0,0,0,0,0,1,1,1,0,0,1,1,1,0,0,0,0,0,0,0
750,Kyle Penny,F Grade,2013,PEELED_CENTRAL_SEASONS,2014,0,0,0,0,0,2,1,1,1,0,1,0,0,0,0,0,0,0,0,0
751,Alex Steinhobel,B Grade,2004,PEELED_CENTRAL_SEASONS,2016,0,0,0,0,1,1,1,1,2,0,1,1,1,2,0,0,0,0,0,0
752,Calvin Stone,D Grade,2005,PEELED_CENTRAL_SEASONS,2016,0,0,0,0,0,1,1,1,1,0,1,1,1,0,0,0,0,0,0,0
755,Stacey Bennett,F Grade,2013,PEELED_CENTRAL_SEASONS,2017,0,0,0,0,0,1,1,0,0,0,1,0,0,0,0,0,0,0,0,0
758,Julian Crudeli,A Grade,2003,PEELED_CENTRAL_SEASONS,2016,0,0,0,0,0,1,1,0,2,0,1,1,0,2,0,0,0,0,0,0
759,Jackson Davidson,B Grade,2004,UNCOVERED_CENTRAL_SEASONS,2017,1,1,0,2,1,1,1,0,2,0,1,1,0,2,0,0,0,0,0,0
760,Pierce Dawson,B Grade,2004,UNCOVERED_CENTRAL_SEASONS,2017,1,1,0,1,0,1,1,0,1,0,1,1,0,1,0,0,0,0,0,0
766,Varun Kumar,F Grade,2013,PEELED_CENTRAL_SEASONS,2024,0,0,1,0,1,1,1,0,0,1,1,1,0,0,0,0,0,0,0,0
767,Ollie Labrow,F Grade,2013,PEELED_CENTRAL_SEASONS,2025,0,0,0,0,0,1,0,0,1,0,1,0,0,1,0,0,0,0,0,0
768,Ethan O'Brien,F Grade,2013,PEELED_CENTRAL_SEASONS,2016,0,0,0,0,0,1,1,0,0,0,1,0,0,0,0,0,0,0,0,0
769,Antony Radunovich,E Grade,2009,PEELED_CENTRAL_SEASONS,2022,0,0,0,0,0,1,0,0,0,0,1,0,0,0,0,0,0,0,0,0
770,Luke Rutter,E Grade,2009,PEELED_CENTRAL_SEASONS,2022,0,0,0,0,0,1,0,0,0,0,1,0,0,0,0,0,0,0,0,0
774,Daniel Ullyett,F Grade,2013,PEELED_CENTRAL_SEASONS,2014,0,0,0,0,0,1,1,0,0,0,1,0,0,0,0,0,0,0,0,0
9001,Emma-Lee Hammond,Female A Grade,2023,PEELED_CENTRAL_SEASONS,2025,0,0,2,0,0,2,1,0,0,0,1,1,0,0,0,0,0,0,0,0
9002,Brooke Hutton,Female A Grade,2023,PEELED_CENTRAL_SEASONS,2025,0,0,0,0,0,1,1,13,0,0,1,1,13,0,0,0,0,0,0,0
9004,Olivia McCusker,Female A Grade,2023,PEELED_CENTRAL_SEASONS,2025,0,0,0,0,0,2,0,0,0,0,2,0,0,0,0,0,0,0,0,0
9007,Ashley Day,Female A Grade,2023,PEELED_CENTRAL_SEASONS,2025,0,0,0,0,0,4,1,7,1,0,3,1,0,1,0,0,0,0,0,0
