scope,player_id,name,grade,native_games,hybrid_games,delta_games,native_innings,hybrid_innings,delta_innings,native_runs,hybrid_runs,delta_runs,native_wickets,hybrid_wickets,delta_wickets,native_catches,hybrid_catches,delta_catches,native_high_score,hybrid_high_score,high_score_changed,native_best_bowling,hybrid_best_bowling,best_bowling_changed,reasons,components,hidden_after_cutover_private,notes
player,47,Dan Howell,ALL,202,151,-51,171,119,-52,2277,1382,-895,256,233,-23,54,56,2,121,121,0,5/18,5/18,0,games_rule; catches_rule; baseline_peel; unexplained,games_rule: games +13 | catches_rule: catches +19 | baseline_peel: games -11 catches -17 | unexplained: games -53 innings -52 runs -895 wickets -23,0,
player,9041,Jason Sparrow,ALL,0,13,13,0,4,4,0,4,4,0,20,20,0,5,5,,2*,1,,4/29,1,extra_central_match; games_rule,extra_central_match: games +12 innings +4 runs +4 wickets +20 catches +5 | games_rule: games +1,0,
player,9029,Toby Bairstow,ALL,0,7,7,0,7,7,0,179,179,0,0,0,0,0,0,,55,1,,,0,extra_central_match,extra_central_match: games +7 innings +7 runs +179,0,
player,69,Hugo Young,ALL,115,119,4,86,86,0,1133,1133,0,6,6,0,22,61,39,79,79,0,3/9,3/9,0,extra_central_match; games_rule; catches_rule; baseline_overlap; baseline_peel; unexplained,extra_central_match: games +1 catches +1 | games_rule: games +4 | catches_rule: catches +57 | baseline_overlap: games +1 | baseline_peel: games -1 catches -19 | unexplained: games -1,0,
player,9030,Nathan Dovey,ALL,0,5,5,0,5,5,0,149,149,0,0,0,0,5,5,,131,1,,,0,extra_central_match,extra_central_match: games +5 innings +5 runs +149 catches +5,0,
player,145,Ben Kissell,ALL,76,97,21,72,72,0,1326,1326,0,81,81,0,10,10,0,103*,103*,0,4/4,4/4,0,games_rule,games_rule: games +21,0,
player,46,Josh Petersen,ALL,161,176,15,149,149,0,2867,2867,0,20,20,0,108,119,11,103*,103*,0,5/17,5/17,0,games_rule; catches_rule; baseline_overlap; baseline_peel; grade_reclassified,games_rule: games +14 | catches_rule: catches +102 | baseline_overlap: games +1 | baseline_peel: catches -94 | grade_reclassified: catches +3,0,central files some A Grade matches as PPL
player,9028,Nick Rostin,ALL,0,7,7,0,2,2,0,4,4,0,6,6,0,0,0,,4*,1,,2/14,1,extra_central_match,extra_central_match: games +7 innings +2 runs +4 wickets +6,0,
player,25,Cameron Hill,ALL,189,192,3,168,168,0,2300,2300,0,4,4,0,106,138,32,107*,107*,0,3/49,3/49,0,games_rule; catches_rule; baseline_peel,games_rule: games +15 | catches_rule: catches +75 | baseline_peel: games -12 catches -43,0,
player,64,Matthew Gordon,ALL,118,135,17,46,46,0,248,248,0,215,215,0,28,31,3,22*,22*,0,8/14,8/14,0,games_rule; catches_rule; baseline_peel; grade_reclassified,games_rule: games +17 | catches_rule: catches +25 | baseline_peel: catches -25 | grade_reclassified: catches +3,0,central files some A Grade matches as PPL
player,58,Alec Smith,ALL,132,139,7,56,56,0,289,289,0,132,132,0,29,51,22,60*,60*,0,5/38,5/38,0,games_rule; catches_rule; baseline_peel,games_rule: games +7 | catches_rule: catches +51 | baseline_peel: catches -29,0,
player,123,Mitchell Felton,ALL,187,201,14,69,69,0,300,300,0,249,249,0,37,45,8,30,30,0,5/9,5/9,0,games_rule; catches_rule; baseline_overlap; baseline_peel,games_rule: games +14 | catches_rule: catches +31 | baseline_overlap: games +12 innings +7 runs +21 wickets +13 catches +3 | baseline_peel: games -12 innings -7 runs -21 wickets -13 catches -26,0,central files some A Grade matches as PPL
player,109,Adam Gray,ALL,80,82,2,75,75,0,1812,1812,0,32,32,0,11,42,31,143,143,0,4/16,4/16,0,games_rule; catches_rule; baseline_peel,games_rule: games +2 | catches_rule: catches +42 | baseline_peel: catches -11,0,
player,20,James Woods,ALL,207,211,4,168,168,0,2347,2347,0,61,61,0,89,115,26,94*,94*,0,5/31,5/31,0,games_rule; catches_rule; baseline_peel,games_rule: games +6 | catches_rule: catches +108 | baseline_peel: games -2 catches -82,0,
player,7,Matthew Lloyd,ALL,295,299,4,283,283,0,5262,5262,0,6,6,0,63,88,25,144*,144*,0,2/27,2/27,0,games_rule; catches_rule; baseline_overlap; baseline_peel,games_rule: games +9 | catches_rule: catches +75 | baseline_overlap: games +1 | baseline_peel: games -6 catches -50,0,central files some A Grade matches as PPL
player,18,Jason Young,ALL,202,213,11,176,176,0,4127,4127,0,150,150,0,54,64,10,148,148,0,5/11,5/11,0,games_rule; catches_rule; baseline_overlap; baseline_peel,games_rule: games +9 | catches_rule: catches +51 | baseline_overlap: games +9 innings +7 runs +173 wickets +10 | baseline_peel: games -7 innings -7 runs -173 wickets -10 catches -41,0,
player,49,Peter Knight,ALL,133,139,6,128,128,0,2705,2705,0,37,37,0,10,29,19,142,142,0,3/7,3/7,0,games_rule; catches_rule; baseline_peel,games_rule: games +6 | catches_rule: catches +28 | baseline_peel: catches -9,0,
player,9,Grant Matthews,ALL,273,281,8,272,271,-1,5290,5285,-5,210,208,-2,38,43,5,103,103,0,6/55,6/55,0,games_rule; catches_rule; baseline_overlap; baseline_peel,games_rule: games +10 | catches_rule: catches +26 | baseline_overlap: games +8 innings +8 runs +217 wickets +4 catches +2 | baseline_peel: games -10 innings -9 runs -222 wickets -6 catches -23,0,central files some A Grade matches as PPL
player,24,Simon King,ALL,188,193,5,161,161,0,2456,2456,0,228,228,0,16,36,20,101,101,0,6/9,6/9,0,games_rule; catches_rule; baseline_overlap; baseline_peel,games_rule: games +4 | catches_rule: catches +36 | baseline_overlap: games +1 | baseline_peel: catches -16,0,
player,30,Scott Martin,ALL,196,208,12,143,143,0,1692,1692,0,274,274,0,42,48,6,55,55,0,6/39,6/39,0,games_rule; catches_rule; baseline_overlap; baseline_peel; grade_reclassified,games_rule: games +12 | catches_rule: catches +38 | baseline_overlap: games +2 innings +2 runs +35 catches +1 | baseline_peel: games -2 innings -2 runs -35 catches -36 | grade_reclassified: catches +3,0,central files some A Grade matches as PPL
player,36,Jake Wyllie,ALL,161,171,10,139,139,0,2114,2114,0,165,165,0,40,50,10,64,64,0,6/45,6/45,0,games_rule; catches_rule; baseline_overlap; baseline_peel,games_rule: games +11 | catches_rule: catches +46 | baseline_overlap: games +1 | baseline_peel: games -2 catches -36,0,
player,43,Jack Manuel,ALL,147,161,14,144,144,0,5369,5369,0,2,2,0,66,68,2,157,157,0,2/17,2/17,0,games_rule; catches_rule; baseline_overlap; baseline_peel,games_rule: games +13 | catches_rule: catches +66 | baseline_overlap: games +1 | baseline_peel: catches -64,0,central files some A Grade matches as PPL
player,151,Joe Lovell,ALL,53,59,6,41,41,0,289,289,0,44,44,0,0,17,17,36,36,0,4/43,4/43,0,games_rule; catches_rule,games_rule: games +6 | catches_rule: catches +17,0,
player,110,Mason Austin,ALL,86,95,9,61,61,0,575,575,0,52,52,0,6,16,10,53,53,0,5/31,5/31,0,games_rule; catches_rule,games_rule: games +9 | catches_rule: catches +10,0,
player,23,Jarod Little,ALL,203,211,8,155,155,0,1779,1779,0,2,2,0,161,172,11,77,77,0,1/12,1/12,0,games_rule; catches_rule; baseline_overlap; baseline_peel,games_rule: games +8 | catches_rule: catches +155 | baseline_overlap: games +5 innings +4 runs +46 catches +5 | baseline_peel: games -5 innings -4 runs -46 catches -149,0,
player,28,Wesley Naidoo,ALL,216,220,4,173,173,0,1868,1868,0,273,273,0,45,64,19,89*,89*,0,4/9,4/9,0,extra_central_match; games_rule; catches_rule; baseline_overlap; baseline_peel; unexplained,extra_central_match: games +1 | games_rule: games +5 | catches_rule: catches +59 | baseline_overlap: games +11 innings +8 runs +27 wickets +19 | baseline_peel: games -12 innings -8 runs -27 wickets -19 catches -40 | unexplained: games -1,0,
player,34,Richard Woods,ALL,178,189,11,163,163,0,2707,2707,0,5,5,0,84,89,5,98*,98*,0,3/37,3/37,0,games_rule; catches_rule; baseline_peel,games_rule: games +11 | catches_rule: catches +76 | baseline_peel: catches -71,0,central files some A Grade matches as PPL
player,63,Adam Whitehorn,ALL,162,172,10,74,74,0,358,358,0,162,162,0,24,30,6,28*,28*,0,5/9,5/9,0,games_rule; catches_rule; baseline_peel,games_rule: games +11 | catches_rule: catches +29 | baseline_peel: games -1 catches -23,0,
player,105,Andrew Tatterson,ALL,81,93,12,80,80,0,2034,2034,0,108,108,0,21,22,1,124,124,0,5/25,5/25,0,games_rule; catches_rule; baseline_peel; grade_reclassified,games_rule: games +12 | catches_rule: catches +17 | baseline_peel: catches -17 | grade_reclassified: catches +1,0,central files some A Grade matches as PPL
player,5,Colin Birdsall,ALL,350,362,12,221,221,0,564,564,0,140,140,0,14,14,0,21,21,0,5/14,5/14,0,games_rule; catches_rule; baseline_overlap; baseline_peel,games_rule: games +16 | catches_rule: catches +1 | baseline_overlap: games +1 | baseline_peel: games -5 catches -1,0,
player,27,Anthony Brokate,ALL,195,207,12,97,97,0,879,879,0,317,317,0,47,47,0,75,75,0,6/24,6/24,0,games_rule; catches_rule; baseline_overlap; baseline_peel,games_rule: games +11 | catches_rule: catches +3 | baseline_overlap: games +3 wickets +4 | baseline_peel: games -2 wickets -4 catches -3,0,central files some A Grade matches as PPL
player,48,David Allen,ALL,144,150,6,120,120,0,2403,2403,0,162,162,0,21,33,12,135*,135*,0,6/12,6/12,0,games_rule; catches_rule; baseline_peel,games_rule: games +6 | catches_rule: catches +29 | baseline_peel: catches -17,0,
player,67,Craig Lines,ALL,109,114,5,97,97,0,1133,1133,0,70,70,0,4,18,14,70,70,0,4/23,4/23,0,games_rule; catches_rule; baseline_peel,games_rule: games +5 | catches_rule: catches +15 | baseline_peel: catches -1,0,central files some A Grade matches as PPL
player,86,Cameron Burrage,ALL,99,111,12,86,86,0,1236,1236,0,105,105,0,31,31,0,89*,89*,0,4/8,4/8,0,games_rule; catches_rule; baseline_peel,games_rule: games +13 | catches_rule: catches +2 | baseline_peel: games -1 catches -2,0,central files some A Grade matches as PPL
player,95,David Lovell,ALL,88,94,6,76,76,0,2805,2805,0,35,35,0,11,23,12,164,164,0,5/9,5/9,0,games_rule; catches_rule; baseline_peel,games_rule: games +8 | catches_rule: catches +16 | baseline_peel: games -2 catches -4,0,
player,32,Ryan Burns,ALL,167,177,10,164,164,0,4092,4111,19,1,1,0,76,76,0,124*,124*,0,1/16,1/16,0,games_rule; baseline_overlap; baseline_peel,games_rule: games +11 | baseline_overlap: games +14 innings +14 runs +358 | baseline_peel: games -15 innings -14 runs -339,0,central files some A Grade matches as PPL
player,13,Dean Finlay,ALL,248,254,6,246,246,0,3655,3655,0,14,14,0,37,46,9,100,100,0,2/14,2/14,0,games_rule; catches_rule; baseline_overlap; baseline_peel,games_rule: games +5 | catches_rule: catches +36 | baseline_overlap: games +6 | baseline_peel: games -5 catches -27,0,
player,68,Eric Cocking,ALL,130,135,5,125,125,0,3230,3230,0,121,121,0,15,26,11,115,115,0,5/12,5/12,0,games_rule; catches_rule; baseline_peel,games_rule: games +6 | catches_rule: catches +26 | baseline_peel: games -1 catches -15,0,
player,70,James Skeels,ALL,118,119,1,105,105,0,1595,1595,0,0,0,0,14,33,19,74,74,0,,,0,extra_central_match; games_rule; catches_rule; baseline_peel; unexplained,extra_central_match: games +1 | games_rule: games +1 | catches_rule: catches +33 | baseline_peel: catches -14 | unexplained: games -1,0,
player,111,Nathan Pasco,ALL,79,86,7,63,63,0,858,858,0,100,100,0,8,15,7,72,72,0,5/25,5/25,0,games_rule; catches_rule; baseline_peel,games_rule: games +7 | catches_rule: catches +14 | baseline_peel: catches -7,0,
player,210,Adam Dallmann,ALL,90,96,6,76,76,0,868,868,0,84,84,0,8,17,9,106*,106*,0,5/45,5/45,0,games_rule; catches_rule; baseline_peel,games_rule: games +6 | catches_rule: catches +17 | baseline_peel: catches -8,0,
player,427,James Capener,ALL,24,27,3,22,22,0,234,234,0,0,0,0,4,19,15,51,51,0,,,0,games_rule; catches_rule; baseline_peel,games_rule: games +3 | catches_rule: catches +18 | baseline_peel: catches -3,0,central files some A Grade matches as PPL
player,12,Peter Boyce,ALL,255,265,10,190,190,0,2100,2100,0,435,435,0,70,70,0,78*,78*,0,8/19,8/19,0,games_rule; catches_rule; baseline_overlap; baseline_peel,games_rule: games +9 | catches_rule: catches +3 | baseline_overlap: games +13 innings +12 runs +82 wickets +23 | baseline_peel: games -12 innings -12 runs -82 wickets -23 catches -3,0,central files some A Grade matches as PPL
player,31,Michael Griffiths,ALL,183,193,10,160,160,0,3074,3074,0,271,271,0,74,74,0,103,103,0,8/16,8/16,0,games_rule; catches_rule; baseline_peel,games_rule: games +10 | catches_rule: catches +46 | baseline_peel: catches -46,0,central files some A Grade matches as PPL
player,35,Ben Finlay,ALL,161,167,6,139,139,0,2288,2288,0,104,106,2,35,35,0,216,216,0,5/2,5/2,0,games_rule; baseline_overlap; baseline_peel,games_rule: games +7 | baseline_overlap: games +6 innings +6 runs +67 wickets +3 | baseline_peel: games -7 innings -6 runs -67 wickets -1,0,central files some A Grade matches as PPL
player,40,Angus Kent,ALL,142,148,6,135,135,0,2758,2758,0,50,50,0,35,43,8,94*,94*,0,4/15,4/15,0,games_rule; catches_rule; baseline_overlap; baseline_peel,games_rule: games +5 | catches_rule: catches +30 | baseline_overlap: games +22 innings +21 runs +237 wickets +6 catches +6 | baseline_peel: games -21 innings -21 runs -237 wickets -6 catches -28,0,
player,44,Josh Rudge,ALL,148,157,9,145,145,0,3887,3887,0,0,0,0,67,69,2,165,165,0,,,0,games_rule; catches_rule; baseline_peel,games_rule: games +9 | catches_rule: catches +67 | baseline_peel: catches -65,0,
player,54,Lachlan Kinna,ALL,138,148,10,86,86,0,512,512,0,128,128,0,48,48,0,46,46,0,5/18,5/18,0,games_rule; catches_rule; baseline_overlap; baseline_peel,games_rule: games +9 | catches_rule: catches +34 | baseline_overlap: games +1 | baseline_peel: catches -34,0,central files some A Grade matches as PPL
player,66,Alex Dillon,ALL,122,132,10,116,116,0,2450,2450,0,29,29,0,36,36,0,120*,120*,0,4/50,4/50,0,games_rule; catches_rule; baseline_peel,games_rule: games +11 | catches_rule: catches +17 | baseline_peel: games -1 catches -17,0,
player,98,Mitchell Green,ALL,85,95,10,82,82,0,2720,2720,0,45,45,0,32,32,0,123,123,0,5/23,5/23,0,games_rule; catches_rule; baseline_peel,games_rule: games +10 | catches_rule: catches +17 | baseline_peel: catches -17,0,central files some A Grade matches as PPL
player,17,Cameron Lucas,ALL,210,219,9,179,179,0,2730,2730,0,210,210,0,65,66,1,81,81,0,6/17,6/17,0,games_rule; catches_rule; baseline_overlap; baseline_peel,games_rule: games +9 | catches_rule: catches +32 | baseline_overlap: games +9 innings +9 runs +145 wickets +19 catches +1 | baseline_peel: games -9 innings -9 runs -145 wickets -19 catches -32,0,central files some A Grade matches as PPL
player,3,Darren Jeffrey,ALL,371,376,5,323,323,0,6764,6764,0,402,402,0,53,61,8,120*,120*,0,6/8,6/8,0,games_rule; catches_rule; baseline_peel,games_rule: games +13 | catches_rule: catches +49 | baseline_peel: games -8 catches -41,0,
player,11,Kyle Jeffrey,ALL,255,263,8,151,151,0,1594,1594,0,330,330,0,66,68,2,55*,55*,0,5/19,5/19,0,games_rule; catches_rule; baseline_overlap; baseline_peel; grade_reclassified,games_rule: games +8 | catches_rule: catches +49 | baseline_overlap: games +21 innings +13 runs +69 wickets +37 catches +9 | baseline_peel: games -21 innings -13 runs -69 wickets -37 catches -58 | grade_reclassified: catches +2,0,central files some A Grade matches as PPL
player,15,Ashley Wyborn,ALL,240,249,9,228,228,0,3251,3251,0,27,27,0,51,51,0,114,114,0,3/24,3/24,0,games_rule; catches_rule; baseline_peel,games_rule: games +9 | catches_rule: catches +1 | baseline_peel: catches -1,0,central files some A Grade matches as PPL
player,60,Levi Muller,ALL,132,139,7,130,130,0,2640,2640,0,10,10,0,19,22,3,108*,108*,0,4/43,4/43,0,games_rule; catches_rule; baseline_overlap; baseline_peel,games_rule: games +7 | catches_rule: catches +20 | baseline_overlap: games +3 innings +3 runs +44 | baseline_peel: games -3 innings -3 runs -44 catches -17,0,central files some A Grade matches as PPL
player,81,Timothy Miles,ALL,97,103,6,88,88,0,2194,2194,0,81,81,0,29,34,5,112*,112*,0,6/25,6/25,0,games_rule; catches_rule; baseline_peel,games_rule: games +6 | catches_rule: catches +34 | baseline_peel: catches -29,0,
player,144,Rylan Arms,ALL,70,70,0,59,59,0,1016,1016,0,38,38,0,11,28,17,73,73,0,3/16,3/16,0,catches_rule; baseline_peel,catches_rule: catches +28 | baseline_peel: catches -11,0,
player,56,Michael Chappell,ALL,131,137,6,120,120,0,2404,2404,0,99,99,0,47,51,4,96*,96*,0,5/19,5/19,0,games_rule; catches_rule; baseline_overlap; baseline_peel; grade_reclassified,games_rule: games +6 | catches_rule: catches +32 | baseline_overlap: games +14 innings +14 runs +207 wickets +19 catches +4 | baseline_peel: games -14 innings -14 runs -207 wickets -19 catches -33 | grade_reclassified: catches +1,0,central files some A Grade matches as PPL
player,90,Jayden Matthews,ALL,99,106,7,82,82,0,802,802,0,13,13,0,28,30,2,52,52,0,3/16,3/16,0,games_rule; catches_rule; baseline_peel,games_rule: games +8 | catches_rule: catches +21 | baseline_peel: games -1 catches -19,0,
player,146,Joseph Slade,ALL,60,66,6,26,26,0,407,407,0,65,65,0,4,8,4,69,69,0,4/9,4/9,0,games_rule; catches_rule; baseline_peel,games_rule: games +6 | catches_rule: catches +8 | baseline_peel: catches -4,0,
player,4,Matthew Guyton,ALL,352,356,4,239,239,0,3109,3109,0,354,354,0,78,85,7,107*,107*,0,6/12,6/12,0,games_rule; catches_rule; baseline_peel,games_rule: games +8 | catches_rule: catches +64 | baseline_peel: games -4 catches -57,0,
player,53,Andrew White,ALL,134,139,5,117,117,0,1563,1563,0,59,59,0,31,36,5,113,113,0,4/11,4/11,0,games_rule; catches_rule; baseline_peel,games_rule: games +7 | catches_rule: catches +31 | baseline_peel: games -2 catches -26,0,
player,108,Andrew Pocklington,ALL,82,89,7,67,67,0,1030,1030,0,92,92,0,13,14,1,94,94,0,6/31,6/31,0,games_rule; catches_rule; baseline_peel,games_rule: games +8 | catches_rule: catches +9 | baseline_peel: games -1 catches -8,0,
player,112,Rod Tregenza,ALL,78,81,3,71,71,0,1643,1643,0,91,91,0,44,53,9,142,142,0,5/19,5/19,0,games_rule; catches_rule; baseline_peel,games_rule: games +3 | catches_rule: catches +53 | baseline_peel: catches -44,0,
player,155,Joshua Fourez,ALL,54,58,4,50,50,0,604,604,0,6,6,0,21,28,7,46,46,0,4/22,4/22,0,games_rule; catches_rule; baseline_peel,games_rule: games +4 | catches_rule: catches +28 | baseline_peel: catches -21,0,
player,2,Dale Burns,ALL,369,376,7,338,338,0,10985,10985,0,387,387,0,129,129,0,174*,174*,0,6/19,6/19,0,games_rule; catches_rule; baseline_overlap; baseline_peel,games_rule: games +15 | catches_rule: catches +11 | baseline_overlap: games +2 innings +2 runs +77 wickets +1 | baseline_peel: games -10 innings -2 runs -77 wickets -1 catches -11,0,
player,38,Corbin Little,ALL,146,151,5,118,118,0,1402,1402,0,161,161,0,11,15,4,64,64,0,5/7,5/7,0,games_rule; catches_rule; baseline_overlap; baseline_peel,games_rule: games +5 | catches_rule: catches +12 | baseline_overlap: games +1 innings +1 | baseline_peel: games -1 innings -1 catches -8,0,
player,41,Elliot Foote,ALL,146,153,7,133,133,0,2150,2150,0,70,70,0,37,37,0,67,67,0,6/16,6/16,0,games_rule; catches_rule; baseline_overlap; baseline_peel,games_rule: games +7 | catches_rule: catches +12 | baseline_overlap: games +19 innings +19 runs +329 wickets +3 catches +7 | baseline_peel: games -19 innings -19 runs -329 wickets -3 catches -19,0,
player,71,Liam Blampied,ALL,105,112,7,98,98,0,1822,1822,0,21,21,0,38,38,0,93,93,0,3/6,3/6,0,games_rule,games_rule: games +7,0,central files some A Grade matches as PPL
player,131,Bradley Wiseman,ALL,65,72,7,64,64,0,1345,1345,0,0,0,0,21,21,0,98*,98*,0,,,0,games_rule,games_rule: games +7,0,central files some A Grade matches as PPL
player,139,Brendan Chappell,ALL,59,65,6,46,47,1,501,501,0,59,59,0,12,14,2,75,75,0,3/7,3/7,0,games_rule; catches_rule; baseline_overlap; baseline_peel,games_rule: games +3 | catches_rule: catches +3 | baseline_overlap: games +12 innings +8 runs +32 wickets +7 | baseline_peel: games -9 innings -7 runs -32 wickets -7 catches -1,0,
player,143,Philip Head,ALL,97,101,4,76,76,0,1318,1318,0,65,65,0,27,33,6,95*,95*,0,5/13,5/13,0,games_rule; catches_rule; baseline_peel,games_rule: games +4 | catches_rule: catches +30 | baseline_peel: catches -24,0,
player,201,Drew Loaring,ALL,38,43,5,36,36,0,597,597,0,6,6,0,0,4,4,69,69,0,3/8,3/8,0,games_rule; catches_rule,games_rule: games +5 | catches_rule: catches +4,0,
player,237,Eve Powell,ALL,40,41,1,29,29,0,380,380,0,28,28,0,1,13,12,72,72,0,3/10,3/10,0,games_rule; catches_rule; baseline_peel,games_rule: games +1 | catches_rule: catches +13 | baseline_peel: catches -1,0,
player,241,Stephen Inward,ALL,29,36,7,29,29,0,962,962,0,4,4,0,18,18,0,113*,113*,0,3/11,3/11,0,games_rule; catches_rule; baseline_peel,games_rule: games +7 | catches_rule: catches +7 | baseline_peel: catches -7,0,central files some A Grade matches as PPL
player,276,James Rudge,ALL,25,25,0,18,18,0,359,359,0,23,23,0,7,21,14,67,67,0,3/17,3/17,0,catches_rule; baseline_peel,catches_rule: catches +21 | baseline_peel: catches -7,0,
player,303,Jay Deeming,ALL,36,40,4,34,34,0,304,304,0,46,46,0,8,14,6,72*,72*,0,4/36,4/36,0,games_rule; catches_rule; baseline_peel,games_rule: games +4 | catches_rule: catches +14 | baseline_peel: catches -8,0,
player,85,Mitchell Morley,ALL,108,110,2,88,88,0,1799,1799,0,81,81,0,24,33,9,103*,103*,0,5/5,5/5,0,games_rule; catches_rule; baseline_overlap; baseline_peel,games_rule: games +4 | catches_rule: catches +31 | baseline_overlap: games +1 | baseline_peel: games -3 catches -22,0,
player,104,Dave Somers,ALL,84,86,2,83,83,0,2647,2647,0,7,7,0,5,14,9,157,157,0,4/9,4/9,0,games_rule; catches_rule; baseline_peel,games_rule: games +2 | catches_rule: catches +13 | baseline_peel: catches -4,0,
player,160,Christopher Thomas,ALL,52,58,6,51,51,0,1106,1106,0,10,10,0,22,23,1,105*,105*,0,3/8,3/8,0,games_rule; catches_rule; baseline_peel,games_rule: games +6 | catches_rule: catches +8 | baseline_peel: catches -7,0,central files some A Grade matches as PPL
player,239,Noah Frunks,ALL,31,33,2,19,20,1,189,189,0,23,23,0,4,13,9,52,52,0,5/29,5/29,0,extra_central_match; games_rule; catches_rule; baseline_peel; figures_differ; unexplained,extra_central_match: games +1 wickets +1 catches +2 | games_rule: games +2 | catches_rule: catches +11 | baseline_peel: catches -4 | figures_differ: innings +1 | unexplained: games -1 wickets -1,0,
player,9037,Gary Hocking,ALL,0,1,1,0,1,1,0,12,12,0,2,2,0,0,0,,12*,1,,2/12,1,extra_central_match,extra_central_match: games +1 innings +1 runs +12 wickets +2,0,
player,14,Martin Crump,ALL,249,254,5,243,243,0,6230,6230,0,120,120,0,84,86,2,118*,118*,0,5/20,5/20,0,games_rule; catches_rule; baseline_peel,games_rule: games +6 | catches_rule: catches +22 | baseline_peel: games -1 catches -20,0,
player,33,Rodney Dixon,ALL,169,174,5,86,86,0,522,522,0,219,219,0,37,39,2,27,27,0,5/7,5/7,0,games_rule; catches_rule; baseline_peel,games_rule: games +5 | catches_rule: catches +39 | baseline_peel: catches -37,0,
player,93,Ashley Jeffrey,ALL,91,97,6,39,39,0,209,209,0,113,113,0,30,30,0,21,21,0,5/11,5/11,0,games_rule; catches_rule; baseline_peel,games_rule: games +6 | catches_rule: catches +15 | baseline_peel: catches -15,0,central files some A Grade matches as PPL
player,103,Daniel Baker,ALL,83,89,6,73,73,0,1037,1037,0,10,10,0,39,39,0,117,117,0,2/4,2/4,0,games_rule; baseline_overlap; baseline_peel,games_rule: games +6 | baseline_overlap: games +1 | baseline_peel: games -1,0,
player,125,Brennan Gillam,ALL,70,76,6,62,62,0,1406,1406,0,32,32,0,40,40,0,101*,101*,0,5/21,5/21,0,games_rule; catches_rule; baseline_peel,games_rule: games +6 | catches_rule: catches +2 | baseline_peel: catches -2,0,
player,173,Greg Stack,ALL,46,48,2,46,46,0,1141,1141,0,12,12,0,0,8,8,82,82,0,3/20,3/20,0,games_rule; catches_rule,games_rule: games +2 | catches_rule: catches +8,0,
player,286,David Holmes,ALL,23,25,2,22,22,0,666,666,0,6,6,0,2,10,8,106*,106*,0,2/6,2/6,0,games_rule; catches_rule,games_rule: games +2 | catches_rule: catches +8,0,
player,248,Samuel Evans,ALL,27,30,3,27,29,2,714,740,26,15,15,0,7,7,0,85,85,0,5/22,5/22,0,games_rule; catches_rule; baseline_overlap; baseline_peel,games_rule: games +1 | catches_rule: catches +2 | baseline_overlap: games +4 innings +4 runs +75 catches +1 | baseline_peel: games -2 innings -2 runs -49 catches -3,0,central files some A Grade matches as PPL
player,94,Craig Ford,ALL,98,101,3,83,83,0,1633,1633,0,44,44,0,13,18,5,103,103,0,5/25,5/25,0,extra_central_match; games_rule; catches_rule; baseline_overlap; baseline_peel; unexplained,extra_central_match: games +1 | games_rule: games +2 | catches_rule: catches +16 | baseline_overlap: games +1 | baseline_peel: catches -11 | unexplained: games -1,0,
player,115,Michael Niven,ALL,75,77,2,74,74,0,1219,1219,0,5,5,0,12,19,7,66,66,0,3/13,3/13,0,games_rule; catches_rule; baseline_peel,games_rule: games +2 | catches_rule: catches +19 | baseline_peel: catches -12,0,
player,142,Ric Mulcahy,ALL,60,64,4,54,54,0,1262,1262,0,35,35,0,2,5,3,92,92,0,5/42,5/42,0,games_rule; catches_rule; baseline_peel,games_rule: games +4 | catches_rule: catches +5 | baseline_peel: catches -2,0,
player,163,Ben Dreckow,ALL,52,56,4,41,41,0,419,419,0,30,30,0,2,5,3,55*,55*,0,3/14,3/14,0,games_rule; catches_rule; baseline_peel,games_rule: games +4 | catches_rule: catches +5 | baseline_peel: catches -2,0,
player,177,Aden Chinnery,ALL,44,46,2,33,33,0,260,260,0,35,35,0,4,11,7,36,36,0,5/16,5/16,0,games_rule; catches_rule; baseline_peel,games_rule: games +3 | catches_rule: catches +11 | baseline_peel: games -1 catches -4,0,
player,192,Freddie Higton,ALL,38,41,3,20,20,0,182,182,0,52,52,0,6,11,5,35,35,0,6/18,6/18,0,games_rule; catches_rule; baseline_peel,games_rule: games +3 | catches_rule: catches +11 | baseline_peel: catches -6,0,
player,9015,Chris Horsley-Wyatt,ALL,5,10,5,4,4,0,34,34,0,4,4,0,0,1,1,22*,22*,0,4/6,4/6,0,games_rule; catches_rule,games_rule: games +5 | catches_rule: catches +1,0,
player,10,Chris Baker,ALL,261,266,5,225,225,0,4394,4394,0,1,1,0,191,191,0,116*,116*,0,1/2,1/2,0,games_rule; baseline_overlap; baseline_peel,games_rule: games +5 | baseline_overlap: games +1 | baseline_peel: games -1,0,
player,55,Damian Billing,ALL,120,125,5,114,114,0,3152,3152,0,8,8,0,21,21,0,165,165,0,2/25,2/25,0,games_rule; baseline_overlap; baseline_peel,games_rule: games +4 | baseline_overlap: games +16 innings +15 runs +311 | baseline_peel: games -15 innings -15 runs -311,0,
player,73,Lewis Starbuck,ALL,105,110,5,52,52,0,232,232,0,151,151,0,22,22,0,32,32,0,5/11,5/11,0,games_rule; catches_rule; baseline_overlap; baseline_peel,games_rule: games +3 | catches_rule: catches +4 | baseline_overlap: games +3 wickets +5 | baseline_peel: games -1 wickets -5 catches -4,0,central files some A Grade matches as PPL
player,77,Cary Green,ALL,99,104,5,92,92,0,2749,2749,0,3,3,0,21,21,0,131,131,0,1/0,1/0,0,games_rule; catches_rule; baseline_peel,games_rule: games +7 | catches_rule: catches +14 | baseline_peel: games -2 catches -14,0,central files some A Grade matches as PPL
player,92,Matt Newton,ALL,98,103,5,78,78,0,1109,1109,0,0,0,0,9,9,0,73,73,0,,,0,games_rule; catches_rule; baseline_peel,games_rule: games +6 | catches_rule: catches +8 | baseline_peel: games -1 catches -8,0,
player,113,Montanna Kelly-Wilson,ALL,84,87,3,68,68,0,830,830,0,64,64,0,1,5,4,47*,47*,0,3/4,3/4,0,games_rule; ladies_t20; catches_rule; baseline_peel,games_rule: games +1 | ladies_t20: games +2 | catches_rule: catches +5 | baseline_peel: catches -1,0,
player,126,Alex Quigg,ALL,60,63,3,49,49,0,409,409,0,46,46,0,14,18,4,69*,69*,0,4/20,4/20,0,games_rule; catches_rule; baseline_peel,games_rule: games +3 | catches_rule: catches +11 | baseline_peel: catches -7,0,
player,148,Rodney Watt,ALL,59,62,3,21,21,0,105,105,0,92,92,0,1,5,4,24*,24*,0,7/15,7/15,0,games_rule; catches_rule; baseline_peel,games_rule: games +4 | catches_rule: catches +5 | baseline_peel: games -1 catches -1,0,
player,153,James Finlay,ALL,56,60,4,32,32,0,148,148,0,56,56,0,2,4,2,15*,15*,0,4/25,4/25,0,games_rule; catches_rule; baseline_peel,games_rule: games +4 | catches_rule: catches +3 | baseline_peel: catches -1,0,
player,165,Prabhjot Singh Makkar,ALL,56,58,2,48,48,0,1063,1063,0,25,25,0,9,15,6,104,104,0,3/22,3/22,0,games_rule; catches_rule; baseline_peel,games_rule: games +2 | catches_rule: catches +13 | baseline_peel: catches -7,0,
player,180,Blair Cartwright,ALL,44,49,5,41,41,0,1000,1000,0,0,0,0,24,24,0,156*,156*,0,,,0,games_rule; baseline_peel,games_rule: games +6 | baseline_peel: games -1,0,
player,365,Rhys Lawrie,ALL,15,15,0,13,13,0,259,259,0,0,0,0,0,10,10,56,56,0,,,0,catches_rule,catches_rule: catches +10,0,
player,9034,Perry Allen,ALL,0,1,1,0,1,1,0,0,0,0,2,2,0,0,0,,0,1,,2/6,1,extra_central_match,extra_central_match: games +1 innings +1 wickets +2,0,
player,6,Peter Wyllie,ALL,342,346,4,334,334,0,10785,10785,0,343,343,0,90,91,1,200,200,0,5/25,5/25,0,games_rule; catches_rule; baseline_peel,games_rule: games +7 | catches_rule: catches +29 | baseline_peel: games -3 catches -28,0,
player,121,Jett Demmery,ALL,70,73,3,33,33,0,154,154,0,67,67,0,13,16,3,21*,21*,0,4/13,4/13,0,extra_central_match; games_rule; catches_rule; baseline_peel; unexplained,extra_central_match: games +1 wickets +3 catches +1 | games_rule: games +3 | catches_rule: catches +15 | baseline_peel: catches -13 | unexplained: games -1 wickets -3,0,
player,127,Mick Carlton,ALL,78,78,0,73,73,0,1211,1211,0,0,0,0,31,40,9,120,120,0,,,0,catches_rule; baseline_peel,catches_rule: catches +32 | baseline_peel: catches -23,0,
player,189,Tim Shand,ALL,47,50,3,44,44,0,786,786,0,3,3,0,20,23,3,104,104,0,1/8,1/8,0,games_rule; catches_rule; baseline_peel,games_rule: games +3 | catches_rule: catches +18 | baseline_peel: catches -15,0,
player,212,Chloe Guyton,ALL,42,44,2,29,29,0,208,208,0,23,23,0,0,5,5,20*,20*,0,2/7,2/7,0,games_rule; catches_rule,games_rule: games +2 | catches_rule: catches +5,0,
player,221,Shaun Wilson,ALL,35,39,4,19,19,0,95,95,0,44,44,0,12,13,1,21,21,0,5/23,5/23,0,games_rule; catches_rule; baseline_peel,games_rule: games +4 | catches_rule: catches +6 | baseline_peel: catches -5,0,
player,260,Lindsey Mcglinn,ALL,27,30,3,23,23,0,379,379,0,30,30,0,3,6,3,53,53,0,4/24,4/24,0,games_rule; catches_rule,games_rule: games +3 | catches_rule: catches +3,0,
player,279,Jaxon Wyllie,ALL,24,25,1,19,19,0,265,265,0,28,28,0,0,7,7,59*,59*,0,6/12,6/12,0,games_rule; catches_rule,games_rule: games +1 | catches_rule: catches +7,0,
player,714,M Hancock,ALL,17,18,1,15,15,0,116,116,0,9,9,0,0,7,7,31,31,0,3/12,3/12,0,games_rule; catches_rule,games_rule: games +1 | catches_rule: catches +7,0,
player,9012,Mark Chapplehow,ALL,47,47,0,45,45,0,689,689,0,19,19,0,0,9,9,58,58,0,3/12,3/12,0,catches_rule,catches_rule: catches +9,0,
player,16,Leigh Burns,ALL,230,234,4,222,222,0,6736,6736,0,10,10,0,99,99,0,126,126,0,2/3,2/3,0,games_rule; baseline_overlap; baseline_peel,games_rule: games +7 | baseline_overlap: games +2 innings +1 runs +6 | baseline_peel: games -5 innings -1 runs -6,0,
player,62,Stuart Ball,ALL,122,125,3,114,114,0,1647,1647,0,61,61,0,41,43,2,76,76,0,5/40,5/40,0,games_rule; catches_rule; baseline_peel,games_rule: games +3 | catches_rule: catches +3 | baseline_peel: catches -1,0,
player,116,Travis Caine,ALL,73,75,2,60,60,0,1215,1215,0,16,16,0,14,18,4,134*,134*,0,3/12,3/12,0,games_rule; catches_rule; baseline_peel,games_rule: games +2 | catches_rule: catches +18 | baseline_peel: catches -14,0,
player,124,Geoffrey Buchholz,ALL,84,88,4,82,82,0,2686,2686,0,6,6,0,38,38,0,155*,155*,0,2/37,2/37,0,games_rule; baseline_overlap; baseline_peel,games_rule: games +5 | baseline_overlap: games +1 | baseline_peel: games -2,0,
player,129,Andrew Cocking,ALL,71,75,4,53,53,0,476,476,0,75,75,0,24,24,0,40,40,0,5/11,5/11,0,games_rule; catches_rule; baseline_overlap; baseline_peel,games_rule: games +4 | catches_rule: catches +21 | baseline_overlap: games +1 | baseline_peel: games -1 catches -21,0,
player,141,Ross Burrage,ALL,81,85,4,45,45,0,453,453,0,106,106,0,14,14,0,40,40,0,6/9,6/9,0,games_rule; catches_rule; baseline_peel,games_rule: games +5 | catches_rule: catches +1 | baseline_peel: games -1 catches -1,0,
player,150,Michael Holmes,ALL,62,62,0,58,58,0,1188,1188,0,23,23,0,29,37,8,85,85,0,4/9,4/9,0,catches_rule; baseline_peel,catches_rule: catches +24 | baseline_peel: catches -16,0,
player,162,Declan Chappell,ALL,53,57,4,50,50,0,772,772,0,4,4,0,21,21,0,55,55,0,3/13,3/13,0,games_rule; catches_rule; baseline_overlap; baseline_peel,games_rule: games +4 | catches_rule: catches +4 | baseline_overlap: games +19 innings +18 runs +313 catches +6 | baseline_peel: games -19 innings -18 runs -313 catches -10,0,
player,188,Joel Evans,ALL,41,45,4,40,40,0,1141,1141,0,9,9,0,12,12,0,109,109,0,5/37,5/37,0,games_rule; catches_rule; baseline_overlap; baseline_peel,games_rule: games +4 | catches_rule: catches +8 | baseline_overlap: games +1 innings +1 | baseline_peel: games -1 innings -1 catches -8,0,central files some A Grade matches as PPL
player,202,Zac Perry,ALL,39,42,3,34,34,0,569,569,0,2,2,0,2,4,2,61,61,0,1/6,1/6,0,games_rule; catches_rule; baseline_peel,games_rule: games +3 | catches_rule: catches +3 | baseline_peel: catches -1,0,
player,207,Harsha Vithanage,ALL,40,41,1,37,37,0,505,505,0,25,25,0,1,7,6,57,57,0,2/18,2/18,0,games_rule; catches_rule; baseline_peel,games_rule: games +1 | catches_rule: catches +7 | baseline_peel: catches -1,0,
player,257,Bryce Jeffrey,ALL,49,53,4,25,25,0,173,173,0,54,54,0,15,15,0,34*,34*,0,5/22,5/22,0,games_rule; catches_rule; baseline_peel,games_rule: games +4 | catches_rule: catches +2 | baseline_peel: catches -2,0,
player,329,Sophie Terrell,ALL,25,26,1,22,22,0,258,258,0,1,1,0,2,8,6,50*,50*,0,1/17,1/17,0,games_rule; catches_rule; baseline_peel,games_rule: games +1 | catches_rule: catches +8 | baseline_peel: catches -2,0,
player,343,Chris Mills,ALL,18,22,4,9,9,0,58,58,0,19,19,0,4,4,0,21,21,0,5/10,5/10,0,games_rule; catches_rule; baseline_overlap; baseline_peel,games_rule: games +3 | catches_rule: catches +2 | baseline_overlap: games +1 | baseline_peel: catches -2,0,
player,389,Dylan Mulcahy,ALL,14,17,3,6,6,0,38,38,0,7,7,0,0,2,2,18,18,0,3/21,3/21,0,games_rule; catches_rule,games_rule: games +3 | catches_rule: catches +2,0,
player,575,Lee Van Haeften,ALL,8,10,2,8,8,0,62,62,0,0,0,0,0,4,4,32,32,0,,,0,games_rule; catches_rule,games_rule: games +2 | catches_rule: catches +4,0,
player,713,Wade Hall,ALL,15,16,1,15,15,0,602,602,0,4,4,0,0,6,6,98*,98*,0,2/9,2/9,0,games_rule; catches_rule,games_rule: games +1 | catches_rule: catches +6,0,
player,50,Doug Mccarthy,ALL,142,143,1,99,99,0,1095,1095,0,189,189,0,15,20,5,69,69,0,6/23,6/23,0,games_rule; catches_rule; baseline_peel,games_rule: games +3 | catches_rule: catches +20 | baseline_peel: games -2 catches -15,0,
player,88,Zachary Dreckow,ALL,97,98,1,74,74,0,1097,1097,0,87,87,0,6,11,5,81*,81*,0,4/7,4/7,0,extra_central_match; games_rule; catches_rule; baseline_peel; unexplained,extra_central_match: games +2 | games_rule: games +1 | catches_rule: catches +11 | baseline_peel: catches -6 | unexplained: games -2,0,
player,91,Jeff Dillon,ALL,150,152,2,143,143,0,3009,3009,0,3,3,0,37,40,3,104*,104*,0,2/8,2/8,0,games_rule; catches_rule; baseline_peel,games_rule: games +3 | catches_rule: catches +16 | baseline_peel: games -1 catches -13,0,
player,138,Caden Mccarthy,ALL,75,77,2,57,57,0,618,618,0,70,70,0,15,18,3,59,59,0,5/60,5/60,0,games_rule; catches_rule; baseline_peel,games_rule: games +3 | catches_rule: catches +16 | baseline_peel: games -1 catches -13,0,
player,183,James Reid,ALL,43,44,1,41,41,0,627,627,0,23,23,0,0,5,5,166,166,0,3/36,3/36,0,games_rule; catches_rule,games_rule: games +1 | catches_rule: catches +5,0,
player,196,Archie Nicholson,ALL,39,40,1,25,25,0,213,213,0,45,45,0,13,18,5,33*,33*,0,4/12,4/12,0,games_rule; catches_rule; baseline_peel,games_rule: games +1 | catches_rule: catches +18 | baseline_peel: catches -13,0,
player,213,Iszac Willey,ALL,40,40,0,18,18,0,141,141,0,35,35,0,3,10,7,27*,27*,0,3/21,3/21,0,catches_rule; baseline_peel,catches_rule: catches +10 | baseline_peel: catches -3,0,
player,218,Philippa Warren,ALL,35,37,2,34,34,0,450,450,0,18,18,0,0,3,3,34,34,0,2/6,2/6,0,ladies_t20; catches_rule,ladies_t20: games +2 | catches_rule: catches +3,0,
player,219,Joshua Jones,ALL,35,35,0,22,22,0,158,158,0,19,19,0,4,11,7,44,44,0,2/5,2/5,0,catches_rule; baseline_peel,catches_rule: catches +11 | baseline_peel: catches -4,0,
player,244,Dean Friskin,ALL,31,31,0,27,27,0,455,455,0,34,34,0,5,12,7,87,87,0,4/14,4/14,0,catches_rule; baseline_peel,catches_rule: catches +12 | baseline_peel: catches -5,0,
player,247,Joe Phillips,ALL,30,30,0,14,14,0,68,68,0,47,47,0,6,13,7,20,20,0,10/22,6/7,1,extra_central_match; catches_rule; baseline_peel; unexplained,extra_central_match: games +1 wickets +2 | catches_rule: catches +13 | baseline_peel: catches -6 | unexplained: games -1 wickets -2,0,
player,250,Scott Dunning,ALL,29,31,2,27,27,0,473,473,0,1,1,0,0,3,3,61,61,0,1/12,1/12,0,games_rule; catches_rule; baseline_peel,games_rule: games +3 | catches_rule: catches +3 | baseline_peel: games -1,0,
player,262,Rosie Marino,ALL,27,27,0,24,24,0,181,181,0,5,5,0,0,7,7,28*,28*,0,3/3,3/3,0,catches_rule,catches_rule: catches +7,0,
player,277,Matthew Kennewell,ALL,24,25,1,23,23,0,316,316,0,6,6,0,0,5,5,50,50,0,3/27,3/27,0,games_rule; catches_rule,games_rule: games +1 | catches_rule: catches +5,0,
player,298,Cooper Gray,ALL,22,23,1,16,16,0,67,67,0,14,14,0,0,5,5,11,11,0,3/54,3/54,0,games_rule; catches_rule,games_rule: games +1 | catches_rule: catches +5,0,
player,321,Tim Rogers,ALL,19,19,0,18,18,0,153,153,0,0,0,0,4,11,7,30*,30*,0,,,0,catches_rule; baseline_peel,catches_rule: catches +10 | baseline_peel: catches -3,0,
player,322,Angus Moseley,ALL,21,21,0,19,20,1,168,168,0,6,6,0,8,15,7,24,24,0,3/15,3/15,0,extra_central_match; catches_rule; baseline_peel; figures_differ; unexplained,extra_central_match: games +1 catches +3 | catches_rule: catches +12 | baseline_peel: catches -8 | figures_differ: innings +1 | unexplained: games -1,0,
player,361,Jaiden Davern,ALL,16,16,0,7,7,0,15,15,0,12,12,0,4,11,7,10*,10*,0,4/26,4/26,0,games_rule; catches_rule; baseline_peel,games_rule: games +1 | catches_rule: catches +11 | baseline_peel: games -1 catches -4,0,
player,464,Will Elvidge,ALL,9,10,1,6,6,0,86,86,0,0,0,0,11,16,5,47,47,0,,,0,games_rule; catches_rule; baseline_peel,games_rule: games +1 | catches_rule: catches +12 | baseline_peel: catches -7,0,
player,469,Hayden Riches,ALL,9,11,2,7,7,0,35,35,0,7,7,0,0,3,3,14*,14*,0,2/9,2/9,0,games_rule; catches_rule,games_rule: games +2 | catches_rule: catches +3,0,
player,9039,Chris King,ALL,0,1,1,0,0,0,0,0,0,0,1,1,0,1,1,,,0,,1/13,1,extra_central_match,extra_central_match: games +1 wickets +1 catches +1,0,
player,555,Shawn Pretorius,ALL,5,6,1,5,6,1,62,70,8,3,3,0,0,3,3,39,39,0,3/3,3/3,0,catches_rule; unexplained,catches_rule: catches +3 | unexplained: games +1 innings +1 runs +8,0,
player,19,Dennis Bland,ALL,212,215,3,122,122,0,756,756,0,407,407,0,32,32,0,38*,38*,0,8/15,8/15,0,games_rule; catches_rule; baseline_peel,games_rule: games +4 | catches_rule: catches +2 | baseline_peel: games -1 catches -2,0,
player,29,Chris Hickman,ALL,183,186,3,142,142,0,1316,1316,0,262,262,0,42,42,0,49*,49*,0,6/16,6/16,0,games_rule; catches_rule; baseline_peel,games_rule: games +5 | catches_rule: catches +14 | baseline_peel: games -2 catches -14,0,
player,57,Glen Filcock,ALL,132,134,2,116,116,0,1279,1279,0,87,87,0,47,49,2,59,59,0,5/35,5/35,0,games_rule; catches_rule; baseline_peel,games_rule: games +17 | catches_rule: catches +34 | baseline_peel: games -15 catches -32,0,
player,76,Peter Harmer,ALL,102,105,3,18,18,0,58,58,0,122,122,0,4,4,0,14,14,0,5/34,5/34,0,games_rule; catches_rule; baseline_peel,games_rule: games +4 | catches_rule: catches +1 | baseline_peel: games -1 catches -1,0,
player,78,Aaron Fitzpatrick,ALL,101,103,2,93,93,0,1227,1227,0,20,20,0,58,60,2,62*,62*,0,2/1,2/1,0,games_rule; catches_rule; baseline_peel,games_rule: games +2 | catches_rule: catches +22 | baseline_peel: catches -20,0,
player,83,Leigh Elder,ALL,100,103,3,32,32,0,109,109,0,170,170,0,18,18,0,22*,22*,0,6/39,6/39,0,games_rule; catches_rule; baseline_peel,games_rule: games +4 | catches_rule: catches +14 | baseline_peel: games -1 catches -14,0,
player,84,Dustin Robinson,ALL,111,114,3,97,97,0,1519,1519,0,20,20,0,16,16,0,56,56,0,4/33,4/33,0,games_rule; catches_rule; baseline_overlap; baseline_peel,games_rule: games +4 | catches_rule: catches +1 | baseline_overlap: games +9 innings +9 runs +213 wickets +10 | baseline_peel: games -10 innings -9 runs -213 wickets -10 catches -1,0,
player,102,Tyler Naidoo,ALL,88,91,3,72,72,0,1143,1143,0,83,83,0,19,19,0,104,104,0,5/41,5/41,0,games_rule; catches_rule; baseline_peel,games_rule: games +3 | catches_rule: catches +6 | baseline_peel: catches -6,0,
player,107,Chris Love,ALL,82,85,3,20,20,0,73,73,0,104,104,0,7,7,0,11*,11*,0,5/2,5/2,0,games_rule; catches_rule; baseline_peel,games_rule: games +3 | catches_rule: catches +3 | baseline_peel: catches -3,0,
player,128,Reid Klopper,ALL,69,71,2,68,68,0,1032,1032,0,25,25,0,34,36,2,75,75,0,4/28,4/28,0,games_rule; catches_rule; baseline_overlap; baseline_peel,games_rule: games +3 | catches_rule: catches +17 | baseline_overlap: games +1 innings +1 runs +15 catches +2 | baseline_peel: games -2 innings -1 runs -15 catches -17,0,
player,147,Peter Walsh,ALL,59,61,2,35,36,1,297,297,0,34,34,0,13,15,2,48,48,0,3/14,3/14,0,extra_central_match; games_rule; catches_rule; baseline_peel; figures_differ; unexplained,extra_central_match: games +1 catches +1 | games_rule: games +2 | catches_rule: catches +14 | baseline_peel: catches -13 | figures_differ: innings +1 | unexplained: games -1,0,
player,149,Grant Pattison,ALL,56,57,1,27,27,0,157,157,0,70,70,0,6,10,4,22,22,0,6/10,6/10,0,games_rule; catches_rule; baseline_peel,games_rule: games +3 | catches_rule: catches +10 | baseline_peel: games -2 catches -6,0,
player,164,Andre Geeraets,ALL,51,53,2,39,39,0,92,92,0,5,5,0,3,5,2,10,10,0,3/23,3/23,0,games_rule; catches_rule; baseline_peel,games_rule: games +2 | catches_rule: catches +5 | baseline_peel: catches -3,0,
player,170,Bodie Terbeeke,ALL,47,50,3,44,44,0,520,520,0,21,21,0,9,9,0,100*,100*,0,4/10,4/10,0,games_rule,games_rule: games +3,0,
player,172,Mathew Skender,ALL,46,48,2,42,42,0,1693,1693,0,7,7,0,20,22,2,155*,155*,0,2/23,2/23,0,games_rule; catches_rule; baseline_peel,games_rule: games +3 | catches_rule: catches +10 | baseline_peel: games -1 catches -8,0,central files some A Grade matches as PPL
player,174,Christopher Mccarthy,ALL,48,48,0,47,47,0,757,757,0,7,7,0,14,20,6,97,97,0,3/2,3/2,0,games_rule; catches_rule; baseline_peel,games_rule: games +1 | catches_rule: catches +14 | baseline_peel: games -1 catches -8,0,
player,193,Samuel Smith,ALL,41,42,1,18,18,0,89,89,0,64,64,0,8,12,4,23,23,0,5/12,5/12,0,games_rule; catches_rule; baseline_overlap; baseline_peel,games_rule: games +1 | catches_rule: catches +12 | baseline_overlap: games +1 | baseline_peel: games -1 catches -8,0,
player,197,Aaron Cross,ALL,39,41,2,37,37,0,728,728,0,16,16,0,11,13,2,70*,70*,0,4/19,4/19,0,games_rule; catches_rule; baseline_peel,games_rule: games +3 | catches_rule: catches +11 | baseline_peel: games -1 catches -9,0,
player,223,Jake Watson,ALL,33,34,1,27,27,0,406,406,0,0,0,0,2,6,4,59,59,0,,,0,games_rule; catches_rule; baseline_peel,games_rule: games +1 | catches_rule: catches +6 | baseline_peel: catches -2,0,
player,236,Jack Johnson,ALL,31,32,1,27,27,0,259,259,0,17,17,0,2,6,4,38,38,0,3/23,3/23,0,games_rule; catches_rule; baseline_peel,games_rule: games +1 | catches_rule: catches +6 | baseline_peel: catches -2,0,
player,268,Nathan Howell,ALL,26,29,3,23,23,0,160,160,0,32,32,0,4,4,0,47,47,0,5/28,5/28,0,games_rule; catches_rule; baseline_overlap; baseline_peel,games_rule: games +2 | catches_rule: catches +4 | baseline_overlap: games +1 | baseline_peel: catches -4,0,
player,328,Cadin Sturgess,ALL,22,22,0,19,19,0,198,198,0,2,2,0,4,10,6,30*,30*,0,1/5,1/5,0,catches_rule; baseline_peel,catches_rule: catches +9 | baseline_peel: catches -3,0,
player,407,Claire Litchfield,ALL,18,19,1,13,13,0,115,115,0,11,11,0,1,5,4,33,33,0,2/13,2/13,0,games_rule; catches_rule; baseline_peel,games_rule: games +1 | catches_rule: catches +5 | baseline_peel: catches -1,0,
player,463,Scott White,ALL,12,15,3,11,11,0,140,140,0,13,13,0,3,3,0,40*,40*,0,5/9,5/9,0,games_rule; catches_rule; baseline_peel,games_rule: games +3 | catches_rule: catches +3 | baseline_peel: catches -3,0,
player,9031,Tristan Clough,ALL,0,2,2,0,1,1,0,1,1,0,0,0,0,1,1,,1*,1,,,0,extra_central_match,extra_central_match: games +2 innings +1 runs +1 catches +1,0,
player,39,Raymond Smedley,ALL,163,165,2,155,155,0,3343,3343,0,39,39,0,123,124,1,113,113,0,5/14,5/14,0,games_rule; catches_rule; baseline_overlap; baseline_peel,games_rule: games +2 | catches_rule: catches +34 | baseline_overlap: games +1 | baseline_peel: games -1 catches -33,0,
player,130,Jesse Hickman,ALL,70,72,2,50,50,0,401,401,0,88,88,0,12,13,1,38,38,0,5/56,5/56,0,games_rule; catches_rule; baseline_overlap; baseline_peel,games_rule: games +2 | catches_rule: catches +12 | baseline_overlap: games +3 innings +2 runs +14 wickets +5 | baseline_peel: games -3 innings -2 runs -14 wickets -5 catches -11,0,
player,133,Hudson Malingre,ALL,72,73,1,30,30,0,158,158,0,80,80,0,13,16,3,23,23,0,5/29,5/29,0,games_rule; catches_rule; baseline_peel,games_rule: games +1 | catches_rule: catches +16 | baseline_peel: catches -13,0,
player,158,Danni Render,ALL,55,57,2,48,48,0,322,322,0,15,15,0,0,1,1,21*,21*,0,1/0,1/0,0,ladies_t20; catches_rule,ladies_t20: games +2 | catches_rule: catches +1,0,
player,159,Jake Pattison,ALL,54,55,1,36,37,1,321,321,0,53,53,0,16,19,3,28*,28*,0,5/4,5/4,0,games_rule; catches_rule; baseline_peel; figures_differ,games_rule: games +1 | catches_rule: catches +19 | baseline_peel: catches -16 | figures_differ: innings +1,0,
player,168,Jobin Muthukattil Kuriakose,ALL,48,49,1,28,28,0,142,142,0,30,30,0,3,6,3,22,22,0,3/25,3/25,0,games_rule; catches_rule; baseline_peel,games_rule: games +2 | catches_rule: catches +6 | baseline_peel: games -1 catches -3,0,
player,176,Brett Knight,ALL,52,54,2,35,35,0,341,341,0,49,49,0,2,3,1,40,40,0,4/17,4/17,0,games_rule; catches_rule,games_rule: games +2 | catches_rule: catches +1,0,
player,178,Norman Mcgough,ALL,45,47,2,25,25,0,131,131,0,0,0,0,9,10,1,30,30,0,,,0,games_rule; catches_rule; baseline_peel,games_rule: games +2 | catches_rule: catches +3 | baseline_peel: catches -2,0,
player,198,Brad Malingre,ALL,39,40,1,25,25,0,409,409,0,46,46,0,4,7,3,50*,50*,0,4/7,4/7,0,games_rule; catches_rule,games_rule: games +1 | catches_rule: catches +3,0,
player,220,George Young,ALL,34,35,1,14,14,0,76,76,0,16,16,0,8,11,3,16,16,0,3/15,3/15,0,games_rule; catches_rule; baseline_peel,games_rule: games +1 | catches_rule: catches +11 | baseline_peel: catches -8,0,
player,233,Jeffrey Petrie,ALL,37,38,1,36,36,0,801,801,0,35,35,0,9,12,3,70,70,0,6/29,6/29,0,extra_central_match; games_rule; catches_rule; baseline_peel; unexplained,extra_central_match: games +1 innings +1 runs +35 | games_rule: games +1 | catches_rule: catches +12 | baseline_peel: catches -9 | unexplained: games -1 innings -1 runs -35,0,
player,245,Lochlan Hill,ALL,30,31,1,21,23,2,132,132,0,6,6,0,3,6,3,34,31,1,2/28,2/28,0,extra_central_match; games_rule; catches_rule; baseline_peel; figures_differ; unexplained,extra_central_match: games +1 | games_rule: games +1 | catches_rule: catches +6 | baseline_peel: catches -3 | figures_differ: innings +2 | unexplained: games -1,0,
player,275,Amninder Singh,ALL,23,25,2,19,19,0,192,192,0,7,7,0,1,2,1,42,42,0,3/3,3/3,0,games_rule; catches_rule; baseline_peel,games_rule: games +2 | catches_rule: catches +2 | baseline_peel: catches -1,0,
player,278,Jason R Davey,ALL,28,29,1,23,23,0,309,309,0,0,0,0,11,14,3,41,41,0,,,0,extra_central_match; games_rule; catches_rule; baseline_peel; unexplained,extra_central_match: games +1 innings +1 runs +1 | games_rule: games +1 | catches_rule: catches +14 | baseline_peel: catches -11 | unexplained: games -1 innings -1 runs -1,0,
player,297,Dom Asson,ALL,26,26,0,13,13,0,92,92,0,16,16,0,6,11,5,20,20,0,2/10,2/10,0,extra_central_match; games_rule; catches_rule; baseline_peel; unexplained,extra_central_match: games +1 | games_rule: games +1 | catches_rule: catches +11 | baseline_peel: games -1 catches -6 | unexplained: games -1,0,
player,302,Sean Nye,ALL,24,26,2,24,24,0,325,325,0,0,0,0,7,8,1,54,54,0,,,0,games_rule; catches_rule; baseline_peel,games_rule: games +2 | catches_rule: catches +2 | baseline_peel: catches -1,0,
player,306,Trae Rehutai,ALL,21,21,0,10,10,0,49,49,0,7,7,0,7,12,5,16,16,0,2/30,2/30,0,catches_rule; baseline_peel,catches_rule: catches +12 | baseline_peel: catches -7,0,
player,337,Ethan Mael,ALL,17,17,0,16,16,0,180,180,0,1,1,0,0,5,5,40,40,0,1/13,1/13,0,catches_rule,catches_rule: catches +5,0,
player,356,Darryl Muller,ALL,16,17,1,11,11,0,135,135,0,17,17,0,0,3,3,40,40,0,4/10,4/10,0,games_rule; catches_rule,games_rule: games +1 | catches_rule: catches +3,0,
player,431,Jack Sadler,ALL,12,14,2,7,7,0,55,55,0,18,18,0,0,1,1,32*,32*,0,4/13,4/13,0,games_rule; catches_rule,games_rule: games +2 | catches_rule: catches +1,0,
player,472,Toby Leavy,ALL,9,10,1,4,4,0,6,6,0,4,4,0,0,3,3,5,5,0,2/30,2/30,0,games_rule; catches_rule,games_rule: games +1 | catches_rule: catches +3,0,
player,486,Jordan Cole,ALL,8,9,1,5,5,0,14,14,0,12,12,0,0,3,3,10*,10*,0,5/18,5/18,0,games_rule; catches_rule,games_rule: games +1 | catches_rule: catches +3,0,
player,517,Kiran Mellacheruvu,ALL,12,13,1,6,6,0,19,19,0,23,23,0,0,3,3,9,9,0,6/11,6/11,0,games_rule; catches_rule,games_rule: games +1 | catches_rule: catches +3,0,
player,712,W Hancock,ALL,11,11,0,11,11,0,179,179,0,0,0,0,0,5,5,52*,52*,0,,,0,catches_rule,catches_rule: catches +5,0,
player,1,Chris Phelps,ALL,406,407,1,338,338,0,7814,7814,0,616,616,0,132,134,2,162*,162*,0,8/12,8/12,0,games_rule; catches_rule; baseline_overlap; baseline_peel,games_rule: games +19 | catches_rule: catches +77 | baseline_overlap: games +1 | baseline_peel: games -19 catches -75,0,
player,8,Roger Wren,ALL,291,293,2,189,189,0,2024,2024,0,400,400,0,96,96,0,157,157,0,7/54,7/54,0,games_rule; catches_rule; baseline_peel,games_rule: games +2 | catches_rule: catches +31 | baseline_peel: catches -31,0,
player,117,Blake Allen,ALL,79,81,2,49,49,0,366,366,0,63,63,0,15,15,0,74,74,0,5/20,5/20,0,extra_central_match; games_rule; catches_rule; baseline_peel; unexplained,extra_central_match: games +1 wickets +3 | games_rule: games +2 | catches_rule: catches +1 | baseline_peel: catches -1 | unexplained: games -1 wickets -3,0,
player,118,Dale Gumbleton,ALL,73,75,2,60,60,0,982,982,0,4,4,0,57,57,0,71,71,0,2/7,2/7,0,games_rule; baseline_overlap; baseline_peel,games_rule: games +2 | baseline_overlap: games +2 | baseline_peel: games -2,0,central files some A Grade matches as PPL
player,136,Keelan Beattie,ALL,64,66,2,53,53,0,942,942,0,5,5,0,16,16,0,65*,65*,0,2/7,2/7,0,games_rule,games_rule: games +2,0,
player,171,Natasha Bradley,ALL,47,49,2,45,45,0,345,345,0,17,17,0,0,0,0,20,20,0,3/9,3/9,0,ladies_t20,ladies_t20: games +2,0,
player,187,William Lambert,ALL,42,43,1,36,37,1,307,307,0,34,34,0,1,3,2,26,26,0,4/10,4/10,0,games_rule; catches_rule; baseline_peel; figures_differ,games_rule: games +1 | catches_rule: catches +3 | baseline_peel: catches -1 | figures_differ: innings +1,0,
player,190,Thomas Smith,ALL,41,42,1,35,35,0,491,491,0,0,0,0,14,16,2,56,56,0,,,0,games_rule; catches_rule; baseline_peel,games_rule: games +3 | catches_rule: catches +16 | baseline_peel: games -2 catches -14,0,
player,215,Craig Forbes,ALL,35,37,2,35,35,0,725,725,0,6,6,0,13,13,0,86,86,0,2/8,2/8,0,games_rule,games_rule: games +2,0,
player,227,Wayne Beaton,ALL,32,34,2,29,29,0,432,432,0,65,65,0,15,15,0,35,35,0,7/44,7/44,0,games_rule; catches_rule; baseline_peel,games_rule: games +2 | catches_rule: catches +3 | baseline_peel: catches -3,0,
player,238,Sachin Johnson,ALL,30,32,2,23,23,0,266,266,0,4,4,0,7,7,0,73*,73*,0,2/4,2/4,0,games_rule; catches_rule; baseline_peel,games_rule: games +3 | catches_rule: catches +7 | baseline_peel: games -1 catches -7,0,
player,254,Jordan Brokate,ALL,29,31,2,16,16,0,166,166,0,46,46,0,6,6,0,59*,59*,0,4/12,4/12,0,games_rule; baseline_overlap,games_rule: games +1 | baseline_overlap: games +1,0,central files some A Grade matches as PPL
player,280,Ben Higton,ALL,22,24,2,13,13,0,261,261,0,29,29,0,2,2,0,46,46,0,3/6,3/6,0,games_rule,games_rule: games +2,0,
player,288,Oliver Davidson,ALL,22,23,1,17,17,0,365,365,0,41,41,0,9,11,2,88*,88*,0,6/10,6/10,0,games_rule; catches_rule; baseline_peel,games_rule: games +1 | catches_rule: catches +11 | baseline_peel: catches -9,0,
player,319,Will Eason,ALL,19,19,0,19,19,0,317,317,0,15,15,0,2,6,4,57*,57*,0,2/8,2/8,0,catches_rule; baseline_overlap; baseline_peel,catches_rule: catches +5 | baseline_overlap: games +1 innings +1 runs +6 catches +1 | baseline_peel: games -1 innings -1 runs -6 catches -2,0,
player,323,Matthew Hardie,ALL,18,18,0,15,15,0,111,111,0,13,13,0,2,6,4,26,26,0,2/10,2/10,0,catches_rule; baseline_peel,catches_rule: catches +5 | baseline_peel: catches -1,0,
player,373,Daniel Higham,ALL,15,17,2,12,12,0,69,69,0,25,25,0,2,2,0,36,36,0,6/15,6/15,0,games_rule; catches_rule; baseline_peel,games_rule: games +2 | catches_rule: catches +2 | baseline_peel: catches -2,0,central files some A Grade matches as PPL
player,441,Phillip Craig,ALL,11,11,0,9,9,0,104,104,0,13,13,0,0,4,4,36,36,0,3/31,3/31,0,catches_rule,catches_rule: catches +4,0,
player,448,Kirk Griffiths,ALL,12,13,1,10,10,0,36,36,0,3,3,0,0,2,2,12*,12*,0,1/3,1/3,0,games_rule; catches_rule,games_rule: games +1 | catches_rule: catches +2,0,
player,460,Matthew Reilly,ALL,13,15,2,10,10,0,209,209,0,12,12,0,7,7,0,60*,60*,0,3/28,3/28,0,games_rule; catches_rule; baseline_peel,games_rule: games +3 | catches_rule: catches +1 | baseline_peel: games -1 catches -1,0,central files some A Grade matches as PPL
player,482,Timothy Lees,ALL,8,10,2,6,6,0,37,37,0,5,5,0,3,3,0,25,25,0,2/10,2/10,0,games_rule; catches_rule; baseline_peel,games_rule: games +2 | catches_rule: catches +3 | baseline_peel: catches -3,0,
player,510,Jake Smoker,ALL,16,17,1,13,13,0,230,230,0,21,21,0,1,3,2,46,46,0,4/26,4/26,0,games_rule; catches_rule,games_rule: games +1 | catches_rule: catches +2,0,
player,512,Jarvis Pina,ALL,6,8,2,5,5,0,27,27,0,0,0,0,1,1,0,9,9,0,,,0,games_rule,games_rule: games +2,0,
player,536,Steve Capener,ALL,5,6,1,3,3,0,1,1,0,0,0,0,0,2,2,1,1,0,,,0,games_rule; catches_rule,games_rule: games +1 | catches_rule: catches +2,0,
player,545,Hayze Griffiths,ALL,4,2,-2,2,2,0,10,10,0,0,0,0,1,1,0,10,10,0,,,0,unlinked_identity,unlinked_identity: games -2,0,
player,546,Riley Arrowsmith,ALL,3,4,1,2,2,0,8,8,0,0,0,0,3,5,2,5,5,0,,,0,extra_central_match; games_rule; catches_rule; baseline_peel; unexplained,extra_central_match: games +1 | games_rule: games +1 | catches_rule: catches +5 | baseline_peel: catches -3 | unexplained: games -1,0,
player,585,Shaun Spiers,ALL,6,7,1,4,4,0,23,23,0,4,4,0,0,2,2,20,20,0,3/7,3/7,0,games_rule; catches_rule,games_rule: games +1 | catches_rule: catches +2,0,
player,692,Jackson Merrett,ALL,1,3,2,1,1,0,1,1,0,1,1,0,1,1,0,1,1,0,1/27,1/27,0,games_rule,games_rule: games +2,0,
player,723,Michael Harrison,ALL,5,5,0,4,4,0,46,46,0,2,2,0,0,4,4,16*,16*,0,1/21,1/21,0,catches_rule,catches_rule: catches +4,0,
player,9035,Jake Withers,ALL,0,1,1,0,1,1,0,0,0,0,0,0,0,2,2,,0,1,,,0,extra_central_match,extra_central_match: games +1 innings +1 catches +2,0,
player,22,Justin Lockyer,ALL,211,212,1,195,195,0,2437,2437,0,285,285,0,53,54,1,74,74,0,5/12,5/12,0,games_rule; catches_rule; baseline_peel,games_rule: games +1 | catches_rule: catches +8 | baseline_peel: catches -7,0,
player,75,Jacob Barnes,ALL,109,110,1,88,88,0,1489,1489,0,52,52,0,18,19,1,115,115,0,5/16,5/16,0,extra_central_match; games_rule; catches_rule; baseline_overlap; baseline_peel; unexplained,extra_central_match: games +1 | games_rule: games +1 | catches_rule: catches +2 | baseline_overlap: games +1 | baseline_peel: games -1 catches -1 | unexplained: games -1,0,
player,184,Ashley Dhu,ALL,44,45,1,40,40,0,553,553,0,3,3,0,43,44,1,64,64,0,3/18,3/18,0,games_rule; catches_rule; baseline_peel,games_rule: games +11 | catches_rule: catches +26 | baseline_peel: games -10 catches -25,0,
player,225,Michael Mackenzie,ALL,32,33,1,32,32,0,885,885,0,15,15,0,1,2,1,76,76,0,3/28,3/28,0,games_rule; catches_rule; baseline_peel,games_rule: games +1 | catches_rule: catches +2 | baseline_peel: catches -1,0,
player,226,Campbell Lockyer,ALL,35,36,1,28,28,0,551,551,0,21,21,0,3,4,1,110*,110*,0,3/39,3/39,0,games_rule; catches_rule; baseline_peel,games_rule: games +1 | catches_rule: catches +4 | baseline_peel: catches -3,0,
player,232,Kim Nicholson,ALL,34,35,1,33,33,0,682,682,0,18,18,0,0,1,1,42*,42*,0,3/4,3/4,0,ladies_t20; catches_rule,ladies_t20: games +1 | catches_rule: catches +1,0,
player,235,Mason Head,ALL,31,31,0,26,26,0,349,349,0,2,2,0,27,30,3,55*,55*,0,1/21,1/21,0,catches_rule; baseline_peel,catches_rule: catches +30 | baseline_peel: catches -27,0,
player,255,Sara Walsh,ALL,36,37,1,11,11,0,39,39,0,0,0,0,0,1,1,15,15,0,,,0,games_rule; catches_rule,games_rule: games +1 | catches_rule: catches +1,0,
player,291,Owen Phelps,ALL,27,27,0,26,27,1,241,241,0,33,33,0,2,5,3,36,36,0,5/14,5/14,0,catches_rule; baseline_peel; figures_differ,catches_rule: catches +5 | baseline_peel: catches -2 | figures_differ: innings +1,0,
player,313,Timothy Allen,ALL,27,27,0,13,13,0,62,62,0,24,24,0,9,12,3,12*,12*,0,4/28,4/28,0,games_rule; catches_rule; baseline_peel,games_rule: games +1 | catches_rule: catches +11 | baseline_peel: games -1 catches -8,0,
player,314,Jared King,ALL,25,26,1,12,12,0,32,32,0,25,25,0,8,9,1,11,11,0,3/19,3/19,0,games_rule; catches_rule; baseline_peel,games_rule: games +1 | catches_rule: catches +8 | baseline_peel: catches -7,0,
player,363,Sophie Phelps,ALL,20,21,1,4,4,0,19,19,0,12,12,0,0,1,1,7*,7*,0,3/13,3/13,0,games_rule; catches_rule; baseline_peel,games_rule: games +2 | catches_rule: catches +1 | baseline_peel: games -1,0,
player,413,Ellie Lovell,ALL,21,22,1,5,5,0,30,30,0,18,18,0,0,1,1,10,10,0,3/22,3/22,0,games_rule; catches_rule,games_rule: games +1 | catches_rule: catches +1,0,
player,416,Brendan Lee,ALL,12,13,1,12,12,0,212,212,0,23,23,0,0,1,1,53*,53*,0,4/7,4/7,0,games_rule; catches_rule,games_rule: games +1 | catches_rule: catches +1,0,
player,445,Derek Winter-Pike,ALL,11,11,0,11,11,0,65,65,0,0,0,0,0,3,3,22,22,0,,,0,catches_rule,catches_rule: catches +3,0,
player,461,Daniel Krepevin,ALL,17,17,0,13,13,0,202,202,0,2,2,0,1,4,3,87,87,0,1/23,1/23,0,catches_rule,catches_rule: catches +3,0,central files some A Grade matches as PPL
player,466,Shaun Atkins,ALL,18,18,0,17,17,0,371,371,0,5,5,0,1,4,3,76*,76*,0,2/19,2/19,0,games_rule; catches_rule; baseline_peel,games_rule: games +1 | catches_rule: catches +3 | baseline_peel: games -1,0,
player,497,Jacob Oosterhuis,ALL,7,8,1,6,6,0,29,29,0,0,0,0,0,1,1,17,17,0,,,0,games_rule; catches_rule,games_rule: games +1 | catches_rule: catches +1,0,
player,514,Conor Burns,ALL,6,7,1,5,5,0,15,15,0,4,4,0,0,1,1,10*,10*,0,2/27,2/27,0,games_rule; catches_rule,games_rule: games +1 | catches_rule: catches +1,0,
player,524,Aimee Latham,ALL,9,9,0,7,7,0,190,190,0,4,4,0,1,4,3,77*,77*,0,2/26,2/26,0,catches_rule; baseline_peel,catches_rule: catches +4 | baseline_peel: catches -1,0,
player,525,Shane Lomman,ALL,5,6,1,5,5,0,145,145,0,1,1,0,0,1,1,100*,100*,0,1/14,1/14,0,games_rule; catches_rule,games_rule: games +1 | catches_rule: catches +1,0,
player,537,Sabrina Evans,ALL,13,14,1,5,5,0,16,16,0,2,2,0,1,2,1,6,6,0,2/23,2/23,0,games_rule; catches_rule; baseline_peel,games_rule: games +1 | catches_rule: catches +2 | baseline_peel: catches -1,0,
player,550,Chris Palmer,ALL,4,4,0,4,4,0,2,2,0,3,3,0,0,3,3,1,1,0,2/28,2/28,0,catches_rule,catches_rule: catches +3,0,
player,564,Ryan Jessen,ALL,3,3,0,3,3,0,13,13,0,2,2,0,0,3,3,11,11,0,1/25,1/25,0,catches_rule,catches_rule: catches +3,0,
player,698,Mark Chaplehow,ALL,3,4,1,2,2,0,51,51,0,0,0,0,0,1,1,35*,35*,0,,,0,games_rule; catches_rule,games_rule: games +1 | catches_rule: catches +1,0,
player,9021,Chris Moody,ALL,2,2,0,2,2,0,28,28,0,0,0,0,0,3,3,23,23,0,,,0,catches_rule,catches_rule: catches +3,0,
player,9032,Peter Moir,ALL,0,1,1,0,0,0,0,0,0,0,0,0,0,1,1,,,0,,,0,extra_central_match,extra_central_match: games +1 catches +1,0,
player,9033,Brad Holmes,ALL,0,1,1,0,1,1,0,1,1,0,0,0,0,0,0,,1*,1,,,0,extra_central_match,extra_central_match: games +1 innings +1 runs +1,0,
player,9038,Josh McGee,ALL,0,1,1,0,1,1,0,1,1,0,0,0,0,0,0,,1,1,,,0,extra_central_match,extra_central_match: games +1 innings +1 runs +1,0,
player,26,Andrew Kelman,ALL,186,186,0,175,175,0,3808,3808,0,160,160,0,94,96,2,145*,145*,0,6/24,6/24,0,games_rule; catches_rule; baseline_peel,games_rule: games +12 | catches_rule: catches +55 | baseline_peel: games -12 catches -53,0,
player,37,Glen Cruickshank,ALL,178,179,1,161,161,0,3019,3019,0,88,88,0,97,97,0,100*,100*,0,4/12,4/12,0,games_rule; catches_rule; baseline_peel,games_rule: games +10 | catches_rule: catches +33 | baseline_peel: games -9 catches -33,0,
player,87,Daniel Rackham,ALL,97,98,1,94,94,0,759,759,0,0,0,0,23,23,0,54,54,0,,,0,games_rule; catches_rule; baseline_peel,games_rule: games +5 | catches_rule: catches +17 | baseline_peel: games -4 catches -17,0,
player,101,Joshua Quaid,ALL,84,85,1,78,78,0,1172,1172,0,12,12,0,52,52,0,75*,75*,0,2/3,2/3,0,games_rule; catches_rule; baseline_peel,games_rule: games +3 | catches_rule: catches +30 | baseline_peel: games -2 catches -30,0,
player,122,Mark Cruickshank,ALL,72,73,1,66,66,0,940,940,0,0,0,0,48,48,0,88,88,0,,,0,games_rule; catches_rule; baseline_peel,games_rule: games +2 | catches_rule: catches +17 | baseline_peel: games -1 catches -17,0,
player,140,Bradley Smith,ALL,70,71,1,65,65,0,1073,1073,0,3,3,0,15,15,0,81,81,0,1/7,1/7,0,games_rule; baseline_peel,games_rule: games +2 | baseline_peel: games -1,0,
player,167,Russell Moffat,ALL,48,49,1,38,38,0,562,562,0,19,19,0,15,15,0,96*,96*,0,5/16,5/16,0,games_rule; catches_rule; baseline_peel,games_rule: games +3 | catches_rule: catches +15 | baseline_peel: games -2 catches -15,0,
player,169,Kim Buchholz,ALL,50,51,1,42,42,0,545,545,0,1,1,0,27,27,0,62,62,0,1/27,1/27,0,games_rule,games_rule: games +1,0,
player,175,Shreyas Dighe,ALL,45,46,1,22,22,0,91,91,0,33,33,0,7,7,0,33,33,0,5/35,5/35,0,games_rule; catches_rule; baseline_peel,games_rule: games +1 | catches_rule: catches +7 | baseline_peel: catches -7,0,
player,181,Julie Ophel,ALL,45,46,1,42,42,0,457,457,0,28,28,0,0,0,0,22*,22*,0,3/8,3/8,0,ladies_t20,ladies_t20: games +1,0,
player,195,Ian White,ALL,48,49,1,39,39,0,509,509,0,45,45,0,15,15,0,64*,64*,0,5/29,5/29,0,games_rule; catches_rule; baseline_peel,games_rule: games +1 | catches_rule: catches +11 | baseline_peel: catches -11,0,
player,203,Bradley Lee,ALL,38,39,1,22,22,0,205,205,0,46,46,0,6,6,0,41,41,0,3/13,3/13,0,games_rule; catches_rule; baseline_peel,games_rule: games +1 | catches_rule: catches +4 | baseline_peel: catches -4,0,
player,204,Eligh Frunks,ALL,37,38,1,14,14,0,92,92,0,18,18,0,6,6,0,38,38,0,2/6,2/6,0,games_rule; catches_rule; baseline_peel,games_rule: games +1 | catches_rule: catches +6 | baseline_peel: catches -6,0,
player,208,Nigel Brittain,ALL,37,38,1,31,31,0,147,147,0,53,53,0,14,14,0,20*,20*,0,5/29,5/29,0,games_rule; catches_rule; baseline_peel,games_rule: games +1 | catches_rule: catches +6 | baseline_peel: catches -6,0,
player,209,Damien Burrage,ALL,37,38,1,33,33,0,615,615,0,25,25,0,10,10,0,58,58,0,3/35,3/35,0,games_rule; catches_rule; baseline_peel,games_rule: games +2 | catches_rule: catches +1 | baseline_peel: games -1 catches -1,0,
player,214,Jessica Bradley,ALL,44,45,1,41,41,0,1720,1720,0,32,32,0,4,4,0,101,101,0,3/8,3/8,0,games_rule; catches_rule; baseline_peel,games_rule: games +1 | catches_rule: catches +1 | baseline_peel: catches -1,0,
player,224,Mitchell Caine,ALL,35,36,1,17,17,0,156,156,0,20,20,0,10,10,0,32,32,0,3/8,3/8,0,games_rule; catches_rule; baseline_peel,games_rule: games +1 | catches_rule: catches +10 | baseline_peel: catches -10,0,
player,230,Hayden Brokate,ALL,33,34,1,21,21,0,177,177,0,39,39,0,1,1,0,30*,30*,0,4/29,4/29,0,games_rule; catches_rule; baseline_peel,games_rule: games +1 | catches_rule: catches +1 | baseline_peel: catches -1,0,
player,234,Tiana Arrowsmith,ALL,36,36,0,35,35,0,434,434,0,1,1,0,0,2,2,46,46,0,1/6,1/6,0,games_rule; catches_rule; baseline_peel,games_rule: games +1 | catches_rule: catches +2 | baseline_peel: games -1,0,
player,240,Ethan Kavanagh,ALL,31,31,0,19,19,0,121,121,0,31,31,0,5,7,2,25,25,0,5/10,5/10,0,catches_rule; baseline_peel,catches_rule: catches +7 | baseline_peel: catches -5,0,
player,242,Daniel Krepervin,ALL,30,30,0,28,28,0,603,603,0,0,0,0,1,3,2,100*,100*,0,,,0,catches_rule; baseline_peel,catches_rule: catches +3 | baseline_peel: catches -1,0,
player,246,Bret Lambert,ALL,30,31,1,24,24,0,105,105,0,10,10,0,0,0,0,34,34,0,2/11,2/11,0,games_rule,games_rule: games +1,0,
player,251,Aaron Watkins,ALL,29,30,1,25,25,0,451,451,0,27,27,0,21,21,0,72,72,0,4/22,4/22,0,games_rule; catches_rule; baseline_overlap; baseline_peel,games_rule: games +1 | catches_rule: catches +17 | baseline_overlap: games +1 | baseline_peel: games -1 catches -17,0,
player,258,Christopher Walsh,ALL,28,28,0,17,17,0,114,114,0,26,26,0,4,6,2,22,22,0,3/8,3/8,0,catches_rule; baseline_peel,catches_rule: catches +6 | baseline_peel: catches -4,0,
player,259,Wayde Blom,ALL,34,35,1,29,29,0,818,818,0,1,1,0,9,9,0,77,77,0,1/41,1/41,0,games_rule,games_rule: games +1,0,
player,267,Oscar Smith,ALL,31,31,0,28,28,0,638,638,0,26,26,0,10,12,2,71*,71*,0,5/30,5/30,0,extra_central_match; catches_rule; baseline_peel; unexplained,extra_central_match: games +1 | catches_rule: catches +12 | baseline_peel: catches -10 | unexplained: games -1,0,
player,271,Aaron Burrage,ALL,25,26,1,22,22,0,581,581,0,29,29,0,6,6,0,101,101,0,4/11,4/11,0,games_rule; catches_rule; baseline_peel,games_rule: games +1 | catches_rule: catches +1 | baseline_peel: catches -1,0,
player,274,Ethan White,ALL,19,20,1,16,16,0,170,170,0,5,5,0,0,0,0,61,61,0,2/23,2/23,0,games_rule; baseline_overlap; baseline_peel,games_rule: games +1 | baseline_overlap: games +1 innings +1 runs +5 | baseline_peel: games -1 innings -1 runs -5,0,
player,293,Michelle Morgan,ALL,23,24,1,23,23,0,187,187,0,14,14,0,0,0,0,25*,25*,0,3/12,3/12,0,ladies_t20,ladies_t20: games +1,0,
player,300,Brooke Burns,ALL,21,22,1,19,19,0,521,521,0,11,11,0,0,0,0,55,55,0,4/7,4/7,0,ladies_t20,ladies_t20: games +1,0,
player,307,Shannon Wright,ALL,20,21,1,19,19,0,547,547,0,1,1,0,6,6,0,72*,72*,0,1/31,1/31,0,games_rule; catches_rule; baseline_peel,games_rule: games +2 | catches_rule: catches +1 | baseline_peel: games -1 catches -1,0,
player,316,Lucius Hysen,ALL,22,23,1,20,20,0,353,353,0,1,1,0,7,7,0,61*,61*,0,1/6,1/6,0,extra_central_match; games_rule; catches_rule; baseline_peel; unexplained,extra_central_match: games +1 innings +1 runs +33 | games_rule: games +1 | catches_rule: catches +7 | baseline_peel: catches -7 | unexplained: games -1 innings -1 runs -33,0,
player,318,Peter Brear,ALL,24,25,1,24,24,0,431,431,0,0,0,0,3,3,0,57,57,0,,,0,games_rule; baseline_peel,games_rule: games +2 | baseline_peel: games -1,0,
player,320,Mathew Branchi,ALL,19,20,1,15,15,0,174,174,0,2,2,0,0,0,0,45,45,0,2/10,2/10,0,games_rule,games_rule: games +1,0,
player,333,Ben Mcinnes,ALL,18,19,1,10,10,0,46,46,0,18,18,0,7,7,0,16,16,0,4/26,4/26,0,games_rule,games_rule: games +1,0,central files some A Grade matches as PPL
player,336,Suelee Christie,ALL,17,18,1,16,16,0,198,198,0,2,2,0,0,0,0,22*,22*,0,1/2,1/2,0,ladies_t20,ladies_t20: games +1,0,
player,344,Alex Garbin,ALL,17,18,1,10,10,0,42,42,0,11,11,0,0,0,0,14,14,0,4/31,4/31,0,games_rule,games_rule: games +1,0,
player,347,Bradley Rayment,ALL,16,17,1,14,14,0,422,422,0,18,18,0,2,2,0,104,104,0,4/45,4/45,0,games_rule; catches_rule; baseline_peel,games_rule: games +2 | catches_rule: catches +1 | baseline_peel: games -1 catches -1,0,
player,353,Dean Ryan,ALL,16,16,0,11,11,0,150,150,0,18,18,0,0,2,2,35,35,0,4/10,4/10,0,catches_rule,catches_rule: catches +2,0,
player,369,Emmett Hambley,ALL,15,16,1,13,14,1,207,207,0,4,4,0,4,4,0,65,65,0,2/19,2/19,0,extra_central_match; games_rule; figures_differ; unexplained,extra_central_match: games +1 wickets +1 | games_rule: games +1 | figures_differ: innings +1 | unexplained: games -1 wickets -1,0,
player,383,Rahul Singh,ALL,14,15,1,12,12,0,148,148,0,1,1,0,0,0,0,37,37,0,1/25,1/25,0,games_rule,games_rule: games +1,0,
player,384,Thomas Stack,ALL,14,15,1,12,12,0,99,99,0,0,0,0,0,0,0,47,47,0,,,0,games_rule,games_rule: games +1,0,
player,386,John Pyle,ALL,16,17,1,11,11,0,89,89,0,19,19,0,6,6,0,26,26,0,5/5,5/5,0,games_rule,games_rule: games +1,0,
player,390,Harrison Klasztorny,ALL,14,14,0,10,10,0,34,34,0,2,2,0,2,4,2,8*,8*,0,1/3,1/3,0,catches_rule,catches_rule: catches +2,0,
player,392,Drew Mccarthy,ALL,14,15,1,13,13,0,282,282,0,14,14,0,4,4,0,60*,60*,0,3/11,3/11,0,games_rule,games_rule: games +1,0,
player,395,Nicholas Garbin,ALL,13,14,1,11,11,0,183,183,0,12,12,0,0,0,0,78,78,0,3/19,3/19,0,games_rule,games_rule: games +1,0,
player,420,Phil Miolin,ALL,12,12,0,7,7,0,154,154,0,15,15,0,3,5,2,65*,65*,0,5/18,5/18,0,games_rule; catches_rule; baseline_overlap; baseline_peel,games_rule: games +1 | catches_rule: catches +5 | baseline_overlap: games +1 | baseline_peel: games -2 catches -3,0,
player,430,Jacob Hodson,ALL,14,15,1,9,9,0,56,56,0,26,26,0,7,7,0,36,36,0,5/27,5/27,0,games_rule; catches_rule; baseline_peel,games_rule: games +1 | catches_rule: catches +5 | baseline_peel: catches -5,0,
player,433,Blake Coomber,ALL,13,14,1,7,7,0,19,19,0,6,6,0,0,0,0,8,8,0,2/11,2/11,0,games_rule,games_rule: games +1,0,
player,446,Caleb Woodward,ALL,11,11,0,8,8,0,58,58,0,2,2,0,0,2,2,19,19,0,1/21,1/21,0,catches_rule,catches_rule: catches +2,0,
player,447,Neil Schmid,ALL,11,12,1,7,7,0,44,44,0,5,5,0,0,0,0,21*,21*,0,3/6,3/6,0,games_rule,games_rule: games +1,0,
player,449,Paul Burns,ALL,11,12,1,6,6,0,21,21,0,0,0,0,0,0,0,12,12,0,,,0,games_rule,games_rule: games +1,0,
player,453,Kellie Grant,ALL,10,11,1,10,10,0,282,282,0,5,5,0,0,0,0,39,39,0,1/5,1/5,0,ladies_t20,ladies_t20: games +1,0,
player,456,Michael Dwyer,ALL,11,11,0,10,10,0,67,67,0,13,13,0,3,5,2,19,19,0,3/40,3/40,0,catches_rule; baseline_peel,catches_rule: catches +5 | baseline_peel: catches -3,0,
player,465,Luke Brock,ALL,9,10,1,7,7,0,69,69,0,0,0,0,2,2,0,18,18,0,,,0,games_rule,games_rule: games +1,0,central files some A Grade matches as PPL
player,467,Lee Chapman,ALL,9,9,0,6,6,0,52,52,0,14,14,0,1,3,2,20*,20*,0,4/9,4/9,0,catches_rule; baseline_peel,catches_rule: catches +3 | baseline_peel: catches -1,0,
player,477,Ange Williams,ALL,8,9,1,8,8,0,116,116,0,3,3,0,0,0,0,26*,26*,0,2/15,2/15,0,ladies_t20,ladies_t20: games +1,0,
player,479,Ellis Miah,ALL,8,9,1,8,8,0,83,83,0,6,6,0,3,3,0,18,18,0,2/18,2/18,0,games_rule; catches_rule; baseline_peel,games_rule: games +1 | catches_rule: catches +3 | baseline_peel: catches -3,0,
player,487,Harley Murphy,ALL,8,9,1,4,4,0,14,14,0,8,8,0,0,0,0,11,11,0,5/36,5/36,0,games_rule,games_rule: games +1,0,
player,490,Scott Buchholz,ALL,7,8,1,2,2,0,0,0,0,12,12,0,5,5,0,0*,0*,0,5/32,5/32,0,games_rule,games_rule: games +1,0,
player,491,Christopher Davenport,ALL,7,7,0,7,7,0,148,148,0,12,12,0,0,2,2,68,68,0,4/17,4/17,0,catches_rule,catches_rule: catches +2,0,
player,492,Donna Pocklington,ALL,7,8,1,7,7,0,66,66,0,1,1,0,0,0,0,15,15,0,1/8,1/8,0,ladies_t20,ladies_t20: games +1,0,
player,499,Sam Lovell,ALL,6,7,1,6,6,0,28,28,0,0,0,0,2,2,0,13*,13*,0,,,0,games_rule; catches_rule; baseline_peel,games_rule: games +1 | catches_rule: catches +2 | baseline_peel: catches -2,0,
player,501,Rhys Jeffers,ALL,7,7,0,3,3,0,18,18,0,5,5,0,0,2,2,8,8,0,2/25,2/25,0,catches_rule,catches_rule: catches +2,0,
player,502,Jackson Chipperfield,ALL,7,8,1,6,6,0,9,9,0,2,2,0,0,0,0,8*,8*,0,2/25,2/25,0,games_rule,games_rule: games +1,0,
player,503,Shaylah Oosterhuis,ALL,7,8,1,2,2,0,1,1,0,2,2,0,0,0,0,1,1,0,1/14,1/14,0,games_rule,games_rule: games +1,0,
player,513,Emma Tennent,ALL,6,7,1,5,5,0,26,26,0,1,1,0,0,0,0,7*,7*,0,1/11,1/11,0,ladies_t20,ladies_t20: games +1,0,
player,527,Michelle Owen,ALL,5,6,1,5,5,0,67,67,0,4,4,0,0,0,0,25,25,0,3/9,3/9,0,ladies_t20,ladies_t20: games +1,0,
player,529,Sarah Christie,ALL,5,6,1,5,5,0,30,30,0,2,2,0,0,0,0,10*,10*,0,1/9,1/9,0,ladies_t20,ladies_t20: games +1,0,
player,535,Kaedyn Billing,ALL,4,3,-1,3,3,0,2,2,0,2,2,0,0,0,0,1,1,0,2/14,2/14,0,unlinked_identity,unlinked_identity: games -1,0,
player,567,Mattheau Clune,ALL,3,4,1,2,2,0,5,5,0,0,0,0,0,0,0,5,5,0,,,0,games_rule,games_rule: games +1,0,
player,571,Adam Corak,ALL,3,4,1,1,1,0,0,0,0,0,0,0,3,3,0,0,0,0,,,0,games_rule,games_rule: games +1,0,
player,572,Jazz Jones,ALL,3,2,-1,1,1,0,0,0,0,0,0,0,0,0,0,0,0,0,,,0,unlinked_identity,unlinked_identity: games -1,0,
player,582,Dominik Singh,ALL,2,2,0,2,2,0,23,23,0,0,0,0,0,2,2,23,23,0,,,0,catches_rule,catches_rule: catches +2,0,
player,586,Zac Rush,ALL,2,3,1,2,2,0,16,16,0,2,2,0,0,0,0,16*,16*,0,1/14,1/14,0,games_rule,games_rule: games +1,0,
player,593,Michael Doherty,ALL,2,3,1,1,1,0,7,7,0,0,0,0,2,2,0,7,7,0,,,0,games_rule; catches_rule; baseline_peel,games_rule: games +1 | catches_rule: catches +2 | baseline_peel: catches -2,0,
player,596,Jack Wood,ALL,2,3,1,2,2,0,7,7,0,0,0,0,0,0,0,6,6,0,,,0,games_rule,games_rule: games +1,0,
player,691,Clinton Hinchliffe,ALL,1,2,1,1,1,0,2,2,0,1,1,0,0,0,0,2,2,0,1/18,1/18,0,games_rule,games_rule: games +1,0,
player,710,Ashton Lloyd,ALL,2,2,0,1,1,0,33,33,0,4,4,0,0,2,2,33,33,0,3/47,3/47,0,catches_rule,catches_rule: catches +2,0,
player,750,Kyle Penny,ALL,1,2,1,1,1,0,1,1,0,1,1,0,0,0,0,1,1,0,1/39,1/39,0,games_rule,games_rule: games +1,0,
player,772,Tim Springett,ALL,1,1,0,1,1,0,0,0,0,1,1,0,0,2,2,0,0,0,1/13,1/13,0,catches_rule,catches_rule: catches +2,0,
player,9001,Emma-Lee Hammond,ALL,1,2,1,1,1,0,2,2,0,0,0,0,0,0,0,2,2,0,,,0,games_rule,games_rule: games +1,0,
player,9007,Ashley Day,ALL,3,4,1,1,1,0,7,7,0,1,1,0,0,0,0,7*,7*,0,1/60,1/60,0,games_rule,games_rule: games +1,0,
player,9013,Adam Van Lierop,ALL,6,6,0,4,4,0,2,2,0,1,1,0,0,2,2,1,1,0,1/8,1/8,0,catches_rule,catches_rule: catches +2,0,
player,9017,Trevor Harfield,ALL,4,4,0,4,4,0,77,77,0,0,0,0,0,2,2,45,45,0,,,0,catches_rule,catches_rule: catches +2,0,
player,9036,Michael Sprott,ALL,0,1,1,0,1,1,0,0,0,0,0,0,0,0,0,,0,1,,,0,extra_central_match,extra_central_match: games +1 innings +1,0,
player,9040,Adam Clues,ALL,0,1,1,0,0,0,0,0,0,0,0,0,0,0,0,,,0,,,0,extra_central_match,extra_central_match: games +1,0,
player,52,Wayne Reid,ALL,137,137,0,102,102,0,1583,1583,0,162,162,0,54,55,1,95*,95*,0,5/10,5/10,0,catches_rule; baseline_peel,catches_rule: catches +11 | baseline_peel: catches -10,0,
player,97,Darryl Morgan,ALL,89,89,0,67,67,0,877,877,0,131,131,0,26,27,1,85,85,0,4/24,4/24,0,catches_rule,catches_rule: catches +1,0,
player,100,Dean Patterson,ALL,86,86,0,74,74,0,963,963,0,69,69,0,23,24,1,76*,76*,0,4/12,4/12,0,games_rule; catches_rule; baseline_peel,games_rule: games +15 | catches_rule: catches +4 | baseline_peel: games -15 catches -3,0,
player,119,Don Skipworth,ALL,77,77,0,74,74,0,1400,1400,0,7,7,0,23,24,1,116*,116*,0,3/28,3/28,0,catches_rule,catches_rule: catches +1,0,
player,152,Andrew Pasco,ALL,47,47,0,24,24,0,111,111,0,51,51,0,11,12,1,45*,45*,0,4/41,4/41,0,catches_rule; baseline_overlap; baseline_peel,catches_rule: catches +11 | baseline_overlap: games +2 innings +1 wickets +4 | baseline_peel: games -2 innings -1 wickets -4 catches -10,0,
player,182,Anurag Natu,ALL,44,44,0,37,37,0,363,363,0,30,30,0,7,8,1,53,53,0,3/48,3/48,0,games_rule; catches_rule; baseline_peel,games_rule: games +1 | catches_rule: catches +7 | baseline_peel: games -1 catches -6,0,
player,185,Daniel Fogarty,ALL,43,43,0,19,19,0,52,52,0,28,28,0,6,7,1,19,19,0,4/13,4/13,0,catches_rule; baseline_peel,catches_rule: catches +7 | baseline_peel: catches -6,0,
player,200,Greg Chalker,ALL,39,39,0,37,37,0,660,660,0,2,2,0,15,16,1,53,53,0,1/20,1/20,0,catches_rule; baseline_peel,catches_rule: catches +16 | baseline_peel: catches -15,0,
player,211,Garth Capper,ALL,40,40,0,38,38,0,449,449,0,3,3,0,8,9,1,47,47,0,2/35,2/35,0,catches_rule; baseline_peel,catches_rule: catches +7 | baseline_peel: catches -6,0,
player,216,Jimmy Lee,ALL,35,35,0,35,35,0,565,565,0,26,26,0,15,16,1,74*,74*,0,4/22,4/22,0,catches_rule; baseline_peel,catches_rule: catches +10 | baseline_peel: catches -9,0,
player,228,Daniel Lambert,ALL,32,32,0,14,14,0,198,198,0,36,36,0,6,7,1,44,44,0,5/10,5/10,0,catches_rule,catches_rule: catches +1,0,
player,264,Luca Doyle,ALL,27,27,0,11,11,0,122,122,0,39,39,0,2,3,1,27,27,0,5/24,5/24,0,extra_central_match; catches_rule; baseline_peel; unexplained,extra_central_match: games +1 | catches_rule: catches +3 | baseline_peel: catches -2 | unexplained: games -1,0,
player,266,Eliesha Lazenby,ALL,27,27,0,18,18,0,85,85,0,5,5,0,0,1,1,11*,11*,0,2/8,2/8,0,catches_rule,catches_rule: catches +1,0,
player,269,Max Roberts,ALL,26,26,0,13,13,0,107,107,0,33,33,0,0,1,1,24,24,0,7/15,7/15,0,catches_rule,catches_rule: catches +1,0,
player,287,Aniket Nambiar,ALL,23,23,0,22,22,0,538,538,0,19,19,0,3,4,1,94,94,0,4/27,4/27,0,catches_rule; baseline_overlap; baseline_peel,catches_rule: catches +1 | baseline_overlap: games +1 | baseline_peel: games -1,0,
player,311,Matison Dalwood,ALL,20,20,0,18,18,0,174,174,0,7,7,0,4,5,1,39,39,0,2/41,2/41,0,catches_rule; baseline_peel,catches_rule: catches +5 | baseline_peel: catches -4,0,
player,331,Mick Mulcahy,ALL,18,18,0,8,8,0,108,108,0,25,25,0,0,1,1,37*,37*,0,5/13,5/13,0,catches_rule,catches_rule: catches +1,0,
player,340,Jason Clarke,ALL,23,23,0,15,15,0,157,157,0,38,38,0,2,3,1,59,59,0,4/1,4/1,0,catches_rule; baseline_peel,catches_rule: catches +3 | baseline_peel: catches -2,0,
player,362,Phil Hall,ALL,17,17,0,2,2,0,11,11,0,18,18,0,1,2,1,6,6,0,4/33,4/33,0,catches_rule,catches_rule: catches +1,0,
player,376,Ray Shearman,ALL,15,15,0,14,14,0,21,21,0,4,4,0,1,2,1,5,5,0,3/23,3/23,0,catches_rule,catches_rule: catches +1,0,
player,388,Tahlia Head,ALL,16,16,0,6,6,0,73,73,0,13,13,0,0,1,1,30*,30*,0,3/12,3/12,0,catches_rule,catches_rule: catches +1,0,
player,394,Ankit Kumar,ALL,13,13,0,11,11,0,188,188,0,8,8,0,5,6,1,53,53,0,3/11,3/11,0,catches_rule; baseline_peel,catches_rule: catches +6 | baseline_peel: catches -5,0,
player,400,Robert Swart,ALL,13,13,0,11,11,0,125,125,0,0,0,0,0,1,1,52,52,0,,,0,catches_rule,catches_rule: catches +1,0,
player,401,Jordan Jackson,ALL,13,13,0,10,10,0,116,116,0,12,12,0,0,1,1,67,67,0,3/13,3/13,0,catches_rule,catches_rule: catches +1,0,
player,411,Kyren Tierney,ALL,14,14,0,8,8,0,19,19,0,15,15,0,6,7,1,10*,10*,0,3/19,3/19,0,games_rule; catches_rule; baseline_peel,games_rule: games +1 | catches_rule: catches +7 | baseline_peel: games -1 catches -6,0,
player,423,Clinton Adams,ALL,12,12,0,11,11,0,107,107,0,7,7,0,0,1,1,44*,44*,0,3/54,3/54,0,catches_rule,catches_rule: catches +1,0,
player,424,Jeff Carlisle,ALL,13,13,0,12,12,0,100,100,0,9,9,0,4,5,1,39,39,0,5/42,5/42,0,catches_rule,catches_rule: catches +1,0,
player,451,Kacey Dunn,ALL,11,11,0,5,5,0,12,12,0,2,2,0,0,1,1,5,5,0,1/8,1/8,0,catches_rule,catches_rule: catches +1,0,
player,459,Mitchell Burton,ALL,10,10,0,6,6,0,17,17,0,8,8,0,0,1,1,11,11,0,4/17,4/17,0,catches_rule,catches_rule: catches +1,0,
player,468,Samuel Woodroff,ALL,9,9,0,6,6,0,54,54,0,7,7,0,0,1,1,19,19,0,3/11,3/11,0,catches_rule,catches_rule: catches +1,0,
player,470,Taj Depedro,ALL,9,9,0,6,6,0,30,30,0,1,1,0,3,4,1,14,14,0,1/17,1/17,0,catches_rule; baseline_peel,catches_rule: catches +4 | baseline_peel: catches -3,0,
player,475,Niel Smith,ALL,8,8,0,6,6,0,131,131,0,0,0,0,0,1,1,88,88,0,,,0,catches_rule,catches_rule: catches +1,0,
player,481,Nicholas Mills,ALL,8,8,0,5,5,0,56,56,0,1,1,0,0,1,1,44,44,0,1/47,1/47,0,catches_rule,catches_rule: catches +1,0,
player,504,Robinritu Singh,ALL,6,6,0,6,6,0,203,203,0,0,0,0,0,1,1,93,93,0,,,0,catches_rule,catches_rule: catches +1,0,
player,505,Paul Nicholls,ALL,7,7,0,6,6,0,93,93,0,0,0,0,1,2,1,63,63,0,,,0,catches_rule; baseline_peel,catches_rule: catches +2 | baseline_peel: catches -1,0,
player,507,Zac Boettiger,ALL,6,6,0,5,5,0,53,53,0,2,2,0,1,2,1,20*,20*,0,1/23,1/23,0,catches_rule,catches_rule: catches +1,0,
player,511,Shea Heinsen,ALL,6,6,0,6,6,0,34,34,0,0,0,0,0,1,1,12*,12*,0,,,0,catches_rule,catches_rule: catches +1,0,
player,551,Anthony Roig,ALL,4,4,0,1,1,0,1,1,0,0,0,0,0,1,1,1,1,0,,,0,catches_rule,catches_rule: catches +1,0,
player,559,Jeremy Threadgate,ALL,3,3,0,3,3,0,22,22,0,4,4,0,0,1,1,14,14,0,2/9,2/9,0,catches_rule,catches_rule: catches +1,0,
player,560,Louis Hedley,ALL,4,4,0,2,2,0,20,20,0,3,3,0,1,2,1,11,11,0,2/19,2/19,0,catches_rule,catches_rule: catches +1,0,
player,597,Joe Marzoli,ALL,2,2,0,1,1,0,5,5,0,0,0,0,0,1,1,5,5,0,,,0,catches_rule,catches_rule: catches +1,0,
player,699,Reece Dillon,ALL,2,2,0,1,1,0,0,0,0,0,0,0,0,1,1,0,0,0,,,0,catches_rule,catches_rule: catches +1,0,
player,717,Gary Porter,ALL,10,10,0,10,10,0,209,209,0,0,0,0,1,2,1,94,94,0,,,0,catches_rule,catches_rule: catches +1,0,
player,742,Christo Pretorius,ALL,1,1,0,1,1,0,3,3,0,2,2,0,0,1,1,3*,3*,0,2/15,2/15,0,catches_rule,catches_rule: catches +1,0,
player,743,T Asiata,ALL,1,1,0,1,1,0,2,2,0,0,0,0,0,1,1,2,2,0,,,0,catches_rule,catches_rule: catches +1,0,
player,775,Charlie Woodford,ALL,1,1,0,0,0,0,0,0,0,3,3,0,0,1,1,,,0,3/35,3/35,0,catches_rule,catches_rule: catches +1,0,
player,9016,Matthew Roper,ALL,4,4,0,4,4,0,31,31,0,0,0,0,0,1,1,17,17,0,,,0,catches_rule,catches_rule: catches +1,0,
player,9019,Damien Hilliard,ALL,2,2,0,2,2,0,5,5,0,1,1,0,0,1,1,5,5,0,1/11,1/11,0,catches_rule,catches_rule: catches +1,0,
player,9020,Shannon Spitty,ALL,2,2,0,2,2,0,9,9,0,1,1,0,0,1,1,8,8,0,1/3,1/3,0,catches_rule,catches_rule: catches +1,0,
player,379,Sam Pendlebury,ALL,14,14,0,14,14,0,406,406,0,2,2,0,3,3,0,105*,105*,0,1/27,1/25,1,baseline_overlap; baseline_peel,baseline_overlap: games +2 innings +2 runs +25 wickets +1 | baseline_peel: games -2 innings -2 runs -25 wickets -1,0,
player,419,Alex Osborne,ALL,14,14,0,7,8,1,193,193,0,20,20,0,8,8,0,85*,85*,0,4/30,4/30,0,figures_differ,figures_differ: innings +1,0,
grade,1,Chris Phelps,B Grade,29,30,1,20,20,0,526,526,0,39,39,0,5,7,2,162*,162*,0,4/22,4/22,0,games_rule; catches_rule; baseline_peel,games_rule: games +1 | catches_rule: catches +7 | baseline_peel: catches -5,0,
grade,2,Dale Burns,B Grade,29,30,1,28,28,0,618,618,0,26,26,0,10,10,0,60,60,0,4/13,4/13,0,games_rule; baseline_overlap; baseline_peel,games_rule: games +1 | baseline_overlap: games +2 innings +2 runs +77 wickets +1 | baseline_peel: games -2 innings -2 runs -77 wickets -1,0,
grade,2,Dale Burns,C Grade,64,66,2,56,56,0,1899,1899,0,34,34,0,26,26,0,106,106,0,4/38,4/38,0,games_rule; catches_rule; baseline_peel,games_rule: games +4 | catches_rule: catches +1 | baseline_peel: games -2 catches -1,0,
grade,2,Dale Burns,D Grade,31,34,3,30,30,0,1216,1216,0,26,26,0,3,3,0,152*,152*,0,3/13,3/13,0,games_rule,games_rule: games +3,0,
grade,2,Dale Burns,F Grade,0,1,1,0,0,0,0,0,0,0,0,0,0,0,0,,,0,,,0,games_rule,games_rule: games +1,0,
grade,3,Darren Jeffrey,C Grade,115,117,2,105,105,0,2794,2794,0,134,134,0,31,31,0,120*,120*,0,6/8,6/8,0,games_rule; catches_rule; baseline_peel,games_rule: games +4 | catches_rule: catches +22 | baseline_peel: games -2 catches -22,0,
grade,3,Darren Jeffrey,D Grade,80,80,0,61,61,0,1219,1219,0,63,63,0,0,7,7,97*,97*,0,6/19,6/19,0,games_rule; catches_rule; baseline_peel,games_rule: games +1 | catches_rule: catches +7 | baseline_peel: games -1,0,
grade,3,Darren Jeffrey,E Grade,50,53,3,36,36,0,544,544,0,59,59,0,7,8,1,79,79,0,5/20,5/20,0,games_rule; catches_rule; baseline_peel,games_rule: games +3 | catches_rule: catches +8 | baseline_peel: catches -7,0,
grade,4,Matthew Guyton,C Grade,70,73,3,55,55,0,707,707,0,55,55,0,21,21,0,72,72,0,3/7,3/7,0,games_rule; catches_rule; baseline_peel,games_rule: games +3 | catches_rule: catches +13 | baseline_peel: catches -13,0,
grade,4,Matthew Guyton,D Grade,62,62,0,51,51,0,791,791,0,64,64,0,6,11,5,77*,77*,0,3/11,3/11,0,catches_rule; baseline_peel,catches_rule: catches +11 | baseline_peel: catches -6,0,
grade,4,Matthew Guyton,E Grade,37,38,1,24,24,0,512,512,0,28,28,0,14,16,2,107*,107*,0,4/17,4/17,0,games_rule; catches_rule; baseline_peel,games_rule: games +1 | catches_rule: catches +16 | baseline_peel: catches -14,0,
grade,5,Colin Birdsall,D Grade,77,79,2,56,56,0,174,174,0,23,23,0,3,3,0,21,21,0,5/22,5/22,0,games_rule,games_rule: games +2,0,
grade,5,Colin Birdsall,F Grade,86,96,10,34,34,0,65,65,0,54,54,0,0,0,0,10,10,0,5/19,5/19,0,games_rule,games_rule: games +10,0,
grade,6,Peter Wyllie,C Grade,57,61,4,55,55,0,2414,2414,0,56,56,0,20,20,0,132*,132*,0,4/7,4/7,0,games_rule; catches_rule; baseline_peel,games_rule: games +4 | catches_rule: catches +17 | baseline_peel: catches -17,0,
grade,6,Peter Wyllie,D Grade,3,3,0,3,3,0,11,11,0,2,2,0,0,1,1,5*,5*,0,2/5,2/5,0,catches_rule,catches_rule: catches +1,0,
grade,7,Matthew Lloyd,A Grade,8,7,-1,4,3,-1,18,15,-3,0,0,0,0,0,0,10,10,0,,,0,grade_reclassified,grade_reclassified: games -1 innings -1 runs -3,0,central files some A Grade matches as PPL
grade,7,Matthew Lloyd,D Grade,99,103,4,98,98,0,2297,2297,0,2,2,0,19,43,24,144*,144*,0,2/27,2/27,0,games_rule; catches_rule; baseline_peel,games_rule: games +4 | catches_rule: catches +43 | baseline_peel: catches -19,0,
grade,7,Matthew Lloyd,E Grade,9,9,0,9,9,0,183,183,0,0,0,0,0,1,1,39,39,0,,,0,catches_rule,catches_rule: catches +1,0,
grade,7,Matthew Lloyd,PPL,0,1,1,0,1,1,0,3,3,0,0,0,0,0,0,,3,1,,,0,grade_reclassified,grade_reclassified: games +1 innings +1 runs +3,0,central files some A Grade matches as PPL
grade,8,Roger Wren,B Grade,43,44,1,42,42,0,777,777,0,58,58,0,25,25,0,157,157,0,6/42,6/42,0,games_rule; catches_rule; baseline_peel,games_rule: games +1 | catches_rule: catches +18 | baseline_peel: catches -18,0,
grade,8,Roger Wren,C Grade,31,32,1,31,31,0,674,674,0,31,31,0,12,12,0,132*,132*,0,5/17,5/17,0,games_rule; catches_rule; baseline_peel,games_rule: games +1 | catches_rule: catches +12 | baseline_peel: catches -12,0,
grade,9,Grant Matthews,A Grade,15,13,-2,14,13,-1,162,157,-5,8,6,-2,1,1,0,36,36,0,2/7,2/7,0,catches_rule; baseline_peel; grade_reclassified,catches_rule: catches +1 | baseline_peel: catches -1 | grade_reclassified: games -2 innings -1 runs -5 wickets -2,0,central files some A Grade matches as PPL
grade,9,Grant Matthews,B Grade,170,178,8,170,170,0,3478,3478,0,172,172,0,29,29,0,103,103,0,6/55,6/55,0,games_rule; catches_rule; baseline_overlap; baseline_peel,games_rule: games +8 | catches_rule: catches +12 | baseline_overlap: games +8 innings +8 runs +217 wickets +4 catches +2 | baseline_peel: games -8 innings -8 runs -217 wickets -4 catches -14,0,
grade,9,Grant Matthews,C Grade,6,6,0,6,6,0,27,27,0,1,1,0,0,1,1,13,13,0,1/6,1/6,0,catches_rule,catches_rule: catches +1,0,
grade,9,Grant Matthews,D Grade,50,52,2,50,50,0,822,822,0,23,23,0,6,8,2,70*,70*,0,3/8,3/8,0,games_rule; catches_rule; baseline_peel,games_rule: games +2 | catches_rule: catches +8 | baseline_peel: catches -6,0,
grade,9,Grant Matthews,E Grade,29,29,0,29,29,0,741,741,0,4,4,0,2,4,2,64,64,0,2/11,2/11,0,catches_rule; baseline_peel,catches_rule: catches +4 | baseline_peel: catches -2,0,
grade,10,Chris Baker,C Grade,70,73,3,58,58,0,1143,1143,0,0,0,0,57,57,0,116*,116*,0,,,0,games_rule,games_rule: games +3,0,
grade,10,Chris Baker,E Grade,7,9,2,5,5,0,67,67,0,0,0,0,0,0,0,25,25,0,,,0,games_rule,games_rule: games +2,0,
grade,11,Kyle Jeffrey,A Grade,51,48,-3,23,20,-3,86,64,-22,71,64,-7,11,11,0,23,23,0,5/25,5/25,0,games_rule; catches_rule; baseline_peel; grade_reclassified,games_rule: games +3 | catches_rule: catches +10 | baseline_peel: catches -10 | grade_reclassified: games -6 innings -3 runs -22 wickets -7,0,central files some A Grade matches as PPL
grade,11,Kyle Jeffrey,B Grade,117,119,2,76,76,0,868,868,0,157,157,0,16,16,0,55*,55*,0,5/19,5/19,0,games_rule; catches_rule; baseline_overlap; baseline_peel,games_rule: games +2 | catches_rule: catches +6 | baseline_overlap: games +20 innings +13 runs +69 wickets +37 catches +8 | baseline_peel: games -20 innings -13 runs -69 wickets -37 catches -14,0,
grade,11,Kyle Jeffrey,C Grade,31,33,2,16,16,0,117,117,0,31,31,0,18,18,0,19,19,0,5/34,5/34,0,games_rule; catches_rule; baseline_overlap; baseline_peel,games_rule: games +1 | catches_rule: catches +12 | baseline_overlap: games +1 catches +1 | baseline_peel: catches -13,0,
grade,11,Kyle Jeffrey,D Grade,48,49,1,29,29,0,403,403,0,63,63,0,19,19,0,55,55,0,4/31,4/31,0,games_rule; catches_rule; baseline_peel,games_rule: games +1 | catches_rule: catches +19 | baseline_peel: catches -19,0,
grade,11,Kyle Jeffrey,PPL,0,6,6,0,3,3,0,22,22,0,7,7,0,2,2,,18,1,,2/8,1,grade_reclassified,grade_reclassified: games +6 innings +3 runs +22 wickets +7 catches +2,0,central files some A Grade matches as PPL
grade,12,Peter Boyce,A Grade,14,13,-1,5,5,0,12,12,0,18,16,-2,5,5,0,11,11,0,3/17,3/17,0,catches_rule; baseline_peel; grade_reclassified,catches_rule: catches +1 | baseline_peel: catches -1 | grade_reclassified: games -1 wickets -2,0,central files some A Grade matches as PPL
grade,12,Peter Boyce,B Grade,108,112,4,79,79,0,614,614,0,187,187,0,21,21,0,68*,68*,0,7/20,7/20,0,games_rule; catches_rule; baseline_overlap; baseline_peel,games_rule: games +4 | catches_rule: catches +1 | baseline_overlap: games +12 innings +12 runs +82 wickets +23 | baseline_peel: games -12 innings -12 runs -82 wickets -23 catches -1,0,
grade,12,Peter Boyce,C Grade,78,80,2,67,67,0,879,879,0,133,133,0,27,27,0,78*,78*,0,7/27,7/27,0,games_rule,games_rule: games +2,0,
grade,12,Peter Boyce,D Grade,31,34,3,25,25,0,304,304,0,48,48,0,11,11,0,50,50,0,5/28,5/28,0,games_rule,games_rule: games +3,0,
grade,12,Peter Boyce,E Grade,22,23,1,13,13,0,270,270,0,49,49,0,6,6,0,64,64,0,8/19,8/19,0,catches_rule; baseline_overlap; baseline_peel,catches_rule: catches +1 | baseline_overlap: games +1 | baseline_peel: catches -1,0,
grade,12,Peter Boyce,PPL,1,2,1,0,0,0,0,0,0,0,2,2,0,0,0,,,0,,2/19,1,grade_reclassified,grade_reclassified: games +1 wickets +2,0,central files some A Grade matches as PPL
grade,13,Dean Finlay,A Grade,4,4,0,4,4,0,45,45,0,0,0,0,0,3,3,26,26,0,,,0,catches_rule,catches_rule: catches +3,0,
grade,13,Dean Finlay,C Grade,67,71,4,66,66,0,1021,1021,0,4,4,0,18,18,0,93,93,0,2/21,2/21,0,games_rule; catches_rule; baseline_overlap; baseline_peel,games_rule: games +3 | catches_rule: catches +11 | baseline_overlap: games +6 | baseline_peel: games -5 catches -11,0,
grade,13,Dean Finlay,D Grade,101,103,2,101,101,0,1731,1731,0,0,0,0,8,14,6,100,100,0,,,0,games_rule; catches_rule; baseline_peel,games_rule: games +2 | catches_rule: catches +14 | baseline_peel: catches -8,0,
grade,14,Martin Crump,C Grade,17,18,1,17,17,0,256,256,0,3,3,0,4,4,0,108*,108*,0,2/12,2/12,0,games_rule; catches_rule; baseline_peel,games_rule: games +1 | catches_rule: catches +3 | baseline_peel: catches -3,0,
grade,14,Martin Crump,D Grade,62,63,1,61,61,0,1370,1370,0,67,67,0,14,14,0,78,78,0,5/20,5/20,0,games_rule; catches_rule; baseline_peel,games_rule: games +2 | catches_rule: catches +13 | baseline_peel: games -1 catches -13,0,
grade,14,Martin Crump,F Grade,51,54,3,50,50,0,1619,1619,0,8,8,0,4,6,2,109*,109*,0,3/10,3/10,0,games_rule; catches_rule; baseline_peel,games_rule: games +3 | catches_rule: catches +6 | baseline_peel: catches -4,0,
grade,15,Ashley Wyborn,A Grade,3,0,-3,2,0,-2,0,0,0,0,0,0,0,0,0,0,,1,,,0,grade_reclassified,grade_reclassified: games -3 innings -2,0,central files some A Grade matches as PPL
grade,15,Ashley Wyborn,D Grade,70,74,4,68,68,0,1164,1164,0,5,5,0,6,6,0,114,114,0,3/29,3/29,0,games_rule,games_rule: games +4,0,
grade,15,Ashley Wyborn,F Grade,57,62,5,50,50,0,722,722,0,7,7,0,4,4,0,56,56,0,2/29,2/29,0,games_rule; catches_rule; baseline_peel,games_rule: games +5 | catches_rule: catches +1 | baseline_peel: catches -1,0,
grade,15,Ashley Wyborn,PPL,0,3,3,0,2,2,0,0,0,0,0,0,0,0,0,,0,1,,,0,grade_reclassified,grade_reclassified: games +3 innings +2,0,central files some A Grade matches as PPL
grade,16,Leigh Burns,B Grade,23,25,2,22,22,0,420,420,0,0,0,0,6,6,0,100,100,0,,,0,games_rule; baseline_overlap; baseline_peel,games_rule: games +2 | baseline_overlap: games +1 innings +1 runs +6 | baseline_peel: games -1 innings -1 runs -6,0,
grade,16,Leigh Burns,C Grade,37,38,1,36,36,0,1608,1608,0,0,0,0,21,21,0,126,126,0,,,0,games_rule; baseline_peel,games_rule: games +2 | baseline_peel: games -1,0,
grade,16,Leigh Burns,D Grade,8,9,1,6,6,0,142,142,0,0,0,0,4,4,0,39,39,0,,,0,baseline_overlap,baseline_overlap: games +1,0,
grade,17,Cameron Lucas,A Grade,53,50,-3,44,38,-6,253,230,-23,49,41,-8,10,10,0,26,26,0,4/24,4/24,0,games_rule; catches_rule; baseline_peel; grade_reclassified,games_rule: games +4 | catches_rule: catches +8 | baseline_peel: catches -8 | grade_reclassified: games -7 innings -6 runs -23 wickets -8,0,central files some A Grade matches as PPL
grade,17,Cameron Lucas,B Grade,118,120,2,109,109,0,1971,1971,0,114,114,0,39,39,0,81,81,0,5/30,5/30,0,games_rule; catches_rule; baseline_overlap; baseline_peel,games_rule: games +2 | catches_rule: catches +13 | baseline_overlap: games +9 innings +9 runs +145 wickets +19 catches +1 | baseline_peel: games -9 innings -9 runs -145 wickets -19 catches -14,0,
grade,17,Cameron Lucas,D Grade,28,30,2,17,17,0,204,204,0,36,36,0,10,10,0,61*,61*,0,6/17,6/17,0,games_rule; catches_rule; baseline_peel,games_rule: games +2 | catches_rule: catches +5 | baseline_peel: catches -5,0,
grade,17,Cameron Lucas,E Grade,1,1,0,0,0,0,0,0,0,4,4,0,0,1,1,0,0,0,4/1,4/1,0,catches_rule,catches_rule: catches +1,0,
grade,17,Cameron Lucas,F Grade,1,2,1,1,1,0,19,19,0,0,0,0,0,0,0,19,19,0,,,0,games_rule,games_rule: games +1,0,
grade,17,Cameron Lucas,PPL,0,7,7,0,6,6,0,23,23,0,8,8,0,0,0,,11*,1,,2/23,1,grade_reclassified,grade_reclassified: games +7 innings +6 runs +23 wickets +8,0,central files some A Grade matches as PPL
grade,18,Jason Young,A Grade,11,12,1,11,11,0,81,81,0,12,12,0,7,7,0,29*,29*,0,4/15,4/15,0,catches_rule; baseline_overlap; baseline_peel,catches_rule: catches +7 | baseline_overlap: games +1 | baseline_peel: catches -7,0,
grade,18,Jason Young,B Grade,87,92,5,73,73,0,1377,1377,0,61,61,0,34,34,0,72*,72*,0,4/0,4/0,0,games_rule; catches_rule; baseline_overlap; baseline_peel,games_rule: games +5 | catches_rule: catches +21 | baseline_overlap: games +7 innings +7 runs +173 wickets +10 | baseline_peel: games -7 innings -7 runs -173 wickets -10 catches -21,0,
grade,18,Jason Young,C Grade,20,21,1,17,17,0,403,403,0,17,17,0,8,10,2,73,73,0,3/13,3/13,0,catches_rule; baseline_overlap; baseline_peel,catches_rule: catches +10 | baseline_overlap: games +1 | baseline_peel: catches -8,0,
grade,18,Jason Young,D Grade,61,63,2,56,56,0,1474,1474,0,36,36,0,1,5,4,96*,96*,0,5/11,5/11,0,games_rule; catches_rule; baseline_peel,games_rule: games +2 | catches_rule: catches +5 | baseline_peel: catches -1,0,
grade,18,Jason Young,E Grade,23,25,2,19,19,0,792,792,0,24,24,0,4,8,4,148,148,0,4/9,4/9,0,games_rule; catches_rule; baseline_peel,games_rule: games +2 | catches_rule: catches +8 | baseline_peel: catches -4,0,
grade,19,Dennis Bland,C Grade,99,102,3,51,51,0,291,291,0,213,213,0,15,15,0,23*,23*,0,7/23,7/23,0,games_rule; catches_rule; baseline_peel,games_rule: games +3 | catches_rule: catches +1 | baseline_peel: catches -1,0,
grade,20,James Woods,B Grade,3,3,0,0,0,0,0,0,0,0,0,0,0,1,1,,,0,,,0,catches_rule,catches_rule: catches +1,0,
grade,20,James Woods,C Grade,11,12,1,9,9,0,49,49,0,1,1,0,10,10,0,17,17,0,1/18,1/18,0,games_rule; catches_rule; baseline_peel,games_rule: games +1 | catches_rule: catches +3 | baseline_peel: catches -3,0,
grade,20,James Woods,D Grade,187,190,3,155,155,0,2245,2245,0,58,58,0,79,101,22,94*,94*,0,5/31,5/31,0,games_rule; catches_rule; baseline_peel,games_rule: games +5 | catches_rule: catches +101 | baseline_peel: games -2 catches -79,0,
grade,20,James Woods,E Grade,2,2,0,1,1,0,9,9,0,0,0,0,0,3,3,9*,9*,0,,,0,catches_rule,catches_rule: catches +3,0,
grade,22,Justin Lockyer,C Grade,22,23,1,18,18,0,186,186,0,12,12,0,4,5,1,36,36,0,3/35,3/35,0,games_rule; catches_rule; baseline_peel,games_rule: games +1 | catches_rule: catches +5 | baseline_peel: catches -4,0,
grade,23,Jarod Little,A Grade,147,154,7,107,107,0,1015,1015,0,0,0,0,126,126,0,56,56,0,,,0,games_rule; catches_rule; baseline_peel,games_rule: games +7 | catches_rule: catches +115 | baseline_peel: catches -115,0,
grade,23,Jarod Little,B Grade,15,15,0,14,14,0,314,314,0,0,0,0,10,18,8,77,77,0,,,0,catches_rule; baseline_overlap; baseline_peel,catches_rule: catches +13 | baseline_overlap: games +5 innings +4 runs +46 catches +5 | baseline_peel: games -5 innings -4 runs -46 catches -10,0,
grade,23,Jarod Little,D Grade,4,4,0,4,4,0,43,43,0,2,2,0,0,3,3,25,25,0,1/12,1/12,0,catches_rule,catches_rule: catches +3,0,
grade,23,Jarod Little,PPL,15,16,1,8,8,0,14,14,0,0,0,0,3,3,0,4*,4*,0,,,0,games_rule; catches_rule; baseline_peel,games_rule: games +1 | catches_rule: catches +2 | baseline_peel: catches -2,0,
grade,24,Simon King,B Grade,8,9,1,8,8,0,36,36,0,2,2,0,0,0,0,18*,18*,0,1/2,1/2,0,games_rule,games_rule: games +1,0,
grade,24,Simon King,D Grade,56,56,0,40,40,0,428,428,0,67,67,0,0,12,12,53,53,0,6/15,6/15,0,catches_rule,catches_rule: catches +12,0,
grade,24,Simon King,E Grade,107,109,2,99,99,0,1719,1719,0,138,138,0,15,22,7,101,101,0,6/9,6/9,0,games_rule; catches_rule; baseline_peel,games_rule: games +2 | catches_rule: catches +22 | baseline_peel: catches -15,0,
grade,24,Simon King,F Grade,17,19,2,14,14,0,273,273,0,21,21,0,1,2,1,65*,65*,0,5/15,5/15,0,games_rule; catches_rule; baseline_overlap; baseline_peel,games_rule: games +1 | catches_rule: catches +2 | baseline_overlap: games +1 | baseline_peel: catches -1,0,
grade,25,Cameron Hill,B Grade,2,2,0,2,2,0,10,10,0,0,0,0,0,1,1,10,10,0,,,0,catches_rule,catches_rule: catches +1,0,
grade,25,Cameron Hill,D Grade,23,25,2,22,22,0,382,382,0,0,0,0,12,18,6,107*,107*,0,,,0,games_rule; catches_rule; baseline_peel,games_rule: games +2 | catches_rule: catches +18 | baseline_peel: catches -12,0,
grade,25,Cameron Hill,E Grade,37,37,0,32,32,0,725,725,0,0,0,0,22,25,3,84,84,0,,,0,catches_rule; baseline_peel,catches_rule: catches +25 | baseline_peel: catches -22,0,
grade,25,Cameron Hill,F Grade,25,26,1,24,24,0,322,322,0,1,1,0,0,22,22,55*,55*,0,1/27,1/27,0,games_rule; catches_rule,games_rule: games +1 | catches_rule: catches +22,0,
grade,26,Andrew Kelman,D Grade,29,29,0,26,26,0,563,563,0,25,25,0,11,13,2,125*,125*,0,5/10,5/10,0,games_rule; catches_rule; baseline_peel,games_rule: games +1 | catches_rule: catches +13 | baseline_peel: games -1 catches -11,0,
grade,27,Anthony Brokate,A Grade,67,66,-1,18,15,-3,75,74,-1,92,83,-9,9,9,0,21*,21*,0,4/14,4/14,0,games_rule; catches_rule; baseline_overlap; baseline_peel; grade_reclassified,games_rule: games +3 | catches_rule: catches +3 | baseline_overlap: games +1 | baseline_peel: catches -3 | grade_reclassified: games -5 innings -3 runs -1 wickets -9,0,central files some A Grade matches as PPL
grade,27,Anthony Brokate,B Grade,89,94,5,55,55,0,549,549,0,155,155,0,25,25,0,75,75,0,6/24,6/24,0,games_rule; baseline_overlap; baseline_peel,games_rule: games +5 | baseline_overlap: games +2 wickets +4 | baseline_peel: games -2 wickets -4,0,
grade,27,Anthony Brokate,C Grade,33,36,3,19,19,0,140,140,0,65,65,0,11,11,0,30,30,0,5/8,5/8,0,games_rule,games_rule: games +3,0,
grade,27,Anthony Brokate,PPL,0,5,5,0,3,3,0,1,1,0,9,9,0,0,0,,1,1,,3/23,1,grade_reclassified,grade_reclassified: games +5 innings +3 runs +1 wickets +9,0,central files some A Grade matches as PPL
grade,28,Wesley Naidoo,A Grade,11,12,1,7,7,0,35,35,0,8,8,0,3,3,0,20,20,0,4/57,4/57,0,games_rule; catches_rule; baseline_peel,games_rule: games +1 | catches_rule: catches +3 | baseline_peel: catches -3,0,
grade,28,Wesley Naidoo,B Grade,100,100,0,72,72,0,505,505,0,168,168,0,4,17,13,43,43,0,4/9,4/9,0,extra_central_match; catches_rule; baseline_overlap; baseline_peel; unexplained,extra_central_match: games +1 | catches_rule: catches +17 | baseline_overlap: games +11 innings +8 runs +27 wickets +19 | baseline_peel: games -11 innings -8 runs -27 wickets -19 catches -4 | unexplained: games -1,0,
grade,28,Wesley Naidoo,C Grade,48,50,2,43,43,0,486,486,0,56,56,0,24,24,0,38*,38*,0,4/20,4/20,0,games_rule; catches_rule; baseline_peel,games_rule: games +3 | catches_rule: catches +20 | baseline_peel: games -1 catches -20,0,
grade,28,Wesley Naidoo,D Grade,42,43,1,38,38,0,646,646,0,28,28,0,11,17,6,89*,89*,0,4/16,4/16,0,games_rule; catches_rule; baseline_peel,games_rule: games +1 | catches_rule: catches +17 | baseline_peel: catches -11,0,
grade,29,Chris Hickman,A Grade,0,3,3,0,0,0,0,0,0,0,0,0,0,0,0,,,0,,,0,games_rule,games_rule: games +3,0,
grade,30,Scott Martin,A Grade,165,168,3,120,113,-7,1349,1212,-137,232,224,-8,38,38,0,47*,47*,0,6/39,6/39,0,games_rule; catches_rule; baseline_peel; grade_reclassified,games_rule: games +11 | catches_rule: catches +33 | baseline_peel: catches -33 | grade_reclassified: games -8 innings -7 runs -137 wickets -8,0,central files some A Grade matches as PPL
grade,30,Scott Martin,PPL,19,28,9,12,19,7,89,226,137,25,33,8,0,6,6,22,45,1,4/24,4/16,1,games_rule; catches_rule; grade_reclassified,games_rule: games +1 | catches_rule: catches +3 | grade_reclassified: games +8 innings +7 runs +137 wickets +8 catches +3,0,central files some A Grade matches as PPL
grade,31,Michael Griffiths,A Grade,74,81,7,59,58,-1,874,838,-36,95,95,0,26,26,0,68*,68*,0,5/12,5/12,0,games_rule; catches_rule; baseline_peel; grade_reclassified,games_rule: games +8 | catches_rule: catches +22 | baseline_peel: catches -22 | grade_reclassified: games -1 innings -1 runs -36,0,central files some A Grade matches as PPL
grade,31,Michael Griffiths,B Grade,70,71,1,69,69,0,1458,1458,0,125,125,0,36,36,0,103,103,0,8/16,8/16,0,games_rule; catches_rule; baseline_peel,games_rule: games +1 | catches_rule: catches +18 | baseline_peel: catches -18,0,
grade,31,Michael Griffiths,F Grade,0,1,1,0,0,0,0,0,0,0,0,0,0,0,0,,,0,,,0,games_rule,games_rule: games +1,0,
grade,31,Michael Griffiths,PPL,4,5,1,2,3,1,4,40,36,3,3,0,0,0,0,4,36,1,2/15,2/15,0,grade_reclassified,grade_reclassified: games +1 innings +1 runs +36,0,central files some A Grade matches as PPL
grade,32,Ryan Burns,A Grade,53,59,6,53,52,-1,793,793,0,0,0,0,13,13,0,80,80,0,,,0,games_rule; grade_reclassified,games_rule: games +7 | grade_reclassified: games -1 innings -1,0,central files some A Grade matches as PPL
grade,32,Ryan Burns,B Grade,49,51,2,49,49,0,1418,1437,19,1,1,0,24,24,0,112,112,0,1/16,1/16,0,games_rule; baseline_overlap; baseline_peel,games_rule: games +2 | baseline_overlap: games +14 innings +14 runs +358 | baseline_peel: games -14 innings -14 runs -339,0,
grade,32,Ryan Burns,C Grade,41,42,1,39,39,0,1051,1051,0,0,0,0,31,31,0,86,86,0,,,0,games_rule; baseline_peel,games_rule: games +2 | baseline_peel: games -1,0,
grade,32,Ryan Burns,PPL,0,1,1,0,1,1,0,0,0,0,0,0,0,0,0,,0,1,,,0,grade_reclassified,grade_reclassified: games +1 innings +1,0,central files some A Grade matches as PPL
grade,33,Rodney Dixon,D Grade,139,142,3,70,70,0,481,481,0,169,169,0,37,38,1,27,27,0,5/16,5/16,0,games_rule; catches_rule; baseline_peel,games_rule: games +3 | catches_rule: catches +38 | baseline_peel: catches -37,0,
grade,33,Rodney Dixon,F Grade,26,28,2,13,13,0,41,41,0,42,42,0,0,1,1,10*,10*,0,4/8,4/8,0,games_rule; catches_rule,games_rule: games +2 | catches_rule: catches +1,0,
grade,34,Richard Woods,A Grade,55,60,5,48,46,-2,512,508,-4,0,0,0,27,27,0,68,68,0,,,0,games_rule; catches_rule; baseline_peel; grade_reclassified,games_rule: games +7 | catches_rule: catches +22 | baseline_peel: catches -22 | grade_reclassified: games -2 innings -2 runs -4,0,central files some A Grade matches as PPL
grade,34,Richard Woods,B Grade,93,95,2,89,89,0,1668,1668,0,4,4,0,50,50,0,90,90,0,3/37,3/37,0,games_rule; catches_rule; baseline_peel,games_rule: games +2 | catches_rule: catches +43 | baseline_peel: catches -43,0,
grade,34,Richard Woods,C Grade,12,13,1,12,12,0,158,158,0,0,0,0,0,2,2,38,38,0,,,0,games_rule; catches_rule,games_rule: games +1 | catches_rule: catches +2,0,
grade,34,Richard Woods,PPL,4,7,3,3,5,2,13,17,4,0,0,0,0,3,3,7*,7*,0,,,0,games_rule; catches_rule; grade_reclassified,games_rule: games +1 | catches_rule: catches +3 | grade_reclassified: games +2 innings +2 runs +4,0,central files some A Grade matches as PPL
grade,35,Ben Finlay,A Grade,11,10,-1,8,7,-1,40,32,-8,0,0,0,0,0,0,10,10,0,,,0,games_rule; grade_reclassified,games_rule: games +1 | grade_reclassified: games -2 innings -1 runs -8,0,central files some A Grade matches as PPL
grade,35,Ben Finlay,B Grade,56,57,1,51,51,0,785,785,0,6,8,2,14,14,0,63,63,0,2/13,2/13,0,games_rule; baseline_overlap; baseline_peel,games_rule: games +2 | baseline_overlap: games +6 innings +6 runs +67 wickets +3 | baseline_peel: games -7 innings -6 runs -67 wickets -1,0,
grade,35,Ben Finlay,C Grade,37,40,3,30,30,0,745,745,0,32,32,0,5,5,0,216,216,0,5/2,5/2,0,games_rule,games_rule: games +3,0,
grade,35,Ben Finlay,D Grade,27,28,1,22,22,0,294,294,0,35,35,0,0,0,0,60,60,0,4/26,4/26,0,games_rule,games_rule: games +1,0,
grade,35,Ben Finlay,PPL,0,2,2,0,1,1,0,8,8,0,0,0,0,0,0,,8,1,,,0,grade_reclassified,grade_reclassified: games +2 innings +1 runs +8,0,central files some A Grade matches as PPL
grade,36,Jake Wyllie,A Grade,90,96,6,80,80,0,1513,1513,0,95,95,0,30,32,2,64,64,0,4/9,4/9,0,games_rule; catches_rule; baseline_peel,games_rule: games +6 | catches_rule: catches +32 | baseline_peel: catches -30,0,
grade,36,Jake Wyllie,C Grade,27,29,2,17,17,0,152,152,0,31,31,0,5,5,0,44,44,0,5/13,5/13,0,games_rule; catches_rule; baseline_overlap; baseline_peel,games_rule: games +3 | catches_rule: catches +3 | baseline_overlap: games +1 | baseline_peel: games -2 catches -3,0,
grade,36,Jake Wyllie,D Grade,11,11,0,11,11,0,153,153,0,19,19,0,0,4,4,35,35,0,5/24,5/24,0,catches_rule,catches_rule: catches +4,0,
grade,36,Jake Wyllie,E Grade,3,3,0,3,3,0,27,27,0,7,7,0,0,1,1,18,18,0,6/45,6/45,0,catches_rule,catches_rule: catches +1,0,
grade,36,Jake Wyllie,F Grade,3,4,1,2,2,0,16,16,0,4,4,0,1,1,0,16,16,0,2/15,2/15,0,games_rule,games_rule: games +1,0,
grade,36,Jake Wyllie,PPL,22,23,1,21,21,0,191,191,0,8,8,0,3,6,3,43,43,0,2/14,2/14,0,games_rule; catches_rule; baseline_peel,games_rule: games +1 | catches_rule: catches +6 | baseline_peel: catches -3,0,
grade,37,Glen Cruickshank,D Grade,50,51,1,45,45,0,829,829,0,16,16,0,26,26,0,89,89,0,4/31,4/31,0,games_rule; catches_rule; baseline_peel,games_rule: games +1 | catches_rule: catches +24 | baseline_peel: catches -24,0,
grade,38,Corbin Little,B Grade,16,17,1,14,14,0,163,163,0,7,7,0,2,2,0,48,48,0,3/19,3/19,0,games_rule; baseline_overlap; baseline_peel,games_rule: games +1 | baseline_overlap: games +1 innings +1 | baseline_peel: games -1 innings -1,0,
grade,38,Corbin Little,D Grade,64,64,0,52,52,0,567,567,0,84,84,0,1,5,4,64,64,0,5/7,5/7,0,catches_rule; baseline_peel,catches_rule: catches +5 | baseline_peel: catches -1,0,
grade,38,Corbin Little,E Grade,25,27,2,14,14,0,228,228,0,32,32,0,2,2,0,57*,57*,0,4/23,4/23,0,games_rule; catches_rule; baseline_peel,games_rule: games +2 | catches_rule: catches +2 | baseline_peel: catches -2,0,
grade,38,Corbin Little,F Grade,18,20,2,16,16,0,306,306,0,17,17,0,0,0,0,57*,57*,0,4/3,4/3,0,games_rule,games_rule: games +2,0,
grade,39,Raymond Smedley,C Grade,48,50,2,45,45,0,1185,1185,0,29,29,0,33,33,0,82,82,0,5/14,5/14,0,games_rule; catches_rule; baseline_overlap; baseline_peel,games_rule: games +1 | catches_rule: catches +29 | baseline_overlap: games +1 | baseline_peel: catches -29,0,
grade,39,Raymond Smedley,E Grade,12,12,0,12,12,0,172,172,0,0,0,0,0,1,1,53*,53*,0,,,0,catches_rule,catches_rule: catches +1,0,
grade,40,Angus Kent,B Grade,116,121,5,111,111,0,2228,2228,0,45,45,0,30,30,0,94*,94*,0,4/15,4/15,0,games_rule; catches_rule; baseline_overlap; baseline_peel,games_rule: games +5 | catches_rule: catches +19 | baseline_overlap: games +21 innings +21 runs +237 wickets +6 catches +5 | baseline_peel: games -21 innings -21 runs -237 wickets -6 catches -24,0,
grade,40,Angus Kent,C Grade,8,8,0,8,8,0,161,161,0,1,1,0,0,3,3,41,41,0,1/30,1/30,0,catches_rule,catches_rule: catches +3,0,
grade,40,Angus Kent,D Grade,9,10,1,9,9,0,279,279,0,0,0,0,1,6,5,52,52,0,,,0,catches_rule; baseline_overlap; baseline_peel,catches_rule: catches +5 | baseline_overlap: games +1 catches +1 | baseline_peel: catches -1,0,
grade,41,Elliot Foote,B Grade,67,70,3,62,62,0,957,957,0,27,27,0,23,23,0,58,58,0,3/15,3/15,0,games_rule; catches_rule; baseline_overlap; baseline_peel,games_rule: games +3 | catches_rule: catches +4 | baseline_overlap: games +19 innings +19 runs +329 wickets +3 catches +7 | baseline_peel: games -19 innings -19 runs -329 wickets -3 catches -11,0,
grade,41,Elliot Foote,C Grade,45,47,2,38,38,0,635,635,0,40,40,0,10,10,0,55,55,0,6/16,6/16,0,games_rule; catches_rule; baseline_peel,games_rule: games +2 | catches_rule: catches +6 | baseline_peel: catches -6,0,
grade,41,Elliot Foote,D Grade,15,16,1,15,15,0,314,314,0,3,3,0,1,1,0,44,44,0,1/7,1/7,0,games_rule; catches_rule; baseline_peel,games_rule: games +1 | catches_rule: catches +1 | baseline_peel: catches -1,0,
grade,41,Elliot Foote,F Grade,1,2,1,1,1,0,67,67,0,0,0,0,0,0,0,67,67,0,,,0,games_rule,games_rule: games +1,0,
grade,43,Jack Manuel,A Grade,127,136,9,124,121,-3,4805,4733,-72,2,2,0,65,65,0,157,157,0,2/17,2/17,0,games_rule; catches_rule; baseline_overlap; baseline_peel; grade_reclassified,games_rule: games +12 | catches_rule: catches +63 | baseline_overlap: games +1 | baseline_peel: catches -63 | grade_reclassified: games -4 innings -3 runs -72,0,central files some A Grade matches as PPL
grade,43,Jack Manuel,PPL,20,25,5,20,23,3,564,636,72,0,0,0,1,3,2,70*,70*,0,,,0,games_rule; catches_rule; baseline_peel; grade_reclassified,games_rule: games +1 | catches_rule: catches +3 | baseline_peel: catches -1 | grade_reclassified: games +4 innings +3 runs +72,0,central files some A Grade matches as PPL
grade,44,Josh Rudge,A Grade,124,132,8,121,121,0,3374,3374,0,0,0,0,64,64,0,165,165,0,,,0,games_rule; catches_rule; baseline_peel,games_rule: games +8 | catches_rule: catches +62 | baseline_peel: catches -62,0,
grade,44,Josh Rudge,PPL,23,24,1,23,23,0,481,481,0,0,0,0,2,4,2,56,56,0,,,0,games_rule; catches_rule; baseline_peel,games_rule: games +1 | catches_rule: catches +4 | baseline_peel: catches -2,0,
grade,46,Josh Petersen,A Grade,135,140,5,124,116,-8,2181,2020,-161,16,16,0,94,94,0,103*,103*,0,5/17,5/17,0,games_rule; catches_rule; baseline_overlap; baseline_peel; grade_reclassified,games_rule: games +13 | catches_rule: catches +80 | baseline_overlap: games +1 | baseline_peel: catches -80 | grade_reclassified: games -9 innings -8 runs -161,0,central files some A Grade matches as PPL
grade,46,Josh Petersen,B Grade,26,26,0,25,25,0,686,686,0,4,4,0,14,22,8,88,88,0,2/14,2/14,0,catches_rule; baseline_peel,catches_rule: catches +22 | baseline_peel: catches -14,0,
grade,46,Josh Petersen,PPL,0,10,10,0,8,8,0,161,161,0,0,0,0,3,3,,44,1,,,0,games_rule; grade_reclassified,games_rule: games +1 | grade_reclassified: games +9 innings +8 runs +161 catches +3,0,central files some A Grade matches as PPL
grade,47,Dan Howell,A Grade,11,0,-11,11,0,-11,125,0,-125,4,0,-4,2,2,0,35*,35*,0,4/15,,1,unexplained,unexplained: games -11 innings -11 runs -125 wickets -4,0,
grade,47,Dan Howell,B Grade,40,1,-39,39,1,-38,830,99,-731,17,2,-15,16,16,0,79,79,0,3/19,3/26,1,unexplained,unexplained: games -39 innings -38 runs -731 wickets -15,0,
grade,47,Dan Howell,C Grade,122,121,-1,98,96,-2,1033,1024,-9,201,200,-1,35,35,0,121,121,0,5/18,5/18,0,games_rule; catches_rule; baseline_peel; unexplained,games_rule: games +12 | catches_rule: catches +16 | baseline_peel: games -11 catches -16 | unexplained: games -2 innings -2 runs -9 wickets -1,0,
grade,47,Dan Howell,D Grade,28,29,1,22,22,0,259,259,0,31,31,0,1,3,2,65*,65*,0,4/32,4/32,0,games_rule; catches_rule; baseline_peel,games_rule: games +1 | catches_rule: catches +3 | baseline_peel: catches -1,0,
grade,47,Dan Howell,E Grade,1,0,-1,1,0,-1,30,0,-30,3,0,-3,0,0,0,30,,1,3/12,,1,unexplained,unexplained: games -1 innings -1 runs -30 wickets -3,0,
grade,48,David Allen,C Grade,22,23,1,16,16,0,246,246,0,16,16,0,6,6,0,65,65,0,3/25,3/25,0,games_rule; catches_rule; baseline_peel,games_rule: games +1 | catches_rule: catches +2 | baseline_peel: catches -2,0,
grade,48,David Allen,D Grade,119,124,5,102,102,0,2150,2150,0,142,142,0,15,27,12,135*,135*,0,6/12,6/12,0,games_rule; catches_rule; baseline_peel,games_rule: games +5 | catches_rule: catches +27 | baseline_peel: catches -15,0,
grade,49,Peter Knight,B Grade,16,17,1,16,16,0,174,174,0,3,3,0,2,2,0,43*,43*,0,2/44,2/44,0,games_rule; catches_rule; baseline_peel,games_rule: games +1 | catches_rule: catches +1 | baseline_peel: catches -1,0,
grade,49,Peter Knight,C Grade,19,19,0,19,19,0,277,277,0,4,4,0,0,6,6,48*,48*,0,2/20,2/20,0,catches_rule,catches_rule: catches +6,0,
grade,49,Peter Knight,D Grade,81,83,2,76,76,0,1681,1681,0,25,25,0,6,18,12,142,142,0,3/7,3/7,0,games_rule; catches_rule; baseline_peel,games_rule: games +2 | catches_rule: catches +18 | baseline_peel: catches -6,0,
grade,49,Peter Knight,E Grade,4,5,1,4,4,0,111,111,0,0,0,0,1,1,0,53*,53*,0,,,0,games_rule; catches_rule; baseline_peel,games_rule: games +1 | catches_rule: catches +1 | baseline_peel: catches -1,0,
grade,49,Peter Knight,F Grade,13,15,2,13,13,0,462,462,0,5,5,0,1,2,1,103,103,0,3/29,3/29,0,games_rule; catches_rule; baseline_peel,games_rule: games +2 | catches_rule: catches +2 | baseline_peel: catches -1,0,
grade,50,Doug Mccarthy,D Grade,115,116,1,84,84,0,920,920,0,156,156,0,15,19,4,69,69,0,6/23,6/23,0,games_rule; catches_rule; baseline_peel,games_rule: games +3 | catches_rule: catches +19 | baseline_peel: games -2 catches -15,0,
grade,50,Doug Mccarthy,E Grade,14,14,0,9,9,0,73,73,0,22,22,0,0,1,1,33,33,0,4/4,4/4,0,catches_rule,catches_rule: catches +1,0,
grade,52,Wayne Reid,C Grade,2,2,0,1,1,0,5,5,0,0,0,0,0,1,1,5,5,0,,,0,catches_rule,catches_rule: catches +1,0,
grade,53,Andrew White,B Grade,1,2,1,1,1,0,5,5,0,0,0,0,0,0,0,5,5,0,,,0,games_rule,games_rule: games +1,0,
grade,53,Andrew White,C Grade,72,75,3,64,64,0,824,824,0,21,21,0,20,20,0,63*,63*,0,4/14,4/14,0,games_rule; catches_rule; baseline_peel,games_rule: games +4 | catches_rule: catches +15 | baseline_peel: games -1 catches -15,0,
grade,53,Andrew White,D Grade,45,45,0,39,39,0,528,528,0,22,22,0,11,15,4,113,113,0,4/11,4/11,0,games_rule; catches_rule; baseline_peel,games_rule: games +1 | catches_rule: catches +15 | baseline_peel: games -1 catches -11,0,
grade,53,Andrew White,E Grade,11,12,1,10,10,0,124,124,0,16,16,0,0,1,1,42,42,0,3/4,3/4,0,games_rule; catches_rule,games_rule: games +1 | catches_rule: catches +1,0,
grade,54,Lachlan Kinna,A Grade,100,98,-2,58,54,-4,307,297,-10,114,104,-10,31,31,0,46,46,0,5/18,5/18,0,games_rule; catches_rule; baseline_peel; grade_reclassified,games_rule: games +6 | catches_rule: catches +21 | baseline_peel: catches -21 | grade_reclassified: games -8 innings -4 runs -10 wickets -10,0,central files some A Grade matches as PPL
grade,54,Lachlan Kinna,B Grade,29,31,2,23,23,0,141,141,0,10,10,0,16,16,0,21,21,0,2/17,2/17,0,games_rule; catches_rule; baseline_peel,games_rule: games +2 | catches_rule: catches +12 | baseline_peel: catches -12,0,
grade,54,Lachlan Kinna,D Grade,2,3,1,1,1,0,35,35,0,0,0,0,1,1,0,35,35,0,,,0,catches_rule; baseline_overlap; baseline_peel,catches_rule: catches +1 | baseline_overlap: games +1 | baseline_peel: catches -1,0,
grade,54,Lachlan Kinna,F Grade,0,1,1,0,0,0,0,0,0,0,0,0,0,0,0,,,0,,,0,games_rule,games_rule: games +1,0,
grade,54,Lachlan Kinna,PPL,0,8,8,0,4,4,0,10,10,0,10,10,0,0,0,,7*,1,,3/15,1,grade_reclassified,grade_reclassified: games +8 innings +4 runs +10 wickets +10,0,central files some A Grade matches as PPL
grade,55,Damian Billing,B Grade,34,36,2,33,33,0,690,690,0,5,5,0,10,10,0,160,160,0,2/25,2/25,0,games_rule; baseline_overlap; baseline_peel,games_rule: games +1 | baseline_overlap: games +16 innings +15 runs +311 | baseline_peel: games -15 innings -15 runs -311,0,
grade,55,Damian Billing,C Grade,39,40,1,36,36,0,926,926,0,3,3,0,9,9,0,115,115,0,1/14,1/14,0,games_rule,games_rule: games +1,0,
grade,55,Damian Billing,E Grade,16,18,2,16,16,0,502,502,0,0,0,0,0,0,0,86,86,0,,,0,games_rule,games_rule: games +2,0,
grade,56,Michael Chappell,A Grade,85,84,-1,80,74,-6,1683,1634,-49,50,49,-1,25,25,0,96*,96*,0,5/19,5/19,0,games_rule; catches_rule; baseline_peel; grade_reclassified,games_rule: games +6 | catches_rule: catches +24 | baseline_peel: catches -24 | grade_reclassified: games -7 innings -6 runs -49 wickets -1,0,central files some A Grade matches as PPL
grade,56,Michael Chappell,PPL,7,14,7,2,8,6,4,53,49,7,8,1,0,4,4,3,16,1,3/16,3/16,0,catches_rule; grade_reclassified,catches_rule: catches +3 | grade_reclassified: games +7 innings +6 runs +49 wickets +1 catches +1,0,central files some A Grade matches as PPL
grade,57,Glen Filcock,D Grade,39,39,0,36,36,0,509,509,0,10,10,0,20,21,1,48,48,0,2/6,2/6,0,catches_rule; baseline_peel,catches_rule: catches +21 | baseline_peel: catches -20,0,
grade,57,Glen Filcock,E Grade,38,39,1,27,27,0,202,202,0,61,61,0,6,6,0,30,30,0,5/35,5/35,0,games_rule; catches_rule; baseline_peel,games_rule: games +2 | catches_rule: catches +3 | baseline_peel: games -1 catches -3,0,
grade,57,Glen Filcock,F Grade,3,4,1,3,3,0,35,35,0,1,1,0,0,1,1,35,35,0,1/0,1/0,0,games_rule; catches_rule,games_rule: games +1 | catches_rule: catches +1,0,
grade,58,Alec Smith,B Grade,28,30,2,14,14,0,53,53,0,22,22,0,3,8,5,14,14,0,3/23,3/23,0,games_rule; catches_rule; baseline_peel,games_rule: games +2 | catches_rule: catches +8 | baseline_peel: catches -3,0,
grade,58,Alec Smith,C Grade,52,54,2,21,21,0,84,84,0,51,51,0,11,23,12,15,15,0,4/38,4/38,0,games_rule; catches_rule; baseline_peel,games_rule: games +2 | catches_rule: catches +23 | baseline_peel: catches -11,0,
grade,58,Alec Smith,D Grade,49,52,3,20,20,0,151,151,0,58,58,0,15,20,5,60*,60*,0,5/38,5/38,0,games_rule; catches_rule; baseline_peel,games_rule: games +3 | catches_rule: catches +20 | baseline_peel: catches -15,0,
grade,60,Levi Muller,A Grade,84,83,-1,83,78,-5,1689,1675,-14,9,9,0,15,15,0,108*,108*,0,4/43,4/43,0,games_rule; catches_rule; baseline_peel; grade_reclassified,games_rule: games +5 | catches_rule: catches +13 | baseline_peel: catches -13 | grade_reclassified: games -6 innings -5 runs -14,0,central files some A Grade matches as PPL
grade,60,Levi Muller,B Grade,41,43,2,40,40,0,882,882,0,1,1,0,4,6,2,75,75,0,1/15,1/15,0,games_rule; catches_rule; baseline_overlap; baseline_peel,games_rule: games +2 | catches_rule: catches +6 | baseline_overlap: games +3 innings +3 runs +44 | baseline_peel: games -3 innings -3 runs -44 catches -4,0,
grade,60,Levi Muller,PPL,7,13,6,7,12,5,69,83,14,0,0,0,0,1,1,49,49,0,,,0,catches_rule; grade_reclassified,catches_rule: catches +1 | grade_reclassified: games +6 innings +5 runs +14,0,central files some A Grade matches as PPL
grade,62,Stuart Ball,E Grade,7,7,0,6,6,0,37,37,0,4,4,0,0,1,1,25*,25*,0,3/33,3/33,0,catches_rule,catches_rule: catches +1,0,
grade,62,Stuart Ball,F Grade,41,44,3,37,37,0,576,576,0,22,22,0,1,2,1,42,42,0,3/18,3/18,0,games_rule; catches_rule; baseline_peel,games_rule: games +3 | catches_rule: catches +2 | baseline_peel: catches -1,0,
grade,63,Adam Whitehorn,A Grade,11,12,1,7,7,0,26,26,0,3,3,0,0,1,1,9*,9*,0,2/32,2/32,0,games_rule; catches_rule,games_rule: games +1 | catches_rule: catches +1,0,
grade,63,Adam Whitehorn,B Grade,13,14,1,8,8,0,43,43,0,9,9,0,0,2,2,28*,28*,0,2/25,2/25,0,games_rule; catches_rule,games_rule: games +1 | catches_rule: catches +2,0,
grade,63,Adam Whitehorn,C Grade,40,42,2,16,16,0,116,116,0,37,37,0,3,3,0,18*,18*,0,4/20,4/20,0,games_rule; catches_rule; baseline_peel,games_rule: games +2 | catches_rule: catches +3 | baseline_peel: catches -3,0,
grade,63,Adam Whitehorn,D Grade,85,90,5,40,40,0,137,137,0,97,97,0,20,23,3,19*,19*,0,4/37,4/37,0,games_rule; catches_rule; baseline_peel,games_rule: games +5 | catches_rule: catches +23 | baseline_peel: catches -20,0,
grade,63,Adam Whitehorn,E Grade,12,13,1,3,3,0,36,36,0,16,16,0,1,1,0,27*,27*,0,5/9,5/9,0,games_rule; baseline_peel,games_rule: games +2 | baseline_peel: games -1,0,
grade,64,Matthew Gordon,A Grade,116,125,9,46,44,-2,248,218,-30,213,205,-8,28,28,0,22*,22*,0,8/14,8/14,0,games_rule; catches_rule; baseline_peel; grade_reclassified,games_rule: games +16 | catches_rule: catches +25 | baseline_peel: catches -25 | grade_reclassified: games -7 innings -2 runs -30 wickets -8,0,central files some A Grade matches as PPL
grade,64,Matthew Gordon,PPL,0,8,8,0,2,2,0,30,30,0,8,8,0,3,3,,15,1,,2/8,1,games_rule; grade_reclassified,games_rule: games +1 | grade_reclassified: games +7 innings +2 runs +30 wickets +8 catches +3,0,central files some A Grade matches as PPL
grade,66,Alex Dillon,A Grade,37,40,3,34,34,0,585,585,0,1,1,0,10,10,0,120*,120*,0,1/10,1/10,0,games_rule; catches_rule; baseline_peel,games_rule: games +3 | catches_rule: catches +9 | baseline_peel: catches -9,0,
grade,66,Alex Dillon,B Grade,45,49,4,43,43,0,1077,1077,0,6,6,0,10,10,0,118,118,0,2/38,2/38,0,games_rule; catches_rule; baseline_peel,games_rule: games +4 | catches_rule: catches +1 | baseline_peel: catches -1,0,
grade,66,Alex Dillon,C Grade,21,24,3,20,20,0,422,422,0,6,6,0,12,12,0,60*,60*,0,2/16,2/16,0,games_rule; catches_rule; baseline_peel,games_rule: games +4 | catches_rule: catches +7 | baseline_peel: games -1 catches -7,0,
grade,67,Craig Lines,A Grade,1,0,-1,0,0,0,0,0,0,0,0,0,0,0,0,,,0,,,0,grade_reclassified,grade_reclassified: games -1,0,central files some A Grade matches as PPL
grade,67,Craig Lines,B Grade,8,9,1,6,6,0,43,43,0,5,5,0,0,1,1,30*,30*,0,3/33,3/33,0,games_rule; catches_rule,games_rule: games +1 | catches_rule: catches +1,0,
grade,67,Craig Lines,D Grade,40,42,2,35,35,0,318,318,0,20,20,0,0,12,12,60,60,0,3/3,3/3,0,games_rule; catches_rule,games_rule: games +2 | catches_rule: catches +12,0,
grade,67,Craig Lines,E Grade,41,41,0,38,38,0,457,457,0,26,26,0,0,1,1,49,49,0,4/30,4/30,0,catches_rule,catches_rule: catches +1,0,
grade,67,Craig Lines,F Grade,15,16,1,14,14,0,305,305,0,17,17,0,2,2,0,70,70,0,4/23,4/23,0,games_rule; catches_rule; baseline_peel,games_rule: games +1 | catches_rule: catches +1 | baseline_peel: catches -1,0,
grade,67,Craig Lines,PPL,0,2,2,0,0,0,0,0,0,0,0,0,0,0,0,,,0,,,0,games_rule; grade_reclassified,games_rule: games +1 | grade_reclassified: games +1,0,central files some A Grade matches as PPL
grade,68,Eric Cocking,C Grade,21,22,1,21,21,0,269,269,0,1,1,0,0,5,5,38,38,0,1/29,1/29,0,games_rule; catches_rule,games_rule: games +1 | catches_rule: catches +5,0,
grade,68,Eric Cocking,D Grade,13,14,1,13,13,0,72,72,0,7,7,0,7,8,1,37,37,0,3/8,3/8,0,games_rule; catches_rule; baseline_peel,games_rule: games +1 | catches_rule: catches +8 | baseline_peel: catches -7,0,
grade,68,Eric Cocking,E Grade,95,98,3,90,90,0,2871,2871,0,113,113,0,8,13,5,115,115,0,5/12,5/12,0,games_rule; catches_rule; baseline_peel,games_rule: games +4 | catches_rule: catches +13 | baseline_peel: games -1 catches -8,0,
grade,69,Hugo Young,B Grade,20,21,1,17,17,0,169,169,0,0,0,0,6,15,9,36*,36*,0,,,0,games_rule; catches_rule; baseline_overlap; baseline_peel,games_rule: games +1 | catches_rule: catches +15 | baseline_overlap: games +1 | baseline_peel: games -1 catches -6,0,
grade,69,Hugo Young,C Grade,15,15,0,9,9,0,48,48,0,0,0,0,0,14,14,15,15,0,,,0,catches_rule,catches_rule: catches +14,0,
grade,69,Hugo Young,Colts,26,26,0,19,19,0,237,237,0,0,0,0,4,10,6,53,53,0,,,0,extra_central_match; catches_rule; baseline_peel; unexplained,extra_central_match: games +1 catches +1 | catches_rule: catches +9 | baseline_peel: catches -4 | unexplained: games -1,0,
grade,69,Hugo Young,D Grade,34,35,1,24,24,0,322,322,0,5,5,0,2,12,10,79,79,0,3/9,3/9,0,games_rule; catches_rule; baseline_peel,games_rule: games +1 | catches_rule: catches +12 | baseline_peel: catches -2,0,
grade,69,Hugo Young,E Grade,14,16,2,12,12,0,300,300,0,1,1,0,10,10,0,68*,68*,0,1/2,1/2,0,games_rule; catches_rule; baseline_peel,games_rule: games +2 | catches_rule: catches +7 | baseline_peel: catches -7,0,
grade,70,James Skeels,B Grade,93,94,1,85,85,0,1408,1408,0,0,0,0,13,32,19,74,74,0,,,0,extra_central_match; games_rule; catches_rule; baseline_peel; unexplained,extra_central_match: games +1 | games_rule: games +1 | catches_rule: catches +32 | baseline_peel: catches -13 | unexplained: games -1,0,
grade,71,Liam Blampied,A Grade,61,65,4,55,54,-1,818,782,-36,3,2,-1,17,17,0,80,80,0,1/18,1/25,1,games_rule; grade_reclassified,games_rule: games +5 | grade_reclassified: games -1 innings -1 runs -36 wickets -1,0,central files some A Grade matches as PPL
grade,71,Liam Blampied,B Grade,35,37,2,34,34,0,843,843,0,12,12,0,18,18,0,93,93,0,3/6,3/6,0,games_rule,games_rule: games +2,0,
grade,71,Liam Blampied,PPL,0,1,1,0,1,1,0,36,36,0,1,1,0,0,0,,36,1,,1/18,1,grade_reclassified,grade_reclassified: games +1 innings +1 runs +36 wickets +1,0,central files some A Grade matches as PPL
grade,73,Lewis Starbuck,A Grade,51,49,-2,25,23,-2,65,55,-10,71,66,-5,11,11,0,15,15,0,5/11,5/11,0,games_rule; catches_rule; baseline_overlap; baseline_peel; grade_reclassified,games_rule: games +1 | catches_rule: catches +3 | baseline_overlap: games +1 | baseline_peel: catches -3 | grade_reclassified: games -4 innings -2 runs -10 wickets -5,0,central files some A Grade matches as PPL
grade,73,Lewis Starbuck,C Grade,5,6,1,3,3,0,37,37,0,5,5,0,1,1,0,32,32,0,2/6,2/6,0,baseline_overlap,baseline_overlap: games +1,0,
grade,73,Lewis Starbuck,F Grade,0,2,2,0,0,0,0,0,0,0,0,0,0,0,0,,,0,,,0,games_rule,games_rule: games +2,0,
grade,73,Lewis Starbuck,PPL,8,12,4,1,3,2,1,11,10,4,9,5,0,0,0,1,6*,1,1/14,2/17,1,grade_reclassified,grade_reclassified: games +4 innings +2 runs +10 wickets +5,0,central files some A Grade matches as PPL
grade,75,Jacob Barnes,C Grade,2,2,0,2,2,0,32,32,0,8,8,0,0,1,1,30*,30*,0,5/16,5/16,0,catches_rule,catches_rule: catches +1,0,
grade,75,Jacob Barnes,Colts,3,3,0,3,3,0,78,78,0,3,3,0,1,1,0,38*,38*,0,3/37,3/23,1,unexplained,unexplained,0,
grade,75,Jacob Barnes,PPL,3,4,1,2,2,0,8,8,0,0,0,0,1,1,0,5*,5*,0,,,0,baseline_overlap,baseline_overlap: games +1,0,
grade,76,Peter Harmer,B Grade,32,33,1,5,5,0,15,15,0,39,39,0,1,1,0,9*,9*,0,4/23,4/23,0,games_rule; baseline_peel,games_rule: games +2 | baseline_peel: games -1,0,
grade,76,Peter Harmer,F Grade,23,25,2,3,3,0,6,6,0,31,31,0,0,0,0,6*,6*,0,5/34,5/34,0,games_rule,games_rule: games +2,0,
grade,77,Cary Green,A Grade,79,81,2,73,71,-2,2180,2067,-113,2,2,0,17,17,0,106,106,0,1/0,1/0,0,games_rule; catches_rule; baseline_peel; grade_reclassified,games_rule: games +6 | catches_rule: catches +11 | baseline_peel: games -2 catches -11 | grade_reclassified: games -2 innings -2 runs -113,0,central files some A Grade matches as PPL
grade,77,Cary Green,PPL,0,3,3,0,2,2,0,113,113,0,0,0,0,0,0,,79,1,,,0,games_rule; grade_reclassified,games_rule: games +1 | grade_reclassified: games +2 innings +2 runs +113,0,central files some A Grade matches as PPL
grade,78,Aaron Fitzpatrick,C Grade,37,39,2,29,29,0,358,358,0,2,2,0,20,22,2,43*,43*,0,1/1,1/1,0,games_rule; catches_rule; baseline_peel,games_rule: games +2 | catches_rule: catches +22 | baseline_peel: catches -20,0,
grade,81,Timothy Miles,A Grade,83,88,5,74,74,0,1808,1808,0,74,74,0,26,29,3,112*,112*,0,6/25,6/25,0,games_rule; catches_rule; baseline_peel,games_rule: games +5 | catches_rule: catches +29 | baseline_peel: catches -26,0,
grade,81,Timothy Miles,PPL,14,15,1,14,14,0,386,386,0,7,7,0,3,5,2,100,100,0,3/7,3/7,0,games_rule; catches_rule; baseline_peel,games_rule: games +1 | catches_rule: catches +5 | baseline_peel: catches -3,0,
grade,83,Leigh Elder,C Grade,99,102,3,32,32,0,109,109,0,169,169,0,18,18,0,22*,22*,0,6/39,6/39,0,games_rule; catches_rule; baseline_peel,games_rule: games +4 | catches_rule: catches +14 | baseline_peel: games -1 catches -14,0,
grade,84,Dustin Robinson,A Grade,45,47,2,40,40,0,465,465,0,6,6,0,7,7,0,42,42,0,4/33,4/33,0,games_rule; catches_rule; baseline_peel,games_rule: games +3 | catches_rule: catches +1 | baseline_peel: games -1 catches -1,0,
grade,84,Dustin Robinson,B Grade,59,60,1,51,51,0,1001,1001,0,11,11,0,9,9,0,56,56,0,2/10,2/10,0,games_rule; baseline_overlap; baseline_peel,games_rule: games +1 | baseline_overlap: games +9 innings +9 runs +213 wickets +10 | baseline_peel: games -9 innings -9 runs -213 wickets -10,0,
grade,85,Mitchell Morley,B Grade,35,37,2,27,27,0,858,858,0,56,56,0,5,11,6,103*,103*,0,5/5,5/5,0,games_rule; catches_rule; baseline_peel,games_rule: games +2 | catches_rule: catches +11 | baseline_peel: catches -5,0,
grade,85,Mitchell Morley,C Grade,7,7,0,7,7,0,91,91,0,0,0,0,0,3,3,30,30,0,,,0,catches_rule,catches_rule: catches +3,0,
grade,86,Cameron Burrage,A Grade,79,84,5,68,62,-6,895,829,-66,82,73,-9,28,28,0,57,57,0,4/8,4/8,0,games_rule; catches_rule; baseline_peel; grade_reclassified,games_rule: games +12 | catches_rule: catches +2 | baseline_peel: catches -2 | grade_reclassified: games -7 innings -6 runs -66 wickets -9,0,central files some A Grade matches as PPL
grade,86,Cameron Burrage,PPL,0,7,7,0,6,6,0,66,66,0,9,9,0,0,0,,28,1,,2/14,1,grade_reclassified,grade_reclassified: games +7 innings +6 runs +66 wickets +9,0,central files some A Grade matches as PPL
grade,87,Daniel Rackham,D Grade,56,57,1,56,56,0,504,504,0,0,0,0,12,12,0,54,54,0,,,0,games_rule; catches_rule; baseline_peel,games_rule: games +1 | catches_rule: catches +12 | baseline_peel: catches -12,0,
grade,88,Zachary Dreckow,B Grade,30,30,0,22,22,0,261,261,0,25,25,0,3,5,2,36*,36*,0,4/16,4/16,0,extra_central_match; catches_rule; baseline_peel; unexplained,extra_central_match: games +1 | catches_rule: catches +5 | baseline_peel: catches -3 | unexplained: games -1,0,
grade,88,Zachary Dreckow,Colts,28,28,0,19,19,0,375,375,0,13,13,0,3,4,1,81*,81*,0,3/7,3/7,0,extra_central_match; catches_rule; baseline_peel; unexplained,extra_central_match: games +1 | catches_rule: catches +4 | baseline_peel: catches -3 | unexplained: games -1,0,
grade,88,Zachary Dreckow,D Grade,22,22,0,19,19,0,256,256,0,27,27,0,0,1,1,54*,54*,0,4/32,4/32,0,catches_rule,catches_rule: catches +1,0,
grade,88,Zachary Dreckow,E Grade,7,8,1,7,7,0,96,96,0,10,10,0,0,1,1,28*,28*,0,4/7,4/7,0,games_rule; catches_rule,games_rule: games +1 | catches_rule: catches +1,0,
grade,90,Jayden Matthews,B Grade,18,20,2,15,15,0,145,145,0,2,2,0,6,6,0,52,52,0,1/4,1/4,0,games_rule; catches_rule; baseline_peel,games_rule: games +2 | catches_rule: catches +4 | baseline_peel: catches -4,0,
grade,90,Jayden Matthews,D Grade,33,36,3,32,32,0,287,287,0,4,4,0,9,11,2,31,31,0,2/3,2/3,0,games_rule; catches_rule; baseline_peel,games_rule: games +3 | catches_rule: catches +11 | baseline_peel: catches -9,0,
grade,90,Jayden Matthews,E Grade,27,29,2,20,20,0,195,195,0,4,4,0,3,3,0,46*,46*,0,2/12,2/12,0,games_rule; catches_rule; baseline_peel,games_rule: games +3 | catches_rule: catches +2 | baseline_peel: games -1 catches -2,0,
grade,91,Jeff Dillon,C Grade,19,20,1,16,16,0,507,507,0,2,2,0,7,7,0,102,102,0,2/8,2/8,0,games_rule; catches_rule; baseline_peel,games_rule: games +1 | catches_rule: catches +2 | baseline_peel: catches -2,0,
grade,91,Jeff Dillon,D Grade,53,54,1,52,52,0,1441,1441,0,0,0,0,11,14,3,104*,104*,0,,,0,games_rule; catches_rule; baseline_peel,games_rule: games +2 | catches_rule: catches +14 | baseline_peel: games -1 catches -11,0,
grade,92,Matt Newton,B Grade,0,1,1,0,0,0,0,0,0,0,0,0,0,0,0,,,0,,,0,games_rule,games_rule: games +1,0,
grade,92,Matt Newton,C Grade,3,4,1,2,2,0,10,10,0,0,0,0,0,0,0,10*,10*,0,,,0,games_rule,games_rule: games +1,0,
grade,92,Matt Newton,E Grade,88,91,3,69,69,0,1025,1025,0,0,0,0,9,9,0,73,73,0,,,0,games_rule; catches_rule; baseline_peel,games_rule: games +4 | catches_rule: catches +8 | baseline_peel: games -1 catches -8,0,
grade,93,Ashley Jeffrey,A Grade,39,39,0,13,11,-2,47,45,-2,48,42,-6,8,8,0,20,20,0,5/16,5/16,0,games_rule; catches_rule; baseline_peel; grade_reclassified,games_rule: games +4 | catches_rule: catches +5 | baseline_peel: catches -5 | grade_reclassified: games -4 innings -2 runs -2 wickets -6,0,central files some A Grade matches as PPL
grade,93,Ashley Jeffrey,B Grade,25,26,1,10,10,0,47,47,0,35,35,0,5,5,0,16*,16*,0,5/11,5/11,0,games_rule; catches_rule; baseline_peel,games_rule: games +1 | catches_rule: catches +3 | baseline_peel: catches -3,0,
grade,93,Ashley Jeffrey,PPL,1,6,5,1,3,2,0,2,2,0,6,6,0,0,0,0*,2,1,,4/6,1,games_rule; grade_reclassified,games_rule: games +1 | grade_reclassified: games +4 innings +2 runs +2 wickets +6,0,central files some A Grade matches as PPL
grade,94,Craig Ford,A Grade,31,34,3,28,28,0,546,546,0,6,6,0,5,5,0,103,103,0,5/25,5/25,0,games_rule; catches_rule; baseline_overlap; baseline_peel,games_rule: games +2 | catches_rule: catches +3 | baseline_overlap: games +1 | baseline_peel: catches -3,0,
grade,94,Craig Ford,B Grade,54,54,0,43,43,0,878,878,0,20,20,0,8,12,4,85*,85*,0,4/17,4/17,0,extra_central_match; catches_rule; baseline_peel; unexplained,extra_central_match: games +1 | catches_rule: catches +12 | baseline_peel: catches -8 | unexplained: games -1,0,
grade,94,Craig Ford,C Grade,11,11,0,10,10,0,176,176,0,18,18,0,0,1,1,61*,61*,0,4/20,4/20,0,catches_rule,catches_rule: catches +1,0,
grade,95,David Lovell,B Grade,17,17,0,13,13,0,546,546,0,8,8,0,2,3,1,147,147,0,5/9,5/9,0,games_rule; catches_rule; baseline_peel,games_rule: games +1 | catches_rule: catches +3 | baseline_peel: games -1 catches -2,0,
grade,95,David Lovell,C Grade,0,1,1,0,0,0,0,0,0,0,0,0,0,0,0,,,0,,,0,games_rule,games_rule: games +1,0,
grade,95,David Lovell,D Grade,11,11,0,10,10,0,182,182,0,0,0,0,0,7,7,74,74,0,,,0,catches_rule,catches_rule: catches +7,0,
grade,95,David Lovell,E Grade,10,11,1,8,8,0,224,224,0,0,0,0,0,0,0,64,64,0,,,0,games_rule,games_rule: games +1,0,
grade,95,David Lovell,F Grade,19,23,4,16,16,0,592,592,0,8,8,0,0,4,4,123*,123*,0,4/6,4/6,0,games_rule; catches_rule,games_rule: games +4 | catches_rule: catches +4,0,
grade,97,Darryl Morgan,B Grade,16,16,0,11,11,0,156,156,0,17,17,0,0,1,1,38,38,0,4/31,4/31,0,catches_rule,catches_rule: catches +1,0,
grade,98,Mitchell Green,A Grade,74,81,7,71,69,-2,2522,2461,-61,45,45,0,29,29,0,123,123,0,5/23,5/23,0,games_rule; catches_rule; baseline_peel; grade_reclassified,games_rule: games +9 | catches_rule: catches +14 | baseline_peel: catches -14 | grade_reclassified: games -2 innings -2 runs -61,0,central files some A Grade matches as PPL
grade,98,Mitchell Green,PPL,0,3,3,0,2,2,0,61,61,0,0,0,0,0,0,,57,1,,,0,games_rule; grade_reclassified,games_rule: games +1 | grade_reclassified: games +2 innings +2 runs +61,0,central files some A Grade matches as PPL
grade,100,Dean Patterson,D Grade,4,4,0,4,4,0,40,40,0,6,6,0,0,1,1,40,40,0,4/34,4/34,0,catches_rule,catches_rule: catches +1,0,
grade,101,Joshua Quaid,D Grade,15,16,1,14,14,0,405,405,0,7,7,0,5,5,0,75*,75*,0,2/17,2/17,0,games_rule; catches_rule; baseline_peel,games_rule: games +1 | catches_rule: catches +5 | baseline_peel: catches -5,0,
grade,102,Tyler Naidoo,C Grade,21,22,1,20,20,0,291,291,0,18,18,0,5,5,0,33,33,0,5/41,5/41,0,games_rule; catches_rule; baseline_peel,games_rule: games +1 | catches_rule: catches +3 | baseline_peel: catches -3,0,
grade,102,Tyler Naidoo,D Grade,1,2,1,1,1,0,104,104,0,1,1,0,0,0,0,104,104,0,1/30,1/30,0,games_rule,games_rule: games +1,0,
grade,102,Tyler Naidoo,F Grade,5,6,1,5,5,0,164,164,0,5,5,0,0,0,0,72*,72*,0,2/1,2/1,0,games_rule,games_rule: games +1,0,
grade,103,Daniel Baker,A Grade,4,5,1,4,4,0,14,14,0,0,0,0,3,3,0,7,7,0,,,0,games_rule,games_rule: games +1,0,
grade,103,Daniel Baker,B Grade,27,30,3,26,26,0,303,303,0,3,3,0,14,14,0,117,117,0,2/20,2/20,0,games_rule; baseline_overlap,games_rule: games +2 | baseline_overlap: games +1,0,
grade,103,Daniel Baker,C Grade,24,26,2,19,19,0,428,428,0,1,1,0,15,15,0,86,86,0,1/21,1/21,0,games_rule; baseline_peel,games_rule: games +3 | baseline_peel: games -1,0,
grade,104,Dave Somers,D Grade,12,12,0,12,12,0,213,213,0,0,0,0,1,4,3,99*,99*,0,,,0,catches_rule; baseline_peel,catches_rule: catches +4 | baseline_peel: catches -1,0,
grade,104,Dave Somers,E Grade,71,73,2,70,70,0,2423,2423,0,7,7,0,3,9,6,157,157,0,4/9,4/9,0,games_rule; catches_rule; baseline_peel,games_rule: games +2 | catches_rule: catches +9 | baseline_peel: catches -3,0,
grade,105,Andrew Tatterson,A Grade,81,91,10,80,78,-2,2034,2023,-11,108,107,-1,21,21,0,124,124,0,5/25,5/25,0,games_rule; catches_rule; baseline_peel; grade_reclassified,games_rule: games +12 | catches_rule: catches +17 | baseline_peel: catches -17 | grade_reclassified: games -2 innings -2 runs -11 wickets -1,0,central files some A Grade matches as PPL
grade,105,Andrew Tatterson,PPL,0,2,2,0,2,2,0,11,11,0,1,1,0,1,1,,9,1,,1/12,1,grade_reclassified,grade_reclassified: games +2 innings +2 runs +11 wickets +1 catches +1,0,central files some A Grade matches as PPL
grade,107,Chris Love,E Grade,46,48,2,10,10,0,49,49,0,58,58,0,4,4,0,11,11,0,5/2,5/2,0,games_rule; catches_rule; baseline_peel,games_rule: games +2 | catches_rule: catches +1 | baseline_peel: catches -1,0,
grade,107,Chris Love,F Grade,34,35,1,9,9,0,13,13,0,46,46,0,3,3,0,5*,5*,0,4/25,4/25,0,games_rule; catches_rule; baseline_peel,games_rule: games +1 | catches_rule: catches +2 | baseline_peel: catches -2,0,
grade,108,Andrew Pocklington,C Grade,36,39,3,26,26,0,401,401,0,46,46,0,8,8,0,94,94,0,6/31,6/31,0,games_rule; catches_rule; baseline_peel,games_rule: games +4 | catches_rule: catches +5 | baseline_peel: games -1 catches -5,0,
grade,108,Andrew Pocklington,D Grade,27,30,3,24,24,0,492,492,0,25,25,0,0,1,1,62*,62*,0,3/15,3/15,0,games_rule; catches_rule,games_rule: games +3 | catches_rule: catches +1,0,
grade,108,Andrew Pocklington,F Grade,1,2,1,1,1,0,5,5,0,3,3,0,0,0,0,5,5,0,3/26,3/26,0,games_rule,games_rule: games +1,0,
grade,109,Adam Gray,B Grade,22,22,0,17,17,0,213,213,0,8,8,0,5,10,5,36,36,0,4/16,4/16,0,catches_rule; baseline_peel,catches_rule: catches +10 | baseline_peel: catches -5,0,
grade,109,Adam Gray,C Grade,17,17,0,17,17,0,372,372,0,4,4,0,0,14,14,51,51,0,1/24,1/24,0,catches_rule,catches_rule: catches +14,0,
grade,109,Adam Gray,D Grade,40,42,2,40,40,0,1219,1219,0,19,19,0,6,18,12,143,143,0,3/3,3/3,0,games_rule; catches_rule; baseline_peel,games_rule: games +2 | catches_rule: catches +18 | baseline_peel: catches -6,0,
grade,110,Mason Austin,D Grade,28,30,2,22,22,0,145,145,0,14,14,0,0,3,3,25,25,0,4/52,4/52,0,games_rule; catches_rule,games_rule: games +2 | catches_rule: catches +3,0,
grade,110,Mason Austin,E Grade,32,33,1,21,21,0,176,176,0,30,30,0,0,2,2,34,34,0,5/31,5/31,0,games_rule; catches_rule,games_rule: games +1 | catches_rule: catches +2,0,
grade,110,Mason Austin,F Grade,15,21,6,15,15,0,254,254,0,3,3,0,0,5,5,53,53,0,2/41,2/41,0,games_rule; catches_rule,games_rule: games +6 | catches_rule: catches +5,0,
grade,111,Nathan Pasco,D Grade,25,26,1,21,21,0,191,191,0,37,37,0,1,7,6,27,27,0,5/25,5/25,0,games_rule; catches_rule; baseline_peel,games_rule: games +1 | catches_rule: catches +7 | baseline_peel: catches -1,0,
grade,111,Nathan Pasco,F Grade,45,51,6,36,36,0,631,631,0,56,56,0,5,6,1,72,72,0,4/5,4/5,0,games_rule; catches_rule; baseline_peel,games_rule: games +6 | catches_rule: catches +6 | baseline_peel: catches -5,0,
grade,112,Rod Tregenza,A Grade,37,40,3,31,31,0,444,444,0,40,40,0,13,19,6,60*,60*,0,5/19,5/19,0,games_rule; catches_rule; baseline_peel,games_rule: games +3 | catches_rule: catches +19 | baseline_peel: catches -13,0,
grade,112,Rod Tregenza,B Grade,11,11,0,11,11,0,266,266,0,9,9,0,8,11,3,66,66,0,3/20,3/20,0,catches_rule; baseline_peel,catches_rule: catches +11 | baseline_peel: catches -8,0,
grade,113,Montanna Kelly-Wilson,E Grade,0,1,1,0,0,0,0,0,0,0,0,0,0,0,0,,,0,,,0,games_rule,games_rule: games +1,0,
grade,113,Montanna Kelly-Wilson,Female A Grade,34,34,0,21,21,0,158,158,0,27,27,0,1,5,4,29,29,0,3/21,3/21,0,catches_rule; baseline_peel,catches_rule: catches +5 | baseline_peel: catches -1,0,
grade,113,Montanna Kelly-Wilson,Female B Grade,45,47,2,44,44,0,670,670,0,36,36,0,0,0,0,47*,47*,0,3/4,3/4,0,ladies_t20,ladies_t20: games +2,0,
grade,115,Michael Niven,D Grade,53,55,2,52,52,0,917,917,0,5,5,0,9,15,6,66,66,0,3/13,3/13,0,games_rule; catches_rule; baseline_peel,games_rule: games +2 | catches_rule: catches +15 | baseline_peel: catches -9,0,
grade,115,Michael Niven,E Grade,18,18,0,18,18,0,269,269,0,0,0,0,3,4,1,40,40,0,,,0,catches_rule; baseline_peel,catches_rule: catches +4 | baseline_peel: catches -3,0,
grade,116,Travis Caine,A Grade,45,47,2,36,36,0,542,542,0,4,4,0,11,13,2,59*,59*,0,2/2,2/2,0,games_rule; catches_rule; baseline_peel,games_rule: games +2 | catches_rule: catches +13 | baseline_peel: catches -11,0,
grade,116,Travis Caine,B Grade,4,4,0,4,4,0,227,227,0,1,1,0,0,2,2,134*,134*,0,1/17,1/17,0,catches_rule,catches_rule: catches +2,0,
grade,117,Blake Allen,E Grade,3,5,2,2,2,0,19,19,0,3,3,0,0,0,0,15,15,0,1/12,1/12,0,games_rule,games_rule: games +2,0,
grade,118,Dale Gumbleton,A Grade,28,27,-1,19,18,-1,127,127,0,1,1,0,20,20,0,26*,26*,0,1/8,1/8,0,baseline_overlap; baseline_peel; grade_reclassified,baseline_overlap: games +2 | baseline_peel: games -2 | grade_reclassified: games -1 innings -1,0,central files some A Grade matches as PPL
grade,118,Dale Gumbleton,B Grade,43,45,2,39,39,0,789,789,0,3,3,0,37,37,0,71,71,0,2/7,2/7,0,games_rule,games_rule: games +2,0,
grade,118,Dale Gumbleton,PPL,0,1,1,0,1,1,0,0,0,0,0,0,0,0,0,,0*,1,,,0,grade_reclassified,grade_reclassified: games +1 innings +1,0,central files some A Grade matches as PPL
grade,119,Don Skipworth,C Grade,4,4,0,4,4,0,31,31,0,0,0,0,0,1,1,21,21,0,,,0,catches_rule,catches_rule: catches +1,0,
grade,121,Jett Demmery,A Grade,29,31,2,10,10,0,18,18,0,27,27,0,7,7,0,10,10,0,4/13,4/13,0,games_rule; catches_rule; baseline_peel,games_rule: games +2 | catches_rule: catches +7 | baseline_peel: catches -7,0,
grade,121,Jett Demmery,Colts,26,26,0,16,16,0,115,115,0,18,18,0,6,8,2,21*,21*,0,3/14,3/14,0,extra_central_match; catches_rule; baseline_peel; unexplained,extra_central_match: games +1 wickets +3 catches +1 | catches_rule: catches +7 | baseline_peel: catches -6 | unexplained: games -1 wickets -3,0,
grade,121,Jett Demmery,F Grade,4,4,0,3,3,0,17,17,0,6,6,0,0,1,1,12,12,0,4/22,4/22,0,catches_rule,catches_rule: catches +1,0,
grade,121,Jett Demmery,PPL,5,6,1,0,0,0,0,0,0,4,4,0,0,0,0,0,0,0,1/11,1/11,0,games_rule,games_rule: games +1,0,
grade,122,Mark Cruickshank,E Grade,57,58,1,51,51,0,687,687,0,0,0,0,33,33,0,88,88,0,,,0,games_rule; catches_rule; baseline_peel,games_rule: games +2 | catches_rule: catches +17 | baseline_peel: games -1 catches -17,0,
grade,123,Mitchell Felton,A Grade,71,75,4,20,20,0,80,80,0,92,92,0,6,14,8,15,15,0,5/9,5/9,0,games_rule; catches_rule; baseline_peel; grade_reclassified,games_rule: games +5 | catches_rule: catches +14 | baseline_peel: catches -6 | grade_reclassified: games -1,0,central files some A Grade matches as PPL
grade,123,Mitchell Felton,B Grade,72,74,2,31,31,0,136,136,0,88,88,0,18,18,0,30,30,0,5/37,5/37,0,games_rule; catches_rule; baseline_overlap; baseline_peel,games_rule: games +2 | catches_rule: catches +4 | baseline_overlap: games +12 innings +7 runs +21 wickets +13 catches +3 | baseline_peel: games -12 innings -7 runs -21 wickets -13 catches -7,0,
grade,123,Mitchell Felton,C Grade,22,26,4,8,8,0,6,6,0,34,34,0,9,9,0,4,4,0,4/18,4/18,0,games_rule; catches_rule; baseline_peel,games_rule: games +4 | catches_rule: catches +9 | baseline_peel: catches -9,0,
grade,123,Mitchell Felton,D Grade,18,20,2,10,10,0,78,78,0,31,31,0,4,4,0,21,21,0,5/22,5/22,0,games_rule; catches_rule; baseline_peel,games_rule: games +2 | catches_rule: catches +4 | baseline_peel: catches -4,0,
grade,123,Mitchell Felton,E Grade,0,1,1,0,0,0,0,0,0,0,0,0,0,0,0,,,0,,,0,games_rule,games_rule: games +1,0,
grade,123,Mitchell Felton,PPL,4,5,1,0,0,0,0,0,0,4,4,0,0,0,0,0,0,0,2/18,2/18,0,grade_reclassified,grade_reclassified: games +1,0,central files some A Grade matches as PPL
grade,124,Geoffrey Buchholz,D Grade,58,59,1,56,56,0,1931,1931,0,6,6,0,37,37,0,155*,155*,0,2/37,2/37,0,games_rule; baseline_peel,games_rule: games +3 | baseline_peel: games -2,0,
grade,124,Geoffrey Buchholz,E Grade,2,3,1,2,2,0,111,111,0,0,0,0,0,0,0,68,68,0,,,0,games_rule,games_rule: games +1,0,
grade,124,Geoffrey Buchholz,F Grade,11,13,2,11,11,0,345,345,0,0,0,0,1,1,0,81,81,0,,,0,games_rule; baseline_overlap,games_rule: games +1 | baseline_overlap: games +1,0,
grade,125,Brennan Gillam,A Grade,62,67,5,54,54,0,1159,1159,0,32,32,0,33,33,0,70,70,0,5/21,5/21,0,games_rule; catches_rule; baseline_peel,games_rule: games +5 | catches_rule: catches +2 | baseline_peel: catches -2,0,
grade,125,Brennan Gillam,C Grade,8,9,1,8,8,0,247,247,0,0,0,0,7,7,0,101*,101*,0,,,0,games_rule,games_rule: games +1,0,
grade,126,Alex Quigg,B Grade,24,25,1,20,20,0,152,152,0,14,14,0,11,11,0,23,23,0,3/25,3/25,0,games_rule; catches_rule; baseline_peel,games_rule: games +1 | catches_rule: catches +5 | baseline_peel: catches -5,0,
grade,126,Alex Quigg,D Grade,13,15,2,12,12,0,168,168,0,10,10,0,0,4,4,69*,69*,0,2/25,2/25,0,games_rule; catches_rule,games_rule: games +2 | catches_rule: catches +4,0,
grade,127,Mick Carlton,B Grade,22,22,0,21,21,0,301,301,0,0,0,0,7,11,4,40*,40*,0,,,0,catches_rule; baseline_peel,catches_rule: catches +11 | baseline_peel: catches -7,0,
grade,127,Mick Carlton,C Grade,9,9,0,8,8,0,164,164,0,0,0,0,0,5,5,61,61,0,,,0,catches_rule,catches_rule: catches +5,0,
grade,128,Reid Klopper,A Grade,24,25,1,24,24,0,270,270,0,7,7,0,5,7,2,37,37,0,4/28,4/28,0,games_rule; catches_rule; baseline_peel,games_rule: games +1 | catches_rule: catches +7 | baseline_peel: catches -5,0,
grade,128,Reid Klopper,B Grade,24,25,1,24,24,0,361,361,0,4,4,0,16,16,0,65,65,0,3/21,3/21,0,games_rule; baseline_overlap; baseline_peel,games_rule: games +1 | baseline_overlap: games +1 innings +1 runs +15 catches +2 | baseline_peel: games -1 innings -1 runs -15 catches -2,0,
grade,129,Andrew Cocking,B Grade,12,13,1,9,9,0,80,80,0,11,11,0,4,4,0,15,15,0,3/44,3/44,0,games_rule; catches_rule; baseline_peel,games_rule: games +1 | catches_rule: catches +3 | baseline_peel: catches -3,0,
grade,129,Andrew Cocking,D Grade,35,38,3,26,26,0,300,300,0,49,49,0,15,15,0,40,40,0,5/11,5/11,0,games_rule; catches_rule; baseline_peel,games_rule: games +3 | catches_rule: catches +13 | baseline_peel: catches -13,0,
grade,130,Jesse Hickman,B Grade,17,19,2,13,13,0,57,57,0,22,22,0,4,4,0,12,12,0,4/29,4/29,0,games_rule; catches_rule; baseline_overlap; baseline_peel,games_rule: games +1 | catches_rule: catches +3 | baseline_overlap: games +3 innings +2 runs +14 wickets +5 | baseline_peel: games -2 innings -2 runs -14 wickets -5 catches -3,0,
grade,130,Jesse Hickman,D Grade,2,2,0,1,1,0,19,19,0,1,1,0,0,1,1,19,19,0,1/19,1/19,0,catches_rule,catches_rule: catches +1,0,
grade,131,Bradley Wiseman,A Grade,54,58,4,53,51,-2,1164,1100,-64,0,0,0,20,20,0,98*,98*,0,,,0,games_rule; grade_reclassified,games_rule: games +6 | grade_reclassified: games -2 innings -2 runs -64,0,central files some A Grade matches as PPL
grade,131,Bradley Wiseman,PPL,0,3,3,0,2,2,0,64,64,0,0,0,0,0,0,,49,1,,,0,games_rule; grade_reclassified,games_rule: games +1 | grade_reclassified: games +2 innings +2 runs +64,0,central files some A Grade matches as PPL
grade,133,Hudson Malingre,B Grade,42,42,0,17,17,0,84,84,0,59,59,0,8,10,2,23,23,0,5/29,5/29,0,catches_rule; baseline_peel,catches_rule: catches +10 | baseline_peel: catches -8,0,
grade,133,Hudson Malingre,D Grade,13,14,1,7,7,0,40,40,0,12,12,0,0,1,1,14*,14*,0,3/32,3/32,0,games_rule; catches_rule,games_rule: games +1 | catches_rule: catches +1,0,
grade,136,Keelan Beattie,A Grade,49,50,1,42,42,0,768,768,0,0,0,0,15,15,0,65*,65*,0,,,0,games_rule,games_rule: games +1,0,
grade,136,Keelan Beattie,PPL,10,11,1,6,6,0,47,47,0,3,3,0,0,0,0,19,19,0,2/7,2/7,0,games_rule,games_rule: games +1,0,
grade,138,Caden Mccarthy,A Grade,10,10,0,5,5,0,15,15,0,9,9,0,0,2,2,8,8,0,3/31,3/31,0,catches_rule,catches_rule: catches +2,0,
grade,138,Caden Mccarthy,B Grade,60,61,1,48,48,0,545,545,0,58,58,0,15,15,0,59,59,0,5/60,5/60,0,games_rule; catches_rule; baseline_peel,games_rule: games +2 | catches_rule: catches +13 | baseline_peel: games -1 catches -13,0,
grade,138,Caden Mccarthy,C Grade,1,2,1,0,0,0,0,0,0,0,0,0,0,0,0,,,0,,,0,games_rule,games_rule: games +1,0,
grade,138,Caden Mccarthy,D Grade,2,2,0,2,2,0,16,16,0,3,3,0,0,1,1,16,16,0,3/53,3/53,0,catches_rule,catches_rule: catches +1,0,
grade,139,Brendan Chappell,B Grade,8,12,4,7,8,1,32,32,0,7,7,0,4,4,0,17,17,0,3/7,3/7,0,baseline_overlap; baseline_peel,baseline_overlap: games +12 innings +8 runs +32 wickets +7 | baseline_peel: games -8 innings -7 runs -32 wickets -7,0,
grade,139,Brendan Chappell,C Grade,17,18,1,11,11,0,90,90,0,16,16,0,8,8,0,50*,50*,0,3/73,3/73,0,games_rule; catches_rule; baseline_peel,games_rule: games +2 | catches_rule: catches +1 | baseline_peel: games -1 catches -1,0,
grade,139,Brendan Chappell,D Grade,24,25,1,20,20,0,218,218,0,22,22,0,0,1,1,75,75,0,3/11,3/11,0,games_rule; catches_rule,games_rule: games +1 | catches_rule: catches +1,0,
grade,139,Brendan Chappell,F Grade,8,8,0,7,7,0,154,154,0,12,12,0,0,1,1,38,38,0,3/8,3/8,0,catches_rule,catches_rule: catches +1,0,
grade,140,Bradley Smith,A Grade,8,9,1,6,6,0,17,17,0,2,2,0,0,0,0,11,11,0,1/7,1/7,0,games_rule,games_rule: games +1,0,
grade,141,Ross Burrage,B Grade,46,47,1,31,31,0,285,285,0,56,56,0,12,12,0,40,40,0,6/11,6/11,0,games_rule; catches_rule; baseline_peel,games_rule: games +1 | catches_rule: catches +1 | baseline_peel: catches -1,0,
grade,141,Ross Burrage,C Grade,18,20,2,4,4,0,14,14,0,17,17,0,0,0,0,6,6,0,4/16,4/16,0,games_rule,games_rule: games +2,0,
grade,141,Ross Burrage,D Grade,17,18,1,10,10,0,154,154,0,33,33,0,2,2,0,32*,32*,0,6/9,6/9,0,games_rule; baseline_peel,games_rule: games +2 | baseline_peel: games -1,0,
grade,142,Ric Mulcahy,E Grade,57,61,4,51,51,0,1126,1126,0,35,35,0,2,5,3,92,92,0,5/42,5/42,0,games_rule; catches_rule; baseline_peel,games_rule: games +4 | catches_rule: catches +5 | baseline_peel: catches -2,0,
grade,143,Philip Head,B Grade,18,19,1,12,12,0,36,36,0,22,22,0,3,3,0,22,22,0,4/37,4/37,0,games_rule,games_rule: games +1,0,
grade,143,Philip Head,C Grade,5,7,2,5,5,0,38,38,0,8,8,0,1,1,0,14*,14*,0,4/11,4/11,0,games_rule; catches_rule; baseline_peel,games_rule: games +2 | catches_rule: catches +1 | baseline_peel: catches -1,0,
grade,143,Philip Head,D Grade,23,24,1,15,15,0,103,103,0,20,20,0,0,6,6,27*,27*,0,5/13,5/13,0,games_rule; catches_rule,games_rule: games +1 | catches_rule: catches +6,0,
grade,144,Rylan Arms,B Grade,60,60,0,49,49,0,759,759,0,26,26,0,11,24,13,73,73,0,3/19,3/19,0,catches_rule; baseline_peel,catches_rule: catches +24 | baseline_peel: catches -11,0,
grade,144,Rylan Arms,C Grade,6,6,0,6,6,0,161,161,0,7,7,0,0,3,3,62,62,0,3/28,3/28,0,catches_rule,catches_rule: catches +3,0,
grade,144,Rylan Arms,D Grade,2,2,0,2,2,0,24,24,0,5,5,0,0,1,1,22*,22*,0,3/16,3/16,0,catches_rule,catches_rule: catches +1,0,
grade,145,Ben Kissell,C Grade,18,33,15,18,18,0,332,332,0,24,24,0,0,0,0,57,57,0,4/4,4/4,0,games_rule,games_rule: games +15,0,
grade,145,Ben Kissell,D Grade,17,19,2,17,17,0,208,208,0,17,17,0,0,0,0,36,36,0,3/15,3/15,0,games_rule,games_rule: games +2,0,
grade,145,Ben Kissell,E Grade,16,18,2,15,15,0,299,299,0,19,19,0,9,9,0,103*,103*,0,3/8,3/8,0,games_rule,games_rule: games +2,0,
grade,145,Ben Kissell,F Grade,22,24,2,19,19,0,455,455,0,20,20,0,1,1,0,59,59,0,4/8,4/8,0,games_rule,games_rule: games +2,0,
grade,146,Joseph Slade,A Grade,32,36,4,11,11,0,114,114,0,34,34,0,3,3,0,39*,39*,0,4/17,4/17,0,games_rule; catches_rule; baseline_peel,games_rule: games +4 | catches_rule: catches +3 | baseline_peel: catches -3,0,
grade,146,Joseph Slade,B Grade,12,12,0,8,8,0,79,79,0,19,19,0,0,4,4,25,25,0,3/18,3/18,0,catches_rule,catches_rule: catches +4,0,
grade,146,Joseph Slade,D Grade,3,4,1,3,3,0,113,113,0,5,5,0,0,0,0,57,57,0,4/9,4/9,0,games_rule,games_rule: games +1,0,
grade,146,Joseph Slade,E Grade,6,7,1,4,4,0,101,101,0,2,2,0,1,1,0,69,69,0,2/29,2/29,0,games_rule; catches_rule; baseline_peel,games_rule: games +1 | catches_rule: catches +1 | baseline_peel: catches -1,0,
grade,147,Peter Walsh,Colts,20,21,1,9,10,1,47,47,0,4,4,0,2,4,2,24,24,0,2/31,2/31,0,extra_central_match; games_rule; catches_rule; baseline_peel; figures_differ; unexplained,extra_central_match: games +1 catches +1 | games_rule: games +1 | catches_rule: catches +3 | baseline_peel: catches -2 | figures_differ: innings +1 | unexplained: games -1,0,
grade,147,Peter Walsh,E Grade,5,6,1,4,4,0,11,11,0,1,1,0,1,1,0,7,7,0,1/27,1/27,0,games_rule; catches_rule; baseline_peel,games_rule: games +1 | catches_rule: catches +1 | baseline_peel: catches -1,0,
grade,148,Rodney Watt,D Grade,10,11,1,6,6,0,26,26,0,8,8,0,0,0,0,17*,17*,0,4/21,4/21,0,games_rule,games_rule: games +1,0,
grade,148,Rodney Watt,E Grade,49,51,2,15,15,0,79,79,0,84,84,0,1,5,4,24*,24*,0,7/15,7/15,0,games_rule; catches_rule; baseline_peel,games_rule: games +3 | catches_rule: catches +5 | baseline_peel: games -1 catches -1,0,
grade,149,Grant Pattison,B Grade,3,3,0,0,0,0,0,0,0,1,1,0,0,2,2,,,0,1/15,1/15,0,catches_rule,catches_rule: catches +2,0,
grade,149,Grant Pattison,D Grade,44,45,1,24,24,0,143,143,0,53,53,0,5,6,1,22,22,0,4/8,4/8,0,games_rule; catches_rule; baseline_peel,games_rule: games +3 | catches_rule: catches +6 | baseline_peel: games -2 catches -5,0,
grade,149,Grant Pattison,E Grade,7,7,0,2,2,0,6,6,0,8,8,0,1,2,1,5*,5*,0,4/8,4/8,0,catches_rule; baseline_peel,catches_rule: catches +2 | baseline_peel: catches -1,0,
grade,150,Michael Holmes,B Grade,6,6,0,6,6,0,106,106,0,8,8,0,0,7,7,47,47,0,3/30,3/30,0,catches_rule,catches_rule: catches +7,0,
grade,150,Michael Holmes,D Grade,1,1,0,1,1,0,21,21,0,0,0,0,0,1,1,21,21,0,,,0,catches_rule,catches_rule: catches +1,0,
grade,151,Joe Lovell,B Grade,12,12,0,7,7,0,24,24,0,4,4,0,0,4,4,10*,10*,0,2/22,2/22,0,catches_rule,catches_rule: catches +4,0,
grade,151,Joe Lovell,D Grade,14,16,2,10,10,0,81,81,0,16,16,0,0,2,2,33*,33*,0,4/43,4/43,0,games_rule; catches_rule,games_rule: games +2 | catches_rule: catches +2,0,
grade,151,Joe Lovell,E Grade,13,14,1,12,12,0,89,89,0,11,11,0,0,10,10,35,35,0,3/1,3/1,0,games_rule; catches_rule,games_rule: games +1 | catches_rule: catches +10,0,
grade,151,Joe Lovell,F Grade,12,15,3,11,11,0,95,95,0,11,11,0,0,1,1,36,36,0,3/41,3/41,0,games_rule; catches_rule,games_rule: games +3 | catches_rule: catches +1,0,
grade,152,Andrew Pasco,D Grade,13,13,0,5,5,0,12,12,0,12,12,0,0,1,1,9*,9*,0,3/1,3/1,0,catches_rule,catches_rule: catches +1,0,
grade,153,James Finlay,D Grade,29,29,0,19,19,0,83,83,0,25,25,0,0,1,1,13,13,0,3/20,3/20,0,catches_rule,catches_rule: catches +1,0,
grade,153,James Finlay,F Grade,17,21,4,9,9,0,43,43,0,26,26,0,0,1,1,12,12,0,4/25,4/25,0,games_rule; catches_rule,games_rule: games +4 | catches_rule: catches +1,0,
grade,155,Joshua Fourez,A Grade,10,12,2,8,8,0,54,54,0,0,0,0,3,3,0,15,15,0,,,0,games_rule; catches_rule; baseline_peel,games_rule: games +2 | catches_rule: catches +3 | baseline_peel: catches -3,0,
grade,155,Joshua Fourez,B Grade,38,39,1,37,37,0,487,487,0,6,6,0,18,24,6,46,46,0,4/22,4/22,0,games_rule; catches_rule; baseline_peel,games_rule: games +1 | catches_rule: catches +24 | baseline_peel: catches -18,0,
grade,155,Joshua Fourez,D Grade,3,4,1,2,2,0,31,31,0,0,0,0,0,1,1,25,25,0,,,0,games_rule; catches_rule,games_rule: games +1 | catches_rule: catches +1,0,
grade,158,Danni Render,Female A Grade,13,13,0,6,6,0,11,11,0,4,4,0,0,1,1,6*,6*,0,1/0,1/0,0,catches_rule,catches_rule: catches +1,0,
grade,158,Danni Render,Female B Grade,42,44,2,42,42,0,311,311,0,11,11,0,0,0,0,21*,21*,0,1/4,1/4,0,ladies_t20,ladies_t20: games +2,0,
grade,159,Jake Pattison,A Grade,10,11,1,4,4,0,9,9,0,9,9,0,5,5,0,4*,4*,0,3/44,3/44,0,games_rule; catches_rule; baseline_peel,games_rule: games +1 | catches_rule: catches +5 | baseline_peel: catches -5,0,
grade,159,Jake Pattison,B Grade,6,6,0,5,5,0,16,16,0,12,12,0,0,2,2,6*,6*,0,5/4,5/4,0,catches_rule,catches_rule: catches +2,0,
grade,159,Jake Pattison,Colts,18,18,0,16,17,1,223,223,0,14,14,0,7,8,1,28*,28*,0,4/20,4/20,0,catches_rule; baseline_peel; figures_differ,catches_rule: catches +8 | baseline_peel: catches -7 | figures_differ: innings +1,0,
grade,159,Jake Pattison,PPL,8,8,0,0,0,0,0,0,0,7,7,0,4,4,0,0,,1,2/20,2/20,0,catches_rule; baseline_peel,catches_rule: catches +4 | baseline_peel: catches -4,0,
grade,160,Christopher Thomas,A Grade,18,13,-5,17,12,-5,160,137,-23,1,1,0,1,2,1,60*,60*,0,1/26,1/26,0,games_rule; catches_rule; baseline_peel; grade_reclassified,games_rule: games +1 | catches_rule: catches +2 | baseline_peel: catches -1 | grade_reclassified: games -6 innings -5 runs -23,0,central files some A Grade matches as PPL
grade,160,Christopher Thomas,C Grade,9,10,1,9,9,0,97,97,0,5,5,0,3,3,0,21,21,0,3/8,3/8,0,games_rule; catches_rule; baseline_peel,games_rule: games +1 | catches_rule: catches +1 | baseline_peel: catches -1,0,
grade,160,Christopher Thomas,E Grade,4,6,2,4,4,0,235,235,0,0,0,0,5,5,0,87*,87*,0,,,0,games_rule,games_rule: games +2,0,
grade,160,Christopher Thomas,F Grade,5,6,1,5,5,0,178,178,0,3,3,0,5,5,0,105*,105*,0,2/37,2/37,0,games_rule; catches_rule; baseline_peel,games_rule: games +1 | catches_rule: catches +1 | baseline_peel: catches -1,0,
grade,160,Christopher Thomas,PPL,0,7,7,0,5,5,0,23,23,0,0,0,0,0,0,,12,1,,,0,games_rule; grade_reclassified,games_rule: games +1 | grade_reclassified: games +6 innings +5 runs +23,0,central files some A Grade matches as PPL
grade,162,Declan Chappell,A Grade,0,2,2,0,0,0,0,0,0,0,0,0,0,0,0,,,0,,,0,games_rule,games_rule: games +2,0,
grade,162,Declan Chappell,B Grade,52,54,2,49,49,0,755,755,0,4,4,0,21,21,0,55,55,0,3/13,3/13,0,games_rule; catches_rule; baseline_overlap; baseline_peel,games_rule: games +2 | catches_rule: catches +4 | baseline_overlap: games +19 innings +18 runs +313 catches +6 | baseline_peel: games -19 innings -18 runs -313 catches -10,0,
grade,163,Ben Dreckow,E Grade,6,8,2,4,4,0,28,28,0,0,0,0,0,0,0,19*,19*,0,,,0,games_rule,games_rule: games +2,0,
grade,163,Ben Dreckow,F Grade,37,39,2,32,32,0,348,348,0,24,24,0,2,5,3,55*,55*,0,3/18,3/18,0,games_rule; catches_rule; baseline_peel,games_rule: games +2 | catches_rule: catches +5 | baseline_peel: catches -2,0,
grade,164,Andre Geeraets,E Grade,8,8,0,7,7,0,22,22,0,1,1,0,0,2,2,8,8,0,1/34,1/34,0,catches_rule,catches_rule: catches +2,0,
grade,164,Andre Geeraets,F Grade,43,45,2,32,32,0,70,70,0,4,4,0,3,3,0,10,10,0,3/23,3/23,0,games_rule; catches_rule; baseline_peel,games_rule: games +2 | catches_rule: catches +3 | baseline_peel: catches -3,0,
grade,165,Prabhjot Singh Makkar,C Grade,10,12,2,10,10,0,149,149,0,6,6,0,7,7,0,55,55,0,3/24,3/24,0,games_rule; catches_rule; baseline_peel,games_rule: games +2 | catches_rule: catches +6 | baseline_peel: catches -6,0,
grade,165,Prabhjot Singh Makkar,D Grade,27,27,0,26,26,0,493,493,0,14,14,0,0,6,6,42*,42*,0,3/22,3/22,0,catches_rule,catches_rule: catches +6,0,
grade,167,Russell Moffat,D Grade,43,44,1,34,34,0,500,500,0,16,16,0,12,12,0,96*,96*,0,5/16,5/16,0,games_rule; catches_rule; baseline_peel,games_rule: games +3 | catches_rule: catches +12 | baseline_peel: games -2 catches -12,0,
grade,168,Jobin Muthukattil Kuriakose,E Grade,12,12,0,9,9,0,15,15,0,7,7,0,0,2,2,8*,8*,0,2/13,2/13,0,catches_rule,catches_rule: catches +2,0,
grade,168,Jobin Muthukattil Kuriakose,F Grade,35,36,1,19,19,0,127,127,0,23,23,0,3,4,1,22,22,0,3/25,3/25,0,games_rule; catches_rule; baseline_peel,games_rule: games +2 | catches_rule: catches +4 | baseline_peel: games -1 catches -3,0,
grade,169,Kim Buchholz,F Grade,3,4,1,3,3,0,50,50,0,0,0,0,1,1,0,32,32,0,,,0,games_rule,games_rule: games +1,0,
grade,170,Bodie Terbeeke,D Grade,7,8,1,5,5,0,45,45,0,1,1,0,2,2,0,26,26,0,1/22,1/22,0,games_rule,games_rule: games +1,0,
grade,170,Bodie Terbeeke,F Grade,14,16,2,14,14,0,237,237,0,18,18,0,1,1,0,100*,100*,0,4/10,4/10,0,games_rule,games_rule: games +2,0,
grade,171,Natasha Bradley,Female B Grade,47,49,2,45,45,0,345,345,0,17,17,0,0,0,0,20,20,0,3/9,3/9,0,ladies_t20,ladies_t20: games +2,0,
grade,172,Mathew Skender,A Grade,8,7,-1,8,7,-1,171,161,-10,2,2,0,1,1,0,68,68,0,2/23,2/23,0,catches_rule; baseline_peel; grade_reclassified,catches_rule: catches +1 | baseline_peel: catches -1 | grade_reclassified: games -1 innings -1 runs -10,0,central files some A Grade matches as PPL
grade,172,Mathew Skender,B Grade,29,30,1,26,26,0,1077,1077,0,4,4,0,17,17,0,155*,155*,0,2/46,2/46,0,games_rule; catches_rule; baseline_peel,games_rule: games +2 | catches_rule: catches +5 | baseline_peel: games -1 catches -5,0,
grade,172,Mathew Skender,C Grade,9,9,0,8,8,0,445,445,0,1,1,0,2,4,2,109,109,0,1/14,1/14,0,catches_rule; baseline_peel,catches_rule: catches +4 | baseline_peel: catches -2,0,
grade,172,Mathew Skender,PPL,0,2,2,0,1,1,0,10,10,0,0,0,0,0,0,,10,1,,,0,games_rule; grade_reclassified,games_rule: games +1 | grade_reclassified: games +1 innings +1 runs +10,0,central files some A Grade matches as PPL
grade,173,Greg Stack,E Grade,44,46,2,44,44,0,1127,1127,0,11,11,0,0,8,8,82,82,0,3/20,3/20,0,games_rule; catches_rule,games_rule: games +2 | catches_rule: catches +8,0,
grade,174,Christopher Mccarthy,D Grade,19,19,0,18,18,0,240,240,0,0,0,0,0,6,6,58,58,0,,,0,games_rule; catches_rule; baseline_peel,games_rule: games +1 | catches_rule: catches +6 | baseline_peel: games -1,0,
grade,175,Shreyas Dighe,E Grade,25,26,1,9,9,0,22,22,0,16,16,0,3,3,0,7,7,0,4/22,4/22,0,games_rule; catches_rule; baseline_peel,games_rule: games +1 | catches_rule: catches +3 | baseline_peel: catches -3,0,
grade,176,Brett Knight,E Grade,39,41,2,25,25,0,278,278,0,47,47,0,0,1,1,40,40,0,4/17,4/17,0,games_rule; catches_rule,games_rule: games +2 | catches_rule: catches +1,0,
grade,177,Aden Chinnery,D Grade,5,5,0,5,5,0,19,19,0,3,3,0,0,2,2,6,6,0,2/44,2/44,0,catches_rule,catches_rule: catches +2,0,
grade,177,Aden Chinnery,E Grade,32,34,2,22,22,0,194,194,0,26,26,0,0,4,4,36,36,0,5/16,5/16,0,games_rule; catches_rule,games_rule: games +2 | catches_rule: catches +4,0,
grade,177,Aden Chinnery,F Grade,7,7,0,6,6,0,47,47,0,6,6,0,4,5,1,28*,28*,0,2/23,2/23,0,games_rule; catches_rule; baseline_peel,games_rule: games +1 | catches_rule: catches +5 | baseline_peel: games -1 catches -4,0,
grade,178,Norman Mcgough,D Grade,0,1,1,0,0,0,0,0,0,0,0,0,0,0,0,,,0,,,0,games_rule,games_rule: games +1,0,
grade,178,Norman Mcgough,E Grade,41,42,1,22,22,0,103,103,0,0,0,0,9,9,0,30,30,0,,,0,games_rule; catches_rule; baseline_peel,games_rule: games +1 | catches_rule: catches +2 | baseline_peel: catches -2,0,
grade,178,Norman Mcgough,F Grade,4,4,0,3,3,0,28,28,0,0,0,0,0,1,1,19,19,0,,,0,catches_rule,catches_rule: catches +1,0,
grade,180,Blair Cartwright,A Grade,19,22,3,17,17,0,211,211,0,0,0,0,11,11,0,42,42,0,,,0,games_rule; baseline_peel,games_rule: games +4 | baseline_peel: games -1,0,
grade,180,Blair Cartwright,B Grade,24,26,2,23,23,0,692,692,0,0,0,0,13,13,0,156*,156*,0,,,0,games_rule,games_rule: games +2,0,
grade,181,Julie Ophel,Female B Grade,35,36,1,34,34,0,427,427,0,18,18,0,0,0,0,22*,22*,0,2/0,2/0,0,ladies_t20,ladies_t20: games +1,0,
grade,182,Anurag Natu,E Grade,12,12,0,10,10,0,73,73,0,11,11,0,2,3,1,20,20,0,3/48,3/48,0,catches_rule; baseline_peel,catches_rule: catches +3 | baseline_peel: catches -2,0,
grade,183,James Reid,D Grade,27,28,1,26,26,0,290,290,0,22,22,0,0,3,3,64,64,0,3/36,3/36,0,games_rule; catches_rule,games_rule: games +1 | catches_rule: catches +3,0,
grade,183,James Reid,E Grade,11,11,0,11,11,0,318,318,0,1,1,0,0,2,2,166,166,0,1/4,1/4,0,catches_rule,catches_rule: catches +2,0,
grade,184,Ashley Dhu,D Grade,5,6,1,5,5,0,165,165,0,3,3,0,5,6,1,64,64,0,3/18,3/18,0,games_rule; catches_rule; baseline_peel,games_rule: games +1 | catches_rule: catches +6 | baseline_peel: catches -5,0,
grade,185,Daniel Fogarty,F Grade,36,36,0,15,15,0,46,46,0,22,22,0,5,6,1,19,19,0,3/19,3/19,0,catches_rule; baseline_peel,catches_rule: catches +6 | baseline_peel: catches -5,0,
grade,187,William Lambert,Colts,4,4,0,3,4,1,27,27,0,1,1,0,0,0,0,14,14,0,1/9,1/9,0,figures_differ,figures_differ: innings +1,0,
grade,187,William Lambert,D Grade,7,7,0,6,6,0,54,54,0,9,9,0,0,1,1,21*,21*,0,2/9,2/9,0,catches_rule,catches_rule: catches +1,0,
grade,187,William Lambert,E Grade,8,8,0,6,6,0,17,17,0,7,7,0,0,1,1,7,7,0,3/30,3/30,0,catches_rule,catches_rule: catches +1,0,
grade,187,William Lambert,F Grade,23,24,1,21,21,0,209,209,0,17,17,0,1,1,0,26,26,0,4/10,4/10,0,games_rule; catches_rule; baseline_peel,games_rule: games +1 | catches_rule: catches +1 | baseline_peel: catches -1,0,
grade,188,Joel Evans,A Grade,27,25,-2,27,21,-6,553,485,-68,0,0,0,7,7,0,106,106,0,,,0,games_rule; catches_rule; baseline_peel; grade_reclassified,games_rule: games +4 | catches_rule: catches +3 | baseline_peel: catches -3 | grade_reclassified: games -6 innings -6 runs -68,0,central files some A Grade matches as PPL
grade,188,Joel Evans,PPL,0,6,6,0,6,6,0,68,68,0,0,0,0,0,0,,41*,1,,,0,grade_reclassified,grade_reclassified: games +6 innings +6 runs +68,0,central files some A Grade matches as PPL
grade,189,Tim Shand,A Grade,33,35,2,30,30,0,533,533,0,2,2,0,14,14,0,104,104,0,1/8,1/8,0,games_rule; catches_rule; baseline_peel,games_rule: games +2 | catches_rule: catches +10 | baseline_peel: catches -10,0,
grade,189,Tim Shand,C Grade,6,7,1,6,6,0,107,107,0,1,1,0,0,3,3,65,65,0,1/46,1/46,0,games_rule; catches_rule,games_rule: games +1 | catches_rule: catches +3,0,
grade,190,Thomas Smith,C Grade,7,7,0,6,6,0,108,108,0,0,0,0,0,2,2,56,56,0,,,0,catches_rule,catches_rule: catches +2,0,
grade,190,Thomas Smith,D Grade,24,25,1,21,21,0,318,318,0,0,0,0,10,10,0,39,39,0,,,0,games_rule; catches_rule; baseline_peel,games_rule: games +2 | catches_rule: catches +10 | baseline_peel: games -1 catches -10,0,
grade,192,Freddie Higton,A Grade,20,22,2,11,11,0,92,92,0,26,26,0,3,7,4,25*,25*,0,4/19,4/19,0,games_rule; catches_rule; baseline_peel,games_rule: games +2 | catches_rule: catches +7 | baseline_peel: catches -3,0,
grade,192,Freddie Higton,Colts,8,8,0,6,6,0,70,70,0,9,9,0,1,2,1,35,35,0,2/23,2/23,0,catches_rule; baseline_peel,catches_rule: catches +2 | baseline_peel: catches -1,0,
grade,192,Freddie Higton,PPL,1,2,1,1,1,0,0,0,0,0,0,0,0,0,0,0*,0*,0,,,0,games_rule,games_rule: games +1,0,
grade,193,Samuel Smith,D Grade,21,22,1,8,8,0,37,37,0,26,26,0,7,8,1,11,11,0,4/3,4/3,0,games_rule; catches_rule; baseline_overlap; baseline_peel,games_rule: games +1 | catches_rule: catches +8 | baseline_overlap: games +1 | baseline_peel: games -1 catches -7,0,
grade,193,Samuel Smith,E Grade,16,16,0,6,6,0,50,50,0,29,29,0,1,4,3,23,23,0,5/12,5/12,0,catches_rule; baseline_peel,catches_rule: catches +4 | baseline_peel: catches -1,0,
grade,195,Ian White,C Grade,39,40,1,34,34,0,453,453,0,42,42,0,15,15,0,64*,64*,0,5/29,5/29,0,games_rule; catches_rule; baseline_peel,games_rule: games +1 | catches_rule: catches +11 | baseline_peel: catches -11,0,
grade,196,Archie Nicholson,E Grade,9,10,1,5,5,0,78,78,0,9,9,0,3,5,2,33*,33*,0,2/4,2/4,0,games_rule; catches_rule; baseline_peel,games_rule: games +1 | catches_rule: catches +5 | baseline_peel: catches -3,0,
grade,196,Archie Nicholson,F Grade,19,19,0,12,12,0,95,95,0,21,21,0,6,9,3,17*,17*,0,4/12,4/12,0,catches_rule; baseline_peel,catches_rule: catches +9 | baseline_peel: catches -6,0,
grade,197,Aaron Cross,C Grade,34,36,2,32,32,0,639,639,0,11,11,0,10,10,0,70*,70*,0,3/16,3/16,0,games_rule; catches_rule; baseline_peel,games_rule: games +3 | catches_rule: catches +9 | baseline_peel: games -1 catches -9,0,
grade,197,Aaron Cross,D Grade,3,3,0,3,3,0,70,70,0,4,4,0,0,2,2,49,49,0,4/19,4/19,0,catches_rule,catches_rule: catches +2,0,
grade,198,Brad Malingre,D Grade,29,30,1,18,18,0,233,233,0,33,33,0,0,3,3,42,42,0,4/7,4/7,0,games_rule; catches_rule,games_rule: games +1 | catches_rule: catches +3,0,
grade,200,Greg Chalker,B Grade,1,1,0,1,1,0,9,9,0,0,0,0,0,1,1,9,9,0,,,0,catches_rule,catches_rule: catches +1,0,
grade,201,Drew Loaring,F Grade,35,40,5,33,33,0,561,561,0,6,6,0,0,4,4,69,69,0,3/8,3/8,0,games_rule; catches_rule,games_rule: games +5 | catches_rule: catches +4,0,
grade,202,Zac Perry,D Grade,10,12,2,8,8,0,130,130,0,0,0,0,0,0,0,39,39,0,,,0,games_rule,games_rule: games +2,0,
grade,202,Zac Perry,E Grade,5,5,0,5,5,0,87,87,0,0,0,0,0,2,2,40,40,0,,,0,catches_rule,catches_rule: catches +2,0,
grade,202,Zac Perry,F Grade,21,22,1,19,19,0,336,336,0,2,2,0,1,1,0,61,61,0,1/6,1/6,0,games_rule,games_rule: games +1,0,
grade,203,Bradley Lee,E Grade,30,31,1,16,16,0,127,127,0,37,37,0,6,6,0,31,31,0,3/13,3/13,0,games_rule; catches_rule; baseline_peel,games_rule: games +1 | catches_rule: catches +4 | baseline_peel: catches -4,0,
grade,204,Eligh Frunks,E Grade,4,5,1,0,0,0,0,0,0,2,2,0,1,1,0,0,,1,2/6,2/6,0,games_rule; catches_rule; baseline_peel,games_rule: games +1 | catches_rule: catches +1 | baseline_peel: catches -1,0,
grade,207,Harsha Vithanage,D Grade,18,18,0,16,16,0,167,167,0,15,15,0,0,1,1,32,32,0,2/22,2/22,0,catches_rule,catches_rule: catches +1,0,
grade,207,Harsha Vithanage,E Grade,15,16,1,14,14,0,253,253,0,4,4,0,1,5,4,57,57,0,2/27,2/27,0,games_rule; catches_rule; baseline_peel,games_rule: games +1 | catches_rule: catches +5 | baseline_peel: catches -1,0,
grade,207,Harsha Vithanage,F Grade,3,3,0,3,3,0,64,64,0,0,0,0,0,1,1,30,30,0,,,0,catches_rule,catches_rule: catches +1,0,
grade,208,Nigel Brittain,D Grade,37,38,1,31,31,0,147,147,0,53,53,0,14,14,0,20*,20*,0,5/29,5/29,0,games_rule; catches_rule; baseline_peel,games_rule: games +1 | catches_rule: catches +6 | baseline_peel: catches -6,0,
grade,209,Damien Burrage,D Grade,13,14,1,9,9,0,148,148,0,15,15,0,4,4,0,46,46,0,3/35,3/35,0,games_rule; baseline_peel,games_rule: games +2 | baseline_peel: games -1,0,
grade,210,Adam Dallmann,B Grade,23,24,1,17,17,0,116,116,0,25,25,0,0,3,3,21,21,0,4/16,4/16,0,games_rule; catches_rule,games_rule: games +1 | catches_rule: catches +3,0,
grade,210,Adam Dallmann,C Grade,30,32,2,24,24,0,240,240,0,29,29,0,0,6,6,41,41,0,5/45,5/45,0,games_rule; catches_rule,games_rule: games +2 | catches_rule: catches +6,0,
grade,210,Adam Dallmann,D Grade,30,32,2,28,28,0,431,431,0,20,20,0,8,8,0,106*,106*,0,3/17,3/17,0,games_rule; catches_rule; baseline_peel,games_rule: games +2 | catches_rule: catches +8 | baseline_peel: catches -8,0,
grade,210,Adam Dallmann,F Grade,2,3,1,2,2,0,0,0,0,5,5,0,0,0,0,0,0,0,4/21,4/21,0,games_rule,games_rule: games +1,0,
grade,211,Garth Capper,C Grade,3,3,0,3,3,0,13,13,0,0,0,0,0,1,1,13,13,0,,,0,catches_rule,catches_rule: catches +1,0,
grade,212,Chloe Guyton,E Grade,0,1,1,0,0,0,0,0,0,0,0,0,0,0,0,,,0,,,0,games_rule,games_rule: games +1,0,
grade,212,Chloe Guyton,Female A Grade,36,37,1,23,23,0,151,151,0,19,19,0,0,5,5,20*,20*,0,2/7,2/7,0,games_rule; catches_rule,games_rule: games +1 | catches_rule: catches +5,0,
grade,213,Iszac Willey,B Grade,14,14,0,9,9,0,71,71,0,16,16,0,0,5,5,22,22,0,2/17,2/17,0,catches_rule,catches_rule: catches +5,0,
grade,213,Iszac Willey,PPL,7,7,0,1,1,0,0,0,0,4,4,0,0,2,2,0*,0*,0,2/27,2/27,0,catches_rule,catches_rule: catches +2,0,
grade,214,Jessica Bradley,Female A Grade,41,42,1,39,39,0,1709,1709,0,28,28,0,4,4,0,101,101,0,3/8,3/8,0,games_rule; catches_rule; baseline_peel,games_rule: games +1 | catches_rule: catches +1 | baseline_peel: catches -1,0,
grade,215,Craig Forbes,D Grade,35,37,2,35,35,0,725,725,0,6,6,0,13,13,0,86,86,0,2/8,2/8,0,games_rule,games_rule: games +2,0,
grade,216,Jimmy Lee,D Grade,10,10,0,10,10,0,92,92,0,2,2,0,4,5,1,28,28,0,2/23,2/23,0,catches_rule; baseline_peel,catches_rule: catches +5 | baseline_peel: catches -4,0,
grade,218,Philippa Warren,Female B Grade,35,37,2,34,34,0,450,450,0,18,18,0,0,3,3,34,34,0,2/6,2/6,0,ladies_t20; catches_rule,ladies_t20: games +2 | catches_rule: catches +3,0,
grade,219,Joshua Jones,D Grade,4,4,0,3,3,0,3,3,0,1,1,0,0,2,2,3,3,0,1/86,1/86,0,catches_rule,catches_rule: catches +2,0,
grade,219,Joshua Jones,E Grade,27,27,0,15,15,0,84,84,0,15,15,0,4,8,4,44,44,0,2/5,2/5,0,catches_rule; baseline_peel,catches_rule: catches +8 | baseline_peel: catches -4,0,
grade,219,Joshua Jones,F Grade,4,4,0,4,4,0,71,71,0,3,3,0,0,1,1,37*,37*,0,1/17,1/17,0,catches_rule,catches_rule: catches +1,0,
grade,220,George Young,E Grade,24,25,1,8,8,0,41,41,0,9,9,0,5,8,3,16,16,0,3/15,3/15,0,games_rule; catches_rule; baseline_peel,games_rule: games +1 | catches_rule: catches +8 | baseline_peel: catches -5,0,
grade,221,Shaun Wilson,D Grade,7,8,1,6,6,0,16,16,0,3,3,0,0,1,1,6*,6*,0,1/26,1/26,0,games_rule; catches_rule,games_rule: games +1 | catches_rule: catches +1,0,
grade,221,Shaun Wilson,E Grade,27,29,2,13,13,0,79,79,0,41,41,0,12,12,0,21,21,0,5/23,5/23,0,games_rule; catches_rule; baseline_peel,games_rule: games +2 | catches_rule: catches +5 | baseline_peel: catches -5,0,
grade,221,Shaun Wilson,F Grade,0,1,1,0,0,0,0,0,0,0,0,0,0,0,0,,,0,,,0,games_rule,games_rule: games +1,0,
grade,223,Jake Watson,D Grade,14,14,0,13,13,0,178,178,0,0,0,0,0,3,3,39,39,0,,,0,catches_rule,catches_rule: catches +3,0,
grade,223,Jake Watson,E Grade,18,18,0,13,13,0,217,217,0,0,0,0,0,1,1,59,59,0,,,0,catches_rule,catches_rule: catches +1,0,
grade,223,Jake Watson,F Grade,0,1,1,0,0,0,0,0,0,0,0,0,0,0,0,,,0,,,0,games_rule,games_rule: games +1,0,
grade,224,Mitchell Caine,A Grade,11,12,1,4,4,0,14,14,0,9,9,0,4,4,0,5,5,0,3/40,3/40,0,games_rule; catches_rule; baseline_peel,games_rule: games +1 | catches_rule: catches +4 | baseline_peel: catches -4,0,
grade,224,Mitchell Caine,PPL,1,1,0,0,0,0,0,0,0,0,0,0,1,1,0,0,,1,,,0,catches_rule; baseline_peel,catches_rule: catches +1 | baseline_peel: catches -1,0,
grade,225,Michael Mackenzie,E Grade,31,32,1,31,31,0,865,865,0,15,15,0,1,2,1,76,76,0,3/28,3/28,0,games_rule; catches_rule; baseline_peel,games_rule: games +1 | catches_rule: catches +2 | baseline_peel: catches -1,0,
grade,226,Campbell Lockyer,D Grade,12,13,1,11,11,0,188,188,0,8,8,0,2,2,0,76*,76*,0,2/24,2/24,0,games_rule; catches_rule; baseline_peel,games_rule: games +1 | catches_rule: catches +2 | baseline_peel: catches -2,0,
grade,226,Campbell Lockyer,E Grade,15,15,0,11,11,0,265,265,0,8,8,0,0,1,1,110*,110*,0,3/39,3/39,0,catches_rule,catches_rule: catches +1,0,
grade,227,Wayne Beaton,C Grade,0,2,2,0,0,0,0,0,0,0,0,0,0,0,0,,,0,,,0,games_rule,games_rule: games +2,0,
grade,228,Daniel Lambert,F Grade,4,4,0,3,3,0,31,31,0,6,6,0,0,1,1,24*,24*,0,5/10,5/10,0,catches_rule,catches_rule: catches +1,0,
grade,230,Hayden Brokate,F Grade,19,20,1,11,11,0,107,107,0,23,23,0,0,0,0,30*,30*,0,4/29,4/29,0,games_rule,games_rule: games +1,0,
grade,232,Kim Nicholson,Female B Grade,31,32,1,31,31,0,677,677,0,18,18,0,0,1,1,42*,42*,0,3/4,3/4,0,ladies_t20; catches_rule,ladies_t20: games +1 | catches_rule: catches +1,0,
grade,233,Jeffrey Petrie,A Grade,3,4,1,3,3,0,33,33,0,0,0,0,0,0,0,18*,18*,0,,,0,games_rule,games_rule: games +1,0,
grade,233,Jeffrey Petrie,B Grade,33,33,0,33,33,0,768,768,0,35,35,0,9,12,3,70,70,0,6/29,6/29,0,extra_central_match; catches_rule; baseline_peel; unexplained,extra_central_match: games +1 innings +1 runs +35 | catches_rule: catches +12 | baseline_peel: catches -9 | unexplained: games -1 innings -1 runs -35,0,
grade,234,Tiana Arrowsmith,Female A Grade,36,36,0,35,35,0,434,434,0,1,1,0,0,2,2,46,46,0,1/6,1/6,0,games_rule; catches_rule; baseline_peel,games_rule: games +1 | catches_rule: catches +2 | baseline_peel: games -1,0,
grade,235,Mason Head,E Grade,6,6,0,2,2,0,3,3,0,0,0,0,1,3,2,3,3,0,,,0,catches_rule; baseline_peel,catches_rule: catches +3 | baseline_peel: catches -1,0,
grade,235,Mason Head,F Grade,25,25,0,24,24,0,346,346,0,2,2,0,26,27,1,55*,55*,0,1/21,1/21,0,catches_rule; baseline_peel,catches_rule: catches +27 | baseline_peel: catches -26,0,
grade,236,Jack Johnson,F Grade,25,26,1,22,22,0,183,183,0,16,16,0,2,6,4,33,33,0,3/23,3/23,0,games_rule; catches_rule; baseline_peel,games_rule: games +1 | catches_rule: catches +6 | baseline_peel: catches -2,0,
grade,237,Eve Powell,Female A Grade,29,30,1,25,25,0,365,365,0,24,24,0,0,12,12,72,72,0,3/10,3/10,0,games_rule; catches_rule,games_rule: games +1 | catches_rule: catches +12,0,
grade,238,Sachin Johnson,D Grade,7,8,1,4,4,0,25,25,0,0,0,0,5,5,0,20,20,0,,,0,games_rule; catches_rule; baseline_peel,games_rule: games +1 | catches_rule: catches +5 | baseline_peel: catches -5,0,
grade,238,Sachin Johnson,F Grade,14,15,1,11,11,0,119,119,0,4,4,0,1,1,0,52,52,0,2/4,2/4,0,games_rule; catches_rule; baseline_peel,games_rule: games +2 | catches_rule: catches +1 | baseline_peel: games -1 catches -1,0,
grade,239,Noah Frunks,A Grade,1,2,1,0,0,0,0,0,0,0,0,0,0,0,0,,,0,,,0,games_rule,games_rule: games +1,0,
grade,239,Noah Frunks,B Grade,5,5,0,4,4,0,22,22,0,1,1,0,0,2,2,15,15,0,1/19,1/19,0,catches_rule,catches_rule: catches +2,0,
grade,239,Noah Frunks,Colts,6,6,0,3,4,1,41,41,0,9,9,0,1,5,4,30*,30*,0,5/29,5/29,0,extra_central_match; catches_rule; baseline_peel; figures_differ; unexplained,extra_central_match: games +1 wickets +1 catches +2 | catches_rule: catches +3 | baseline_peel: catches -1 | figures_differ: innings +1 | unexplained: games -1 wickets -1,0,
grade,239,Noah Frunks,D Grade,9,10,1,5,5,0,103,103,0,4,4,0,3,3,0,52,52,0,2/15,2/15,0,games_rule; catches_rule; baseline_peel,games_rule: games +1 | catches_rule: catches +3 | baseline_peel: catches -3,0,
grade,239,Noah Frunks,E Grade,5,5,0,3,3,0,6,6,0,2,2,0,0,2,2,4,4,0,1/14,1/14,0,catches_rule,catches_rule: catches +2,0,
grade,239,Noah Frunks,F Grade,3,3,0,2,2,0,4,4,0,5,5,0,0,1,1,4,4,0,2/10,2/10,0,catches_rule,catches_rule: catches +1,0,
grade,240,Ethan Kavanagh,F Grade,31,31,0,19,19,0,121,121,0,31,31,0,5,7,2,25,25,0,5/10,5/10,0,catches_rule; baseline_peel,catches_rule: catches +7 | baseline_peel: catches -5,0,
grade,241,Stephen Inward,A Grade,29,34,5,29,28,-1,962,944,-18,4,4,0,18,18,0,113*,113*,0,3/11,3/11,0,games_rule; catches_rule; baseline_peel; grade_reclassified,games_rule: games +6 | catches_rule: catches +7 | baseline_peel: catches -7 | grade_reclassified: games -1 innings -1 runs -18,0,central files some A Grade matches as PPL
grade,241,Stephen Inward,PPL,0,2,2,0,1,1,0,18,18,0,0,0,0,0,0,,18,1,,,0,games_rule; grade_reclassified,games_rule: games +1 | grade_reclassified: games +1 innings +1 runs +18,0,central files some A Grade matches as PPL
grade,242,Daniel Krepervin,D Grade,3,3,0,3,3,0,27,27,0,0,0,0,0,1,1,17*,17*,0,,,0,catches_rule,catches_rule: catches +1,0,
grade,242,Daniel Krepervin,F Grade,24,24,0,23,23,0,552,552,0,0,0,0,1,2,1,100*,100*,0,,,0,catches_rule; baseline_peel,catches_rule: catches +2 | baseline_peel: catches -1,0,
grade,244,Dean Friskin,A Grade,1,1,0,1,1,0,21,21,0,2,2,0,0,1,1,21*,21*,0,2/38,2/38,0,catches_rule,catches_rule: catches +1,0,
grade,244,Dean Friskin,B Grade,30,30,0,26,26,0,434,434,0,32,32,0,5,11,6,87,87,0,4/14,4/14,0,catches_rule; baseline_peel,catches_rule: catches +11 | baseline_peel: catches -5,0,
grade,245,Lochlan Hill,Colts,8,8,0,4,6,2,47,47,0,1,1,0,0,0,0,34,31,1,1/5,1/5,0,extra_central_match; figures_differ; unexplained,extra_central_match: games +1 | figures_differ: innings +2 | unexplained: games -1,0,
grade,245,Lochlan Hill,D Grade,2,2,0,0,0,0,0,0,0,1,1,0,1,2,1,0,,1,1/16,1/16,0,catches_rule; baseline_peel,catches_rule: catches +2 | baseline_peel: catches -1,0,
grade,245,Lochlan Hill,F Grade,13,14,1,13,13,0,76,76,0,4,4,0,0,2,2,29,29,0,2/28,2/28,0,games_rule; catches_rule,games_rule: games +1 | catches_rule: catches +2,0,
grade,246,Bret Lambert,F Grade,18,19,1,15,15,0,36,36,0,6,6,0,0,0,0,10,10,0,1/7,1/7,0,games_rule,games_rule: games +1,0,
grade,247,Joe Phillips,A Grade,18,18,0,7,7,0,11,11,0,22,22,0,3,4,1,6*,6*,0,3/26,3/26,0,catches_rule; baseline_peel,catches_rule: catches +4 | baseline_peel: catches -3,0,
grade,247,Joe Phillips,B Grade,3,3,0,3,3,0,20,20,0,3,3,0,0,5,5,12*,12*,0,1/15,1/15,0,catches_rule,catches_rule: catches +5,0,
grade,247,Joe Phillips,Colts,8,8,0,4,4,0,37,37,0,21,21,0,3,4,1,20,20,0,10/22,6/7,1,extra_central_match; catches_rule; baseline_peel; unexplained,extra_central_match: games +1 wickets +2 | catches_rule: catches +4 | baseline_peel: catches -3 | unexplained: games -1 wickets -2,0,
grade,248,Samuel Evans,A Grade,2,1,-1,2,1,-1,13,5,-8,0,0,0,2,2,0,8,5,1,,,0,grade_reclassified,grade_reclassified: games -1 innings -1 runs -8,0,central files some A Grade matches as PPL
grade,248,Samuel Evans,B Grade,18,21,3,18,20,2,553,579,26,0,0,0,3,3,0,85,85,0,,,0,games_rule; baseline_overlap; baseline_peel,games_rule: games +1 | baseline_overlap: games +4 innings +4 runs +75 catches +1 | baseline_peel: games -2 innings -2 runs -49 catches -1,0,
grade,248,Samuel Evans,PPL,0,1,1,0,1,1,0,8,8,0,0,0,0,0,0,,8,1,,,0,grade_reclassified,grade_reclassified: games +1 innings +1 runs +8,0,central files some A Grade matches as PPL
grade,250,Scott Dunning,D Grade,7,7,0,7,7,0,71,71,0,0,0,0,0,2,2,21,21,0,,,0,catches_rule,catches_rule: catches +2,0,
grade,250,Scott Dunning,E Grade,11,12,1,10,10,0,115,115,0,0,0,0,0,1,1,36*,36*,0,,,0,games_rule; catches_rule,games_rule: games +1 | catches_rule: catches +1,0,
grade,250,Scott Dunning,F Grade,11,12,1,10,10,0,287,287,0,1,1,0,0,0,0,61,61,0,1/12,1/12,0,games_rule; baseline_peel,games_rule: games +2 | baseline_peel: games -1,0,
grade,251,Aaron Watkins,D Grade,21,22,1,19,19,0,375,375,0,18,18,0,20,20,0,72,72,0,4/22,4/22,0,games_rule; catches_rule; baseline_peel,games_rule: games +1 | catches_rule: catches +17 | baseline_peel: catches -17,0,
grade,254,Jordan Brokate,A Grade,11,8,-3,5,3,-2,34,1,-33,12,9,-3,3,3,0,20,1,1,3/3,3/3,0,grade_reclassified,grade_reclassified: games -3 innings -2 runs -33 wickets -3,0,central files some A Grade matches as PPL
grade,254,Jordan Brokate,B Grade,6,7,1,2,2,0,11,11,0,10,10,0,3,3,0,11,11,0,3/9,3/9,0,baseline_overlap,baseline_overlap: games +1,0,
grade,254,Jordan Brokate,D Grade,4,5,1,4,4,0,81,81,0,5,5,0,0,0,0,59*,59*,0,2/14,2/14,0,games_rule,games_rule: games +1,0,
grade,254,Jordan Brokate,PPL,0,3,3,0,2,2,0,33,33,0,3,3,0,0,0,,20,1,,2/24,1,grade_reclassified,grade_reclassified: games +3 innings +2 runs +33 wickets +3,0,central files some A Grade matches as PPL
grade,255,Sara Walsh,F Grade,0,1,1,0,0,0,0,0,0,0,0,0,0,0,0,,,0,,,0,games_rule,games_rule: games +1,0,
grade,255,Sara Walsh,Female A Grade,36,36,0,11,11,0,39,39,0,0,0,0,0,1,1,15,15,0,,,0,catches_rule,catches_rule: catches +1,0,
grade,257,Bryce Jeffrey,A Grade,30,34,4,18,18,0,141,141,0,37,37,0,12,12,0,34*,34*,0,5/22,5/22,0,games_rule; catches_rule; baseline_peel,games_rule: games +4 | catches_rule: catches +1 | baseline_peel: catches -1,0,
grade,258,Christopher Walsh,F Grade,27,27,0,17,17,0,114,114,0,25,25,0,4,6,2,22,22,0,3/8,3/8,0,catches_rule; baseline_peel,catches_rule: catches +6 | baseline_peel: catches -4,0,
grade,259,Wayde Blom,A Grade,28,29,1,24,24,0,551,551,0,0,0,0,9,9,0,68,68,0,,,0,games_rule,games_rule: games +1,0,
grade,260,Lindsey Mcglinn,B Grade,12,13,1,10,10,0,148,148,0,11,11,0,3,3,0,45,45,0,2/8,2/8,0,games_rule,games_rule: games +1,0,
grade,260,Lindsey Mcglinn,D Grade,8,10,2,8,8,0,148,148,0,14,14,0,0,3,3,53,53,0,4/24,4/24,0,games_rule; catches_rule,games_rule: games +2 | catches_rule: catches +3,0,
grade,262,Rosie Marino,Female A Grade,17,17,0,14,14,0,80,80,0,1,1,0,0,3,3,19*,19*,0,1/46,1/46,0,catches_rule,catches_rule: catches +3,0,
grade,262,Rosie Marino,Female B Grade,10,10,0,10,10,0,101,101,0,4,4,0,0,4,4,28*,28*,0,3/3,3/3,0,catches_rule,catches_rule: catches +4,0,
grade,264,Luca Doyle,B Grade,4,4,0,1,1,0,13,13,0,9,9,0,0,1,1,13*,13*,0,5/24,5/24,0,extra_central_match; catches_rule; unexplained,extra_central_match: games +1 | catches_rule: catches +1 | unexplained: games -1,0,
grade,266,Eliesha Lazenby,Female B Grade,22,22,0,18,18,0,85,85,0,5,5,0,0,1,1,11*,11*,0,2/8,2/8,0,catches_rule,catches_rule: catches +1,0,
grade,267,Oscar Smith,Colts,10,10,0,8,8,0,95,95,0,10,10,0,4,6,2,31*,31*,0,5/30,5/30,0,catches_rule; baseline_peel,catches_rule: catches +6 | baseline_peel: catches -4,0,
grade,268,Nathan Howell,A Grade,18,20,2,17,17,0,151,151,0,23,23,0,1,1,0,47,47,0,5/28,5/28,0,games_rule; catches_rule; baseline_overlap; baseline_peel,games_rule: games +1 | catches_rule: catches +1 | baseline_overlap: games +1 | baseline_peel: catches -1,0,
grade,268,Nathan Howell,C Grade,3,4,1,2,2,0,2,2,0,5,5,0,3,3,0,1,1,0,2/31,2/31,0,games_rule; catches_rule; baseline_peel,games_rule: games +1 | catches_rule: catches +3 | baseline_peel: catches -3,0,
grade,269,Max Roberts,D Grade,11,11,0,2,2,0,27,27,0,15,15,0,0,1,1,16,16,0,4/29,4/29,0,catches_rule,catches_rule: catches +1,0,
grade,271,Aaron Burrage,PPL,20,21,1,20,20,0,560,560,0,27,27,0,3,3,0,101,101,0,4/11,4/11,0,games_rule; catches_rule; baseline_peel,games_rule: games +1 | catches_rule: catches +1 | baseline_peel: catches -1,0,
grade,274,Ethan White,D Grade,7,8,1,6,6,0,47,47,0,0,0,0,0,0,0,18,18,0,,,0,games_rule,games_rule: games +1,0,
grade,275,Amninder Singh,E Grade,11,12,1,8,8,0,24,24,0,0,0,0,0,0,0,11,11,0,,,0,games_rule,games_rule: games +1,0,
grade,275,Amninder Singh,F Grade,9,10,1,9,9,0,163,163,0,7,7,0,1,2,1,42,42,0,3/3,3/3,0,games_rule; catches_rule; baseline_peel,games_rule: games +1 | catches_rule: catches +2 | baseline_peel: catches -1,0,
grade,276,James Rudge,A Grade,16,16,0,11,11,0,272,272,0,22,22,0,7,17,10,67,67,0,3/17,3/17,0,catches_rule; baseline_peel,catches_rule: catches +17 | baseline_peel: catches -7,0,
grade,276,James Rudge,B Grade,4,4,0,3,3,0,72,72,0,0,0,0,0,3,3,50,50,0,,,0,catches_rule,catches_rule: catches +3,0,
grade,276,James Rudge,PPL,5,5,0,4,4,0,15,15,0,1,1,0,0,1,1,7,7,0,1/21,1/21,0,catches_rule,catches_rule: catches +1,0,
grade,277,Matthew Kennewell,E Grade,10,10,0,9,9,0,113,113,0,5,5,0,0,3,3,27,27,0,3/27,3/27,0,catches_rule,catches_rule: catches +3,0,
grade,277,Matthew Kennewell,F Grade,14,15,1,14,14,0,203,203,0,1,1,0,0,2,2,50,50,0,1/17,1/17,0,games_rule; catches_rule,games_rule: games +1 | catches_rule: catches +2,0,
grade,278,Jason R Davey,Colts,9,10,1,5,5,0,55,55,0,0,0,0,2,5,3,27,27,0,,,0,games_rule; catches_rule; baseline_peel,games_rule: games +1 | catches_rule: catches +5 | baseline_peel: catches -2,0,
grade,279,Jaxon Wyllie,B Grade,19,20,1,14,14,0,157,157,0,23,23,0,0,6,6,37,37,0,6/12,6/12,0,games_rule; catches_rule,games_rule: games +1 | catches_rule: catches +6,0,
grade,279,Jaxon Wyllie,D Grade,4,4,0,4,4,0,49,49,0,5,5,0,0,1,1,19,19,0,2/30,2/30,0,catches_rule,catches_rule: catches +1,0,
grade,280,Ben Higton,A Grade,19,21,2,10,10,0,238,238,0,25,25,0,2,2,0,46,46,0,3/6,3/6,0,games_rule,games_rule: games +2,0,
grade,286,David Holmes,A Grade,0,1,1,0,0,0,0,0,0,0,0,0,0,0,0,,,0,,,0,games_rule,games_rule: games +1,0,
grade,286,David Holmes,B Grade,6,6,0,5,5,0,87,87,0,1,1,0,0,3,3,36,36,0,1/35,1/35,0,catches_rule,catches_rule: catches +3,0,
grade,286,David Holmes,C Grade,9,9,0,9,9,0,194,194,0,5,5,0,0,5,5,63,63,0,2/6,2/6,0,catches_rule,catches_rule: catches +5,0,
grade,286,David Holmes,D Grade,8,9,1,8,8,0,385,385,0,0,0,0,2,2,0,106*,106*,0,,,0,games_rule,games_rule: games +1,0,
grade,287,Aniket Nambiar,E Grade,14,14,0,14,14,0,469,469,0,16,16,0,0,1,1,94,94,0,4/27,4/27,0,catches_rule,catches_rule: catches +1,0,
grade,288,Oliver Davidson,A Grade,15,15,0,10,10,0,189,189,0,24,24,0,6,7,1,51,51,0,6/10,6/10,0,catches_rule; baseline_peel,catches_rule: catches +7 | baseline_peel: catches -6,0,
grade,288,Oliver Davidson,Colts,6,6,0,6,6,0,158,158,0,15,15,0,3,4,1,88*,88*,0,4/10,4/10,0,catches_rule; baseline_peel,catches_rule: catches +4 | baseline_peel: catches -3,0,
grade,288,Oliver Davidson,PPL,1,2,1,1,1,0,18,18,0,2,2,0,0,0,0,18,18,0,2/12,2/12,0,games_rule,games_rule: games +1,0,
grade,291,Owen Phelps,B Grade,17,17,0,16,16,0,117,117,0,22,22,0,0,3,3,36,36,0,5/14,5/14,0,catches_rule,catches_rule: catches +3,0,
grade,291,Owen Phelps,Colts,7,7,0,7,8,1,86,86,0,6,6,0,1,1,0,25,25,0,5/37,4/30,1,catches_rule; baseline_peel; figures_differ,catches_rule: catches +1 | baseline_peel: catches -1 | figures_differ: innings +1,0,
grade,293,Michelle Morgan,Female B Grade,23,24,1,23,23,0,187,187,0,14,14,0,0,0,0,25*,25*,0,3/12,3/12,0,ladies_t20,ladies_t20: games +1,0,
grade,297,Dom Asson,Colts,6,6,0,4,4,0,45,45,0,3,3,0,0,1,1,20,20,0,2/10,2/10,0,extra_central_match; catches_rule; unexplained,extra_central_match: games +1 | catches_rule: catches +1 | unexplained: games -1,0,
grade,297,Dom Asson,D Grade,8,8,0,6,6,0,31,31,0,4,4,0,1,2,1,14*,14*,0,2/19,2/19,0,games_rule; catches_rule; baseline_peel,games_rule: games +1 | catches_rule: catches +2 | baseline_peel: games -1 catches -1,0,
grade,297,Dom Asson,E Grade,8,8,0,2,2,0,14,14,0,7,7,0,2,5,3,14,14,0,2/15,2/15,0,catches_rule; baseline_peel,catches_rule: catches +5 | baseline_peel: catches -2,0,
grade,298,Cooper Gray,C Grade,7,7,0,4,4,0,9,9,0,3,3,0,0,4,4,6*,6*,0,1/13,1/13,0,catches_rule,catches_rule: catches +4,0,
grade,298,Cooper Gray,E Grade,2,3,1,2,2,0,5,5,0,0,0,0,0,1,1,5,5,0,,,0,games_rule; catches_rule,games_rule: games +1 | catches_rule: catches +1,0,
grade,300,Brooke Burns,Female B Grade,21,22,1,19,19,0,521,521,0,11,11,0,0,0,0,55,55,0,4/7,4/7,0,ladies_t20,ladies_t20: games +1,0,
grade,302,Sean Nye,C Grade,2,4,2,2,2,0,25,25,0,0,0,0,0,0,0,19,19,0,,,0,games_rule,games_rule: games +2,0,
grade,302,Sean Nye,D Grade,1,1,0,1,1,0,44,44,0,0,0,0,0,1,1,44,44,0,,,0,catches_rule,catches_rule: catches +1,0,
grade,303,Jay Deeming,C Grade,14,18,4,13,13,0,122,122,0,3,3,0,0,3,3,72*,72*,0,1/4,1/4,0,games_rule; catches_rule,games_rule: games +4 | catches_rule: catches +3,0,
grade,303,Jay Deeming,D Grade,20,20,0,20,20,0,180,180,0,41,41,0,8,11,3,36,36,0,4/36,4/36,0,catches_rule; baseline_peel,catches_rule: catches +11 | baseline_peel: catches -8,0,
grade,306,Trae Rehutai,D Grade,2,2,0,2,2,0,10,10,0,0,0,0,0,3,3,10,10,0,,,0,catches_rule,catches_rule: catches +3,0,
grade,306,Trae Rehutai,E Grade,10,10,0,2,2,0,1,1,0,1,1,0,5,6,1,1,1,0,1/5,1/5,0,catches_rule; baseline_peel,catches_rule: catches +6 | baseline_peel: catches -5,0,
grade,306,Trae Rehutai,F Grade,9,9,0,6,6,0,38,38,0,6,6,0,2,3,1,16,16,0,2/30,2/30,0,catches_rule; baseline_peel,catches_rule: catches +3 | baseline_peel: catches -2,0,
grade,307,Shannon Wright,C Grade,11,12,1,10,10,0,355,355,0,0,0,0,5,5,0,72*,72*,0,,,0,games_rule; baseline_peel,games_rule: games +2 | baseline_peel: games -1,0,
grade,311,Matison Dalwood,D Grade,20,20,0,18,18,0,174,174,0,7,7,0,4,5,1,39,39,0,2/41,2/41,0,catches_rule; baseline_peel,catches_rule: catches +5 | baseline_peel: catches -4,0,
grade,313,Timothy Allen,C Grade,5,5,0,2,2,0,1,1,0,4,4,0,0,3,3,1*,1*,0,2/19,2/19,0,catches_rule,catches_rule: catches +3,0,
grade,314,Jared King,C Grade,3,4,1,1,1,0,0,0,0,2,2,0,0,1,1,0,0,0,1/12,1/12,0,games_rule; catches_rule,games_rule: games +1 | catches_rule: catches +1,0,
grade,316,Lucius Hysen,B Grade,12,13,1,11,11,0,165,165,0,0,0,0,2,2,0,61*,61*,0,,,0,extra_central_match; games_rule; catches_rule; baseline_peel; unexplained,extra_central_match: games +1 innings +1 runs +33 | games_rule: games +1 | catches_rule: catches +2 | baseline_peel: catches -2 | unexplained: games -1 innings -1 runs -33,0,
grade,318,Peter Brear,B Grade,19,20,1,19,19,0,326,326,0,0,0,0,3,3,0,57,57,0,,,0,games_rule; baseline_peel,games_rule: games +2 | baseline_peel: games -1,0,
grade,319,Will Eason,A Grade,18,18,0,18,18,0,311,311,0,15,15,0,1,5,4,57*,57*,0,2/8,2/8,0,catches_rule; baseline_peel,catches_rule: catches +5 | baseline_peel: catches -1,0,
grade,320,Mathew Branchi,F Grade,8,9,1,5,5,0,32,32,0,0,0,0,0,0,0,27,27,0,,,0,games_rule,games_rule: games +1,0,
grade,321,Tim Rogers,D Grade,12,12,0,12,12,0,94,94,0,0,0,0,0,7,7,17,17,0,,,0,catches_rule,catches_rule: catches +7,0,
grade,322,Angus Moseley,Colts,14,14,0,12,13,1,105,105,0,3,3,0,8,12,4,22,22,0,3/15,3/15,0,extra_central_match; catches_rule; baseline_peel; figures_differ; unexplained,extra_central_match: games +1 catches +3 | catches_rule: catches +9 | baseline_peel: catches -8 | figures_differ: innings +1 | unexplained: games -1,0,
grade,322,Angus Moseley,D Grade,1,1,0,1,1,0,3,3,0,0,0,0,0,1,1,3*,3*,0,,,0,catches_rule,catches_rule: catches +1,0,
grade,322,Angus Moseley,F Grade,3,3,0,3,3,0,41,41,0,1,1,0,0,2,2,24,24,0,1/44,1/44,0,catches_rule,catches_rule: catches +2,0,
grade,323,Matthew Hardie,D Grade,8,8,0,7,7,0,65,65,0,7,7,0,0,3,3,24,24,0,2/16,2/16,0,catches_rule,catches_rule: catches +3,0,
grade,323,Matthew Hardie,E Grade,7,7,0,5,5,0,37,37,0,4,4,0,0,1,1,26,26,0,2/10,2/10,0,catches_rule,catches_rule: catches +1,0,
grade,328,Cadin Sturgess,B Grade,8,8,0,8,8,0,28,28,0,0,0,0,0,4,4,9*,9*,0,,,0,catches_rule,catches_rule: catches +4,0,
grade,328,Cadin Sturgess,D Grade,8,8,0,6,6,0,94,94,0,1,1,0,0,1,1,30*,30*,0,1/5,1/5,0,catches_rule,catches_rule: catches +1,0,
grade,328,Cadin Sturgess,E Grade,3,3,0,3,3,0,66,66,0,1,1,0,0,1,1,27*,27*,0,1/15,1/15,0,catches_rule,catches_rule: catches +1,0,
grade,329,Sophie Terrell,Female A Grade,25,26,1,22,22,0,258,258,0,1,1,0,2,8,6,50*,50*,0,1/17,1/17,0,games_rule; catches_rule; baseline_peel,games_rule: games +1 | catches_rule: catches +8 | baseline_peel: catches -2,0,
grade,331,Mick Mulcahy,E Grade,16,16,0,7,7,0,108,108,0,21,21,0,0,1,1,37*,37*,0,5/13,5/13,0,catches_rule,catches_rule: catches +1,0,
grade,333,Ben Mcinnes,A Grade,1,0,-1,1,0,-1,0,0,0,0,0,0,0,0,0,0*,,1,,,0,grade_reclassified,grade_reclassified: games -1 innings -1,0,central files some A Grade matches as PPL
grade,333,Ben Mcinnes,F Grade,11,12,1,8,8,0,43,43,0,12,12,0,6,6,0,16,16,0,4/26,4/26,0,games_rule,games_rule: games +1,0,
grade,333,Ben Mcinnes,PPL,0,1,1,0,1,1,0,0,0,0,0,0,0,0,0,,0*,1,,,0,grade_reclassified,grade_reclassified: games +1 innings +1,0,central files some A Grade matches as PPL
grade,336,Suelee Christie,Female B Grade,17,18,1,16,16,0,198,198,0,2,2,0,0,0,0,22*,22*,0,1/2,1/2,0,ladies_t20,ladies_t20: games +1,0,
grade,337,Ethan Mael,D Grade,8,8,0,8,8,0,85,85,0,0,0,0,0,4,4,40,40,0,,,0,catches_rule,catches_rule: catches +4,0,
grade,337,Ethan Mael,F Grade,4,4,0,3,3,0,37,37,0,0,0,0,0,1,1,21,21,0,,,0,catches_rule,catches_rule: catches +1,0,
grade,340,Jason Clarke,B Grade,6,6,0,6,6,0,75,75,0,12,12,0,0,1,1,59,59,0,4/38,4/38,0,catches_rule,catches_rule: catches +1,0,
grade,343,Chris Mills,A Grade,16,20,4,8,8,0,54,54,0,16,16,0,2,2,0,21,21,0,5/10,5/10,0,games_rule; catches_rule; baseline_overlap; baseline_peel,games_rule: games +3 | catches_rule: catches +2 | baseline_overlap: games +1 | baseline_peel: catches -2,0,
grade,344,Alex Garbin,F Grade,13,14,1,7,7,0,31,31,0,8,8,0,0,0,0,14,14,0,4/31,4/31,0,games_rule,games_rule: games +1,0,
grade,347,Bradley Rayment,D Grade,4,5,1,4,4,0,56,56,0,7,7,0,0,0,0,25*,25*,0,4/45,4/45,0,games_rule,games_rule: games +1,0,
grade,353,Dean Ryan,F Grade,10,10,0,7,7,0,96,96,0,16,16,0,0,2,2,29*,29*,0,4/10,4/10,0,catches_rule,catches_rule: catches +2,0,
grade,356,Darryl Muller,F Grade,16,17,1,11,11,0,135,135,0,17,17,0,0,3,3,40,40,0,4/10,4/10,0,games_rule; catches_rule,games_rule: games +1 | catches_rule: catches +3,0,
grade,361,Jaiden Davern,D Grade,1,1,0,0,0,0,0,0,0,0,0,0,0,1,1,0,0,0,,,0,catches_rule,catches_rule: catches +1,0,
grade,361,Jaiden Davern,E Grade,2,2,0,2,2,0,1,1,0,2,2,0,0,3,3,1,1,0,1/25,1/25,0,catches_rule,catches_rule: catches +3,0,
grade,361,Jaiden Davern,F Grade,12,12,0,5,5,0,14,14,0,10,10,0,4,7,3,10*,10*,0,4/26,4/26,0,games_rule; catches_rule; baseline_peel,games_rule: games +1 | catches_rule: catches +7 | baseline_peel: games -1 catches -4,0,
grade,362,Phil Hall,B Grade,1,1,0,0,0,0,0,0,0,0,0,0,0,1,1,,,0,,,0,catches_rule,catches_rule: catches +1,0,
grade,363,Sophie Phelps,Female A Grade,19,20,1,4,4,0,19,19,0,12,12,0,0,1,1,7*,7*,0,3/13,3/13,0,games_rule; catches_rule; baseline_peel,games_rule: games +2 | catches_rule: catches +1 | baseline_peel: games -1,0,
grade,365,Rhys Lawrie,C Grade,13,13,0,11,11,0,150,150,0,0,0,0,0,9,9,38*,38*,0,,,0,catches_rule,catches_rule: catches +9,0,
grade,365,Rhys Lawrie,E Grade,1,1,0,1,1,0,56,56,0,0,0,0,0,1,1,56,56,0,,,0,catches_rule,catches_rule: catches +1,0,
grade,369,Emmett Hambley,A Grade,0,1,1,0,0,0,0,0,0,0,0,0,0,0,0,,,0,,,0,games_rule,games_rule: games +1,0,
grade,369,Emmett Hambley,Colts,7,7,0,6,7,1,73,73,0,2,2,0,2,2,0,31,23,1,1/1,1/1,0,extra_central_match; figures_differ; unexplained,extra_central_match: games +1 wickets +1 | figures_differ: innings +1 | unexplained: games -1 wickets -1,0,
grade,373,Daniel Higham,A Grade,5,4,-1,5,3,-2,15,4,-11,1,1,0,2,2,0,6,2,1,1/7,1/7,0,games_rule; catches_rule; baseline_peel; grade_reclassified,games_rule: games +1 | catches_rule: catches +2 | baseline_peel: catches -2 | grade_reclassified: games -2 innings -2 runs -11,0,central files some A Grade matches as PPL
grade,373,Daniel Higham,B Grade,9,10,1,6,6,0,45,45,0,22,22,0,0,0,0,36,36,0,6/15,6/15,0,games_rule,games_rule: games +1,0,
grade,373,Daniel Higham,PPL,0,2,2,0,2,2,0,11,11,0,0,0,0,0,0,,6,1,,,0,grade_reclassified,grade_reclassified: games +2 innings +2 runs +11,0,central files some A Grade matches as PPL
grade,376,Ray Shearman,D Grade,2,2,0,2,2,0,3,3,0,0,0,0,0,1,1,3,3,0,,,0,catches_rule,catches_rule: catches +1,0,
grade,379,Sam Pendlebury,B Grade,2,2,0,2,2,0,25,25,0,1,1,0,2,2,0,21,21,0,1/44,1/25,1,baseline_overlap; baseline_peel,baseline_overlap: games +2 innings +2 runs +25 wickets +1 | baseline_peel: games -2 innings -2 runs -25 wickets -1,0,
grade,383,Rahul Singh,F Grade,2,3,1,1,1,0,5,5,0,0,0,0,0,0,0,5,5,0,,,0,games_rule,games_rule: games +1,0,
grade,384,Thomas Stack,F Grade,5,6,1,3,3,0,69,69,0,0,0,0,0,0,0,47,47,0,,,0,games_rule,games_rule: games +1,0,
grade,386,John Pyle,A Grade,0,1,1,0,0,0,0,0,0,0,0,0,0,0,0,,,0,,,0,games_rule,games_rule: games +1,0,
grade,388,Tahlia Head,Female A Grade,14,14,0,5,5,0,72,72,0,13,13,0,0,1,1,30*,30*,0,3/12,3/12,0,catches_rule,catches_rule: catches +1,0,
grade,389,Dylan Mulcahy,E Grade,13,15,2,5,5,0,20,20,0,5,5,0,0,2,2,13*,13*,0,3/21,3/21,0,games_rule; catches_rule,games_rule: games +2 | catches_rule: catches +2,0,
grade,389,Dylan Mulcahy,F Grade,0,1,1,0,0,0,0,0,0,0,0,0,0,0,0,,,0,,,0,games_rule,games_rule: games +1,0,
grade,390,Harrison Klasztorny,D Grade,6,6,0,6,6,0,21,21,0,2,2,0,0,2,2,8*,8*,0,1/3,1/3,0,catches_rule,catches_rule: catches +2,0,
grade,392,Drew Mccarthy,D Grade,13,14,1,12,12,0,276,276,0,12,12,0,4,4,0,60*,60*,0,3/11,3/11,0,games_rule,games_rule: games +1,0,
grade,394,Ankit Kumar,E Grade,6,6,0,4,4,0,48,48,0,1,1,0,3,4,1,25,25,0,1/16,1/16,0,catches_rule; baseline_peel,catches_rule: catches +4 | baseline_peel: catches -3,0,
grade,395,Nicholas Garbin,F Grade,13,14,1,11,11,0,183,183,0,12,12,0,0,0,0,78,78,0,3/19,3/19,0,games_rule,games_rule: games +1,0,
grade,400,Robert Swart,E Grade,5,5,0,5,5,0,18,18,0,0,0,0,0,1,1,8,8,0,,,0,catches_rule,catches_rule: catches +1,0,
grade,401,Jordan Jackson,E Grade,10,10,0,7,7,0,37,37,0,9,9,0,0,1,1,11*,11*,0,3/13,3/13,0,catches_rule,catches_rule: catches +1,0,
grade,406,Jaspreet Pannu,A Grade,1,0,-1,1,0,-1,0,0,0,1,0,-1,0,0,0,0*,,1,1/14,,1,grade_reclassified,grade_reclassified: games -1 innings -1 wickets -1,0,central files some A Grade matches as PPL
grade,406,Jaspreet Pannu,PPL,0,1,1,0,1,1,0,0,0,0,1,1,0,0,0,,0*,1,,1/14,1,grade_reclassified,grade_reclassified: games +1 innings +1 wickets +1,0,central files some A Grade matches as PPL
grade,407,Claire Litchfield,Female A Grade,18,19,1,13,13,0,115,115,0,11,11,0,1,5,4,33,33,0,2/13,2/13,0,games_rule; catches_rule; baseline_peel,games_rule: games +1 | catches_rule: catches +5 | baseline_peel: catches -1,0,
grade,411,Kyren Tierney,B Grade,13,13,0,8,8,0,19,19,0,14,14,0,6,7,1,10*,10*,0,3/19,3/19,0,games_rule; catches_rule; baseline_peel,games_rule: games +1 | catches_rule: catches +7 | baseline_peel: games -1 catches -6,0,
grade,413,Ellie Lovell,Female A Grade,21,22,1,5,5,0,30,30,0,18,18,0,0,1,1,10,10,0,3/22,3/22,0,games_rule; catches_rule,games_rule: games +1 | catches_rule: catches +1,0,
grade,416,Brendan Lee,E Grade,7,8,1,7,7,0,97,97,0,15,15,0,0,0,0,36,36,0,4/7,4/7,0,games_rule,games_rule: games +1,0,
grade,416,Brendan Lee,F Grade,5,5,0,5,5,0,115,115,0,8,8,0,0,1,1,53*,53*,0,3/13,3/13,0,catches_rule,catches_rule: catches +1,0,
grade,419,Alex Osborne,Colts,5,5,0,3,4,1,126,126,0,7,7,0,5,5,0,85*,85*,0,3/7,3/7,0,figures_differ,figures_differ: innings +1,0,
grade,420,Phil Miolin,E Grade,7,7,0,5,5,0,121,121,0,15,15,0,2,4,2,65*,65*,0,5/18,5/18,0,catches_rule; baseline_peel,catches_rule: catches +4 | baseline_peel: catches -2,0,
grade,420,Phil Miolin,F Grade,1,1,0,0,0,0,0,0,0,0,0,0,0,0,0,0,,1,,,0,baseline_overlap; baseline_peel,baseline_overlap: games +1 | baseline_peel: games -1,0,
grade,423,Clinton Adams,D Grade,12,12,0,11,11,0,107,107,0,7,7,0,0,1,1,44*,44*,0,3/54,3/54,0,catches_rule,catches_rule: catches +1,0,
grade,424,Jeff Carlisle,A Grade,1,1,0,0,0,0,0,0,0,0,0,0,0,1,1,,,0,,,0,catches_rule,catches_rule: catches +1,0,
grade,427,James Capener,A Grade,7,5,-2,6,3,-3,24,1,-23,0,0,0,3,3,0,13,1,1,,,0,games_rule; catches_rule; baseline_peel; grade_reclassified,games_rule: games +2 | catches_rule: catches +3 | baseline_peel: catches -3 | grade_reclassified: games -4 innings -3 runs -23,0,central files some A Grade matches as PPL
grade,427,James Capener,C Grade,12,13,1,11,11,0,143,143,0,0,0,0,0,9,9,51,51,0,,,0,games_rule; catches_rule,games_rule: games +1 | catches_rule: catches +9,0,
grade,427,James Capener,D Grade,1,1,0,1,1,0,8,8,0,0,0,0,0,2,2,8,8,0,,,0,catches_rule,catches_rule: catches +2,0,
grade,427,James Capener,F Grade,1,1,0,1,1,0,29,29,0,0,0,0,0,4,4,29,29,0,,,0,catches_rule,catches_rule: catches +4,0,
grade,427,James Capener,PPL,0,4,4,0,3,3,0,23,23,0,0,0,0,0,0,,13,1,,,0,grade_reclassified,grade_reclassified: games +4 innings +3 runs +23,0,central files some A Grade matches as PPL
grade,430,Jacob Hodson,A Grade,8,9,1,6,6,0,12,12,0,17,17,0,5,5,0,11,11,0,5/27,5/27,0,games_rule; catches_rule; baseline_peel,games_rule: games +1 | catches_rule: catches +5 | baseline_peel: catches -5,0,
grade,431,Jack Sadler,E Grade,6,8,2,2,2,0,36,36,0,9,9,0,0,1,1,32*,32*,0,3/28,3/28,0,games_rule; catches_rule,games_rule: games +2 | catches_rule: catches +1,0,
grade,433,Blake Coomber,F Grade,1,2,1,1,1,0,3,3,0,0,0,0,0,0,0,3,3,0,,,0,games_rule,games_rule: games +1,0,
grade,441,Phillip Craig,B Grade,8,8,0,6,6,0,46,46,0,12,12,0,0,2,2,19*,19*,0,3/31,3/31,0,catches_rule,catches_rule: catches +2,0,
grade,441,Phillip Craig,D Grade,3,3,0,3,3,0,58,58,0,1,1,0,0,2,2,36,36,0,1/6,1/6,0,catches_rule,catches_rule: catches +2,0,
grade,445,Derek Winter-Pike,D Grade,2,2,0,2,2,0,16,16,0,0,0,0,0,2,2,8,8,0,,,0,catches_rule,catches_rule: catches +2,0,
grade,445,Derek Winter-Pike,E Grade,8,8,0,8,8,0,48,48,0,0,0,0,0,1,1,22,22,0,,,0,catches_rule,catches_rule: catches +1,0,
grade,446,Caleb Woodward,E Grade,6,6,0,5,5,0,41,41,0,1,1,0,0,1,1,19,19,0,1/26,1/26,0,catches_rule,catches_rule: catches +1,0,
grade,446,Caleb Woodward,F Grade,5,5,0,3,3,0,17,17,0,1,1,0,0,1,1,7,7,0,1/21,1/21,0,catches_rule,catches_rule: catches +1,0,
grade,447,Neil Schmid,F Grade,11,12,1,7,7,0,44,44,0,5,5,0,0,0,0,21*,21*,0,3/6,3/6,0,games_rule,games_rule: games +1,0,
grade,448,Kirk Griffiths,D Grade,11,12,1,10,10,0,36,36,0,3,3,0,0,2,2,12*,12*,0,1/3,1/3,0,games_rule; catches_rule,games_rule: games +1 | catches_rule: catches +2,0,
grade,449,Paul Burns,F Grade,10,11,1,5,5,0,21,21,0,0,0,0,0,0,0,12,12,0,,,0,games_rule,games_rule: games +1,0,
grade,451,Kacey Dunn,Female B Grade,11,11,0,5,5,0,12,12,0,2,2,0,0,1,1,5,5,0,1/8,1/8,0,catches_rule,catches_rule: catches +1,0,
grade,453,Kellie Grant,Female B Grade,10,11,1,10,10,0,282,282,0,5,5,0,0,0,0,39,39,0,1/5,1/5,0,ladies_t20,ladies_t20: games +1,0,
grade,456,Michael Dwyer,B Grade,1,1,0,1,1,0,0,0,0,0,0,0,0,2,2,0,0,0,,,0,catches_rule,catches_rule: catches +2,0,
grade,459,Mitchell Burton,F Grade,9,9,0,6,6,0,17,17,0,8,8,0,0,1,1,11,11,0,4/17,4/17,0,catches_rule,catches_rule: catches +1,0,
grade,460,Matthew Reilly,A Grade,1,0,-1,1,0,-1,4,0,-4,2,0,-2,0,0,0,4,,1,2/2,,1,grade_reclassified,grade_reclassified: games -1 innings -1 runs -4 wickets -2,0,central files some A Grade matches as PPL
grade,460,Matthew Reilly,C Grade,8,9,1,6,6,0,158,158,0,10,10,0,7,7,0,60*,60*,0,3/28,3/28,0,games_rule; catches_rule; baseline_peel,games_rule: games +2 | catches_rule: catches +1 | baseline_peel: games -1 catches -1,0,
grade,460,Matthew Reilly,PPL,0,2,2,0,1,1,0,4,4,0,2,2,0,0,0,,4,1,,2/2,1,games_rule; grade_reclassified,games_rule: games +1 | grade_reclassified: games +1 innings +1 runs +4 wickets +2,0,central files some A Grade matches as PPL
grade,461,Daniel Krepevin,A Grade,1,0,-1,0,0,0,0,0,0,0,0,0,0,0,0,,,0,,,0,grade_reclassified,grade_reclassified: games -1,0,central files some A Grade matches as PPL
grade,461,Daniel Krepevin,C Grade,8,8,0,6,6,0,41,41,0,2,2,0,0,3,3,19,19,0,1/23,1/23,0,catches_rule,catches_rule: catches +3,0,
grade,461,Daniel Krepevin,PPL,0,1,1,0,0,0,0,0,0,0,0,0,0,0,0,,,0,,,0,grade_reclassified,grade_reclassified: games +1,0,central files some A Grade matches as PPL
grade,463,Scott White,C Grade,3,6,3,2,2,0,42,42,0,0,0,0,0,0,0,34*,34*,0,,,0,games_rule,games_rule: games +3,0,
grade,464,Will Elvidge,A Grade,6,7,1,5,5,0,66,66,0,0,0,0,11,11,0,47,47,0,,,0,games_rule; catches_rule; baseline_peel,games_rule: games +1 | catches_rule: catches +7 | baseline_peel: catches -7,0,
grade,464,Will Elvidge,B Grade,1,1,0,1,1,0,20,20,0,0,0,0,0,2,2,20*,20*,0,,,0,catches_rule,catches_rule: catches +2,0,
grade,464,Will Elvidge,PPL,2,2,0,0,0,0,0,0,0,0,0,0,0,3,3,,,0,,,0,catches_rule,catches_rule: catches +3,0,
grade,465,Luke Brock,A Grade,6,5,-1,6,5,-1,66,62,-4,0,0,0,1,1,0,18,18,0,,,0,grade_reclassified,grade_reclassified: games -1 innings -1 runs -4,0,central files some A Grade matches as PPL
grade,465,Luke Brock,PPL,0,2,2,0,1,1,0,4,4,0,0,0,0,0,0,,4*,1,,,0,games_rule; grade_reclassified,games_rule: games +1 | grade_reclassified: games +1 innings +1 runs +4,0,central files some A Grade matches as PPL
grade,466,Shaun Atkins,C Grade,9,9,0,9,9,0,311,311,0,1,1,0,0,3,3,76*,76*,0,1/3,1/3,0,catches_rule,catches_rule: catches +3,0,
grade,467,Lee Chapman,D Grade,2,2,0,0,0,0,0,0,0,3,3,0,0,1,1,,,0,3/22,3/22,0,catches_rule,catches_rule: catches +1,0,
grade,467,Lee Chapman,E Grade,2,2,0,2,2,0,36,36,0,2,2,0,0,1,1,20*,20*,0,1/13,1/13,0,catches_rule,catches_rule: catches +1,0,
grade,468,Samuel Woodroff,F Grade,2,2,0,0,0,0,0,0,0,3,3,0,0,1,1,0,0,0,3/11,3/11,0,catches_rule,catches_rule: catches +1,0,
grade,469,Hayden Riches,F Grade,9,11,2,7,7,0,35,35,0,7,7,0,0,3,3,14*,14*,0,2/9,2/9,0,games_rule; catches_rule,games_rule: games +2 | catches_rule: catches +3,0,
grade,470,Taj Depedro,Colts,3,3,0,2,2,0,8,8,0,1,1,0,0,1,1,8*,8*,0,1/17,1/17,0,catches_rule,catches_rule: catches +1,0,
grade,472,Toby Leavy,C Grade,6,6,0,3,3,0,6,6,0,3,3,0,0,2,2,5,5,0,2/30,2/30,0,catches_rule,catches_rule: catches +2,0,
grade,472,Toby Leavy,D Grade,2,3,1,0,0,0,0,0,0,0,0,0,0,1,1,0,0,0,,,0,games_rule; catches_rule,games_rule: games +1 | catches_rule: catches +1,0,
grade,475,Niel Smith,D Grade,8,8,0,6,6,0,131,131,0,0,0,0,0,1,1,88,88,0,,,0,catches_rule,catches_rule: catches +1,0,
grade,477,Ange Williams,Female B Grade,8,9,1,8,8,0,116,116,0,3,3,0,0,0,0,26*,26*,0,2/15,2/15,0,ladies_t20,ladies_t20: games +1,0,
grade,479,Ellis Miah,A Grade,6,7,1,6,6,0,59,59,0,3,3,0,3,3,0,18,18,0,1/0,1/0,0,games_rule; catches_rule; baseline_peel,games_rule: games +1 | catches_rule: catches +3 | baseline_peel: catches -3,0,
grade,481,Nicholas Mills,F Grade,5,5,0,2,2,0,50,50,0,1,1,0,0,1,1,44,44,0,1/47,1/47,0,catches_rule,catches_rule: catches +1,0,
grade,482,Timothy Lees,A Grade,5,7,2,4,4,0,3,3,0,3,3,0,2,2,0,1,1,0,1/15,1/15,0,games_rule; catches_rule; baseline_peel,games_rule: games +2 | catches_rule: catches +2 | baseline_peel: catches -2,0,
grade,486,Jordan Cole,D Grade,1,1,0,1,1,0,0,0,0,1,1,0,0,2,2,0,0,0,1/4,1/4,0,catches_rule,catches_rule: catches +2,0,
grade,486,Jordan Cole,F Grade,7,8,1,4,4,0,14,14,0,11,11,0,0,1,1,10*,10*,0,5/18,5/18,0,games_rule; catches_rule,games_rule: games +1 | catches_rule: catches +1,0,
grade,487,Harley Murphy,F Grade,4,5,1,3,3,0,3,3,0,7,7,0,0,0,0,2,2,0,5/36,5/36,0,games_rule,games_rule: games +1,0,
grade,490,Scott Buchholz,D Grade,2,3,1,0,0,0,0,0,0,2,2,0,0,0,0,,,0,2/40,2/40,0,games_rule,games_rule: games +1,0,
grade,491,Christopher Davenport,PPL,7,7,0,7,7,0,148,148,0,12,12,0,0,2,2,68,68,0,4/17,4/17,0,catches_rule,catches_rule: catches +2,0,
grade,492,Donna Pocklington,Female B Grade,7,8,1,7,7,0,66,66,0,1,1,0,0,0,0,15,15,0,1/8,1/8,0,ladies_t20,ladies_t20: games +1,0,
grade,497,Jacob Oosterhuis,F Grade,7,8,1,6,6,0,29,29,0,0,0,0,0,1,1,17,17,0,,,0,games_rule; catches_rule,games_rule: games +1 | catches_rule: catches +1,0,
grade,499,Sam Lovell,Colts,2,3,1,2,2,0,7,7,0,0,0,0,2,2,0,4,4,0,,,0,games_rule; catches_rule; baseline_peel,games_rule: games +1 | catches_rule: catches +2 | baseline_peel: catches -2,0,
grade,501,Rhys Jeffers,D Grade,4,4,0,2,2,0,14,14,0,4,4,0,0,2,2,8,8,0,2/25,2/25,0,catches_rule,catches_rule: catches +2,0,
grade,502,Jackson Chipperfield,F Grade,7,8,1,6,6,0,9,9,0,2,2,0,0,0,0,8*,8*,0,2/25,2/25,0,games_rule,games_rule: games +1,0,
grade,503,Shaylah Oosterhuis,F Grade,6,7,1,1,1,0,0,0,0,2,2,0,0,0,0,0,0,0,1/14,1/14,0,games_rule,games_rule: games +1,0,
grade,504,Robinritu Singh,E Grade,5,5,0,5,5,0,197,197,0,0,0,0,0,1,1,93,93,0,,,0,catches_rule,catches_rule: catches +1,0,
grade,505,Paul Nicholls,C Grade,1,1,0,0,0,0,0,0,0,0,0,0,0,1,1,,,0,,,0,catches_rule,catches_rule: catches +1,0,
grade,507,Zac Boettiger,F Grade,4,4,0,3,3,0,33,33,0,1,1,0,0,1,1,20*,20*,0,1/34,1/34,0,catches_rule,catches_rule: catches +1,0,
grade,510,Jake Smoker,C Grade,10,11,1,9,9,0,195,195,0,15,15,0,0,2,2,46,46,0,4/26,4/26,0,games_rule; catches_rule,games_rule: games +1 | catches_rule: catches +2,0,
grade,511,Shea Heinsen,Female A Grade,6,6,0,6,6,0,34,34,0,0,0,0,0,1,1,12*,12*,0,,,0,catches_rule,catches_rule: catches +1,0,
grade,512,Jarvis Pina,F Grade,2,4,2,2,2,0,9,9,0,0,0,0,0,0,0,9,9,0,,,0,games_rule,games_rule: games +2,0,
grade,513,Emma Tennent,Female B Grade,6,7,1,5,5,0,26,26,0,1,1,0,0,0,0,7*,7*,0,1/11,1/11,0,ladies_t20,ladies_t20: games +1,0,
grade,514,Conor Burns,F Grade,6,7,1,5,5,0,15,15,0,4,4,0,0,1,1,10*,10*,0,2/27,2/27,0,games_rule; catches_rule,games_rule: games +1 | catches_rule: catches +1,0,
grade,517,Kiran Mellacheruvu,A Grade,0,1,1,0,0,0,0,0,0,0,0,0,0,0,0,,,0,,,0,games_rule,games_rule: games +1,0,
grade,517,Kiran Mellacheruvu,C Grade,6,6,0,2,2,0,4,4,0,10,10,0,0,3,3,3*,3*,0,4/20,4/20,0,catches_rule,catches_rule: catches +3,0,
grade,524,Aimee Latham,Female A Grade,9,9,0,7,7,0,190,190,0,4,4,0,1,4,3,77*,77*,0,2/26,2/26,0,catches_rule; baseline_peel,catches_rule: catches +4 | baseline_peel: catches -1,0,
grade,525,Shane Lomman,D Grade,5,6,1,5,5,0,145,145,0,1,1,0,0,1,1,100*,100*,0,1/14,1/14,0,games_rule; catches_rule,games_rule: games +1 | catches_rule: catches +1,0,
grade,527,Michelle Owen,Female B Grade,5,6,1,5,5,0,67,67,0,4,4,0,0,0,0,25,25,0,3/9,3/9,0,ladies_t20,ladies_t20: games +1,0,
grade,529,Sarah Christie,Female B Grade,5,6,1,5,5,0,30,30,0,2,2,0,0,0,0,10*,10*,0,1/9,1/9,0,ladies_t20,ladies_t20: games +1,0,
grade,535,Kaedyn Billing,D Grade,1,0,-1,0,0,0,0,0,0,0,0,0,0,0,0,0,0,0,,,0,unlinked_identity,unlinked_identity: games -1,0,
grade,536,Steve Capener,E Grade,2,2,0,1,1,0,0,0,0,0,0,0,0,2,2,0,0,0,,,0,catches_rule,catches_rule: catches +2,0,
grade,536,Steve Capener,F Grade,3,4,1,2,2,0,1,1,0,0,0,0,0,0,0,1,1,0,,,0,games_rule,games_rule: games +1,0,
grade,537,Sabrina Evans,Female A Grade,13,14,1,5,5,0,16,16,0,2,2,0,1,2,1,6,6,0,2/23,2/23,0,games_rule; catches_rule; baseline_peel,games_rule: games +1 | catches_rule: catches +2 | baseline_peel: catches -1,0,
grade,545,Hayze Griffiths,E Grade,2,0,-2,0,0,0,0,0,0,0,0,0,1,1,0,0,0,0,,,0,unlinked_identity,unlinked_identity: games -2,0,
grade,546,Riley Arrowsmith,Colts,3,4,1,2,2,0,8,8,0,0,0,0,3,5,2,5,5,0,,,0,extra_central_match; games_rule; catches_rule; baseline_peel; unexplained,extra_central_match: games +1 | games_rule: games +1 | catches_rule: catches +5 | baseline_peel: catches -3 | unexplained: games -1,0,
grade,550,Chris Palmer,E Grade,2,2,0,2,2,0,1,1,0,1,1,0,0,1,1,1,1,0,1/27,1/27,0,catches_rule,catches_rule: catches +1,0,
grade,550,Chris Palmer,F Grade,2,2,0,2,2,0,1,1,0,2,2,0,0,2,2,1,1,0,2/28,2/28,0,catches_rule,catches_rule: catches +2,0,
grade,551,Anthony Roig,E Grade,4,4,0,1,1,0,1,1,0,0,0,0,0,1,1,1,1,0,,,0,catches_rule,catches_rule: catches +1,0,
grade,555,Shawn Pretorius,B Grade,0,1,1,0,1,1,0,8,8,0,0,0,0,2,2,,8,1,,,0,catches_rule; unexplained,catches_rule: catches +2 | unexplained: games +1 innings +1 runs +8,0,
grade,555,Shawn Pretorius,E Grade,2,2,0,2,2,0,48,48,0,0,0,0,0,1,1,39,39,0,,,0,catches_rule,catches_rule: catches +1,0,
grade,559,Jeremy Threadgate,D Grade,3,3,0,3,3,0,22,22,0,4,4,0,0,1,1,14,14,0,2/9,2/9,0,catches_rule,catches_rule: catches +1,0,
grade,560,Louis Hedley,D Grade,1,1,0,0,0,0,0,0,0,2,2,0,0,1,1,,,0,2/19,2/19,0,catches_rule,catches_rule: catches +1,0,
grade,564,Ryan Jessen,D Grade,2,2,0,2,2,0,13,13,0,1,1,0,0,3,3,11,11,0,1/27,1/27,0,catches_rule,catches_rule: catches +3,0,
grade,567,Mattheau Clune,F Grade,3,4,1,2,2,0,5,5,0,0,0,0,0,0,0,5,5,0,,,0,games_rule,games_rule: games +1,0,
grade,571,Adam Corak,A Grade,0,1,1,0,0,0,0,0,0,0,0,0,0,0,0,,,0,,,0,games_rule,games_rule: games +1,0,
grade,572,Jazz Jones,Female A Grade,1,0,-1,0,0,0,0,0,0,0,0,0,0,0,0,0,0,0,,,0,unlinked_identity,unlinked_identity: games -1,0,
grade,575,Lee Van Haeften,B Grade,3,4,1,3,3,0,5,5,0,0,0,0,0,1,1,4,4,0,,,0,games_rule; catches_rule,games_rule: games +1 | catches_rule: catches +1,0,
grade,575,Lee Van Haeften,C Grade,3,4,1,3,3,0,7,7,0,0,0,0,0,1,1,5,5,0,,,0,games_rule; catches_rule,games_rule: games +1 | catches_rule: catches +1,0,
grade,575,Lee Van Haeften,D Grade,2,2,0,2,2,0,50,50,0,0,0,0,0,2,2,32,32,0,,,0,catches_rule,catches_rule: catches +2,0,
grade,582,Dominik Singh,E Grade,1,1,0,1,1,0,0,0,0,0,0,0,0,1,1,0,0,0,,,0,catches_rule,catches_rule: catches +1,0,
grade,582,Dominik Singh,F Grade,1,1,0,1,1,0,23,23,0,0,0,0,0,1,1,23,23,0,,,0,catches_rule,catches_rule: catches +1,0,
grade,585,Shaun Spiers,B Grade,3,3,0,2,2,0,3,3,0,4,4,0,0,2,2,2,2,0,3/7,3/7,0,catches_rule,catches_rule: catches +2,0,
grade,585,Shaun Spiers,C Grade,1,2,1,0,0,0,0,0,0,0,0,0,0,0,0,,,0,,,0,games_rule,games_rule: games +1,0,
grade,586,Zac Rush,F Grade,2,3,1,2,2,0,16,16,0,2,2,0,0,0,0,16*,16*,0,1/14,1/14,0,games_rule,games_rule: games +1,0,
grade,593,Michael Doherty,F Grade,1,2,1,1,1,0,7,7,0,0,0,0,0,0,0,7,7,0,,,0,games_rule,games_rule: games +1,0,
grade,596,Jack Wood,F Grade,2,3,1,2,2,0,7,7,0,0,0,0,0,0,0,6,6,0,,,0,games_rule,games_rule: games +1,0,
grade,597,Joe Marzoli,D Grade,2,2,0,1,1,0,5,5,0,0,0,0,0,1,1,5,5,0,,,0,catches_rule,catches_rule: catches +1,0,
grade,691,Clinton Hinchliffe,PPL,1,2,1,1,1,0,2,2,0,1,1,0,0,0,0,2,2,0,1/18,1/18,0,games_rule,games_rule: games +1,0,
grade,692,Jackson Merrett,A Grade,0,1,1,0,0,0,0,0,0,0,0,0,0,0,0,,,0,,,0,games_rule,games_rule: games +1,0,
grade,692,Jackson Merrett,B Grade,1,2,1,1,1,0,1,1,0,1,1,0,1,1,0,1,1,0,1/27,1/27,0,games_rule,games_rule: games +1,0,
grade,698,Mark Chaplehow,E Grade,1,2,1,0,0,0,0,0,0,0,0,0,0,1,1,,,0,,,0,games_rule; catches_rule,games_rule: games +1 | catches_rule: catches +1,0,
grade,699,Reece Dillon,D Grade,1,1,0,0,0,0,0,0,0,0,0,0,0,1,1,,,0,,,0,catches_rule,catches_rule: catches +1,0,
grade,710,Ashton Lloyd,D Grade,1,1,0,1,1,0,33,33,0,3,3,0,0,2,2,33,33,0,3/47,3/47,0,catches_rule,catches_rule: catches +2,0,
grade,712,W Hancock,B Grade,7,7,0,7,7,0,95,95,0,0,0,0,0,3,3,33,33,0,,,0,catches_rule,catches_rule: catches +3,0,
grade,712,W Hancock,C Grade,3,3,0,3,3,0,61,61,0,0,0,0,0,2,2,52*,52*,0,,,0,catches_rule,catches_rule: catches +2,0,
grade,713,Wade Hall,A Grade,4,5,1,4,4,0,104,104,0,0,0,0,0,0,0,74,74,0,,,0,games_rule,games_rule: games +1,0,
grade,713,Wade Hall,B Grade,10,10,0,10,10,0,476,476,0,3,3,0,0,4,4,98*,98*,0,2/9,2/9,0,catches_rule,catches_rule: catches +4,0,
grade,713,Wade Hall,D Grade,1,1,0,1,1,0,22,22,0,1,1,0,0,2,2,22,22,0,1/34,1/34,0,catches_rule,catches_rule: catches +2,0,
grade,714,M Hancock,B Grade,8,8,0,8,8,0,77,77,0,2,2,0,0,1,1,31,31,0,1/16,1/16,0,catches_rule,catches_rule: catches +1,0,
grade,714,M Hancock,C Grade,8,9,1,6,6,0,17,17,0,4,4,0,0,6,6,8*,8*,0,2/43,2/43,0,games_rule; catches_rule,games_rule: games +1 | catches_rule: catches +6,0,
grade,717,Gary Porter,B Grade,9,9,0,9,9,0,193,193,0,0,0,0,0,1,1,94,94,0,,,0,catches_rule,catches_rule: catches +1,0,
grade,723,Michael Harrison,B Grade,4,4,0,3,3,0,33,33,0,1,1,0,0,4,4,16*,16*,0,1/21,1/21,0,catches_rule,catches_rule: catches +4,0,
grade,742,Christo Pretorius,E Grade,1,1,0,1,1,0,3,3,0,2,2,0,0,1,1,3*,3*,0,2/15,2/15,0,catches_rule,catches_rule: catches +1,0,
grade,743,T Asiata,D Grade,1,1,0,1,1,0,2,2,0,0,0,0,0,1,1,2,2,0,,,0,catches_rule,catches_rule: catches +1,0,
grade,750,Kyle Penny,F Grade,1,2,1,1,1,0,1,1,0,1,1,0,0,0,0,1,1,0,1/39,1/39,0,games_rule,games_rule: games +1,0,
grade,772,Tim Springett,D Grade,1,1,0,1,1,0,0,0,0,1,1,0,0,2,2,0,0,0,1/13,1/13,0,catches_rule,catches_rule: catches +2,0,
grade,775,Charlie Woodford,D Grade,1,1,0,0,0,0,0,0,0,3,3,0,0,1,1,,,0,3/35,3/35,0,catches_rule,catches_rule: catches +1,0,
grade,9001,Emma-Lee Hammond,Female A Grade,1,2,1,1,1,0,2,2,0,0,0,0,0,0,0,2,2,0,,,0,games_rule,games_rule: games +1,0,
grade,9007,Ashley Day,Female A Grade,3,4,1,1,1,0,7,7,0,1,1,0,0,0,0,7*,7*,0,1/60,1/60,0,games_rule,games_rule: games +1,0,
grade,9012,Mark Chapplehow,A Grade,44,44,0,42,42,0,618,618,0,13,13,0,0,8,8,58,58,0,3/12,3/12,0,catches_rule,catches_rule: catches +8,0,
grade,9012,Mark Chapplehow,B Grade,2,2,0,2,2,0,60,60,0,5,5,0,0,1,1,57,57,0,3/16,3/16,0,catches_rule,catches_rule: catches +1,0,
grade,9013,Adam Van Lierop,C Grade,5,5,0,3,3,0,2,2,0,0,0,0,0,2,2,1,1,0,,,0,catches_rule,catches_rule: catches +2,0,
grade,9015,Chris Horsley-Wyatt,C Grade,1,6,5,1,1,0,8,8,0,0,0,0,0,1,1,8,8,0,,,0,games_rule; catches_rule,games_rule: games +5 | catches_rule: catches +1,0,
grade,9016,Matthew Roper,C Grade,4,4,0,4,4,0,31,31,0,0,0,0,0,1,1,17,17,0,,,0,catches_rule,catches_rule: catches +1,0,
grade,9017,Trevor Harfield,C Grade,4,4,0,4,4,0,77,77,0,0,0,0,0,2,2,45,45,0,,,0,catches_rule,catches_rule: catches +2,0,
grade,9019,Damien Hilliard,C Grade,2,2,0,2,2,0,5,5,0,1,1,0,0,1,1,5,5,0,1/11,1/11,0,catches_rule,catches_rule: catches +1,0,
grade,9020,Shannon Spitty,A Grade,2,2,0,2,2,0,9,9,0,1,1,0,0,1,1,8,8,0,1/3,1/3,0,catches_rule,catches_rule: catches +1,0,
grade,9021,Chris Moody,B Grade,2,2,0,2,2,0,28,28,0,0,0,0,0,3,3,23,23,0,,,0,catches_rule,catches_rule: catches +3,0,
grade,9028,Nick Rostin,A Grade,0,7,7,0,2,2,0,4,4,0,6,6,0,0,0,,4*,1,,2/14,1,extra_central_match,extra_central_match: games +7 innings +2 runs +4 wickets +6,0,
grade,9029,Toby Bairstow,A Grade,0,7,7,0,7,7,0,179,179,0,0,0,0,0,0,,55,1,,,0,extra_central_match,extra_central_match: games +7 innings +7 runs +179,0,
grade,9030,Nathan Dovey,A Grade,0,5,5,0,5,5,0,149,149,0,0,0,0,5,5,,131,1,,,0,extra_central_match,extra_central_match: games +5 innings +5 runs +149 catches +5,0,
grade,9031,Tristan Clough,A Grade,0,2,2,0,1,1,0,1,1,0,0,0,0,1,1,,1*,1,,,0,extra_central_match,extra_central_match: games +2 innings +1 runs +1 catches +1,0,
grade,9032,Peter Moir,A Grade,0,1,1,0,0,0,0,0,0,0,0,0,0,1,1,,,0,,,0,extra_central_match,extra_central_match: games +1 catches +1,0,
grade,9033,Brad Holmes,A Grade,0,1,1,0,1,1,0,1,1,0,0,0,0,0,0,,1*,1,,,0,extra_central_match,extra_central_match: games +1 innings +1 runs +1,0,
grade,9034,Perry Allen,A Grade,0,1,1,0,1,1,0,0,0,0,2,2,0,0,0,,0,1,,2/6,1,extra_central_match,extra_central_match: games +1 innings +1 wickets +2,0,
grade,9035,Jake Withers,A Grade,0,1,1,0,1,1,0,0,0,0,0,0,0,2,2,,0,1,,,0,extra_central_match,extra_central_match: games +1 innings +1 catches +2,0,
grade,9036,Michael Sprott,A Grade,0,1,1,0,1,1,0,0,0,0,0,0,0,0,0,,0,1,,,0,extra_central_match,extra_central_match: games +1 innings +1,0,
grade,9037,Gary Hocking,A Grade,0,1,1,0,1,1,0,12,12,0,2,2,0,0,0,,12*,1,,2/12,1,extra_central_match,extra_central_match: games +1 innings +1 runs +12 wickets +2,0,
grade,9038,Josh McGee,A Grade,0,1,1,0,1,1,0,1,1,0,0,0,0,0,0,,1,1,,,0,extra_central_match,extra_central_match: games +1 innings +1 runs +1,0,
grade,9039,Chris King,A Grade,0,1,1,0,0,0,0,0,0,0,1,1,0,1,1,,,0,,1/13,1,extra_central_match,extra_central_match: games +1 wickets +1 catches +1,0,
grade,9040,Adam Clues,A Grade,0,1,1,0,0,0,0,0,0,0,0,0,0,0,0,,,0,,,0,extra_central_match,extra_central_match: games +1,0,
grade,9041,Jason Sparrow,A Grade,0,3,3,0,0,0,0,0,0,0,2,2,0,1,1,,,0,,1/14,1,extra_central_match,extra_central_match: games +3 wickets +2 catches +1,0,
grade,9041,Jason Sparrow,B Grade,0,10,10,0,4,4,0,4,4,0,18,18,0,4,4,,2*,1,,4/29,1,extra_central_match; games_rule,extra_central_match: games +9 innings +4 runs +4 wickets +18 catches +4 | games_rule: games +1,0,
